{"type": "FeatureCollection", "features": [{"type": "Feature", "properties": {"OBJECTID": 352, "state": "ODISHA", "district": "Cuttack", "stcode11": "21", "dtcode11": "381", "blkcode11": "0129", "block_name": "MAHANGA", "code2011": "213810129", "block_lgd": 3339, "block_ver": 1, "dist_lgd": 350, "b_pan_code": 3702, "state_lgd": 21, "shape_Length": 105640.1421179557, "shape_Area": 232347462.5765133}, "geometry": {"type": "Polygon", "coordinates": [[[86.1905984, 20.653293], [86.1909363, 20.6556302], [86.190369, 20.6567343], [86.1895825, 20.6575077], [86.1886391, 20.6580048], [86.1884255, 20.658023], [86.1883572, 20.6580288], [86.1875211, 20.6581002], [86.187285, 20.6581204], [86.1853683, 20.6575149], [86.1843307, 20.6567648], [86.184077, 20.6565728], [86.1830686, 20.65581], [86.1829348, 20.655701], [86.1828496, 20.6552656], [86.1827479, 20.6547468], [86.1821905, 20.6534092], [86.1819518, 20.6528365], [86.1806179, 20.650987], [86.178965, 20.6522306], [86.1788137, 20.6526952], [86.1789634, 20.6534007], [86.1800154, 20.6550275], [86.1803575, 20.6557023], [86.1803579, 20.6565155], [86.1800152, 20.6568707], [86.1796024, 20.6568734], [86.1792601, 20.6566731], [86.1788704, 20.6564451], [86.1784918, 20.6557166], [86.1781149, 20.6549914], [86.1776165, 20.6545859], [86.1770255, 20.6541052], [86.1757641, 20.6534122], [86.1750346, 20.6530115], [86.1744555, 20.652349], [86.1739758, 20.6518002], [86.1735449, 20.6507004], [86.1736602, 20.6497838], [86.1742349, 20.6479696], [86.174256, 20.6479028], [86.1744269, 20.647348], [86.1751058, 20.6451692], [86.1739764, 20.6445675], [86.1713402, 20.6439314], [86.1701741, 20.6439123], [86.1692335, 20.6438987], [86.165262, 20.6434684], [86.1650563, 20.6441598], [86.1648514, 20.6448488], [86.1647855, 20.645481], [86.1644832, 20.6485617], [86.1643992, 20.6494185], [86.1612741, 20.6495525], [86.1611896, 20.6495566], [86.161106, 20.6495607], [86.160447, 20.6494016], [86.1597879, 20.6492425], [86.1583623, 20.6486778], [86.1571861, 20.6482119], [86.1569241, 20.6481082], [86.1564263, 20.6472054], [86.1554604, 20.6454537], [86.1546792, 20.6452566], [86.1518568, 20.6445446], [86.1517894, 20.6445276], [86.1499069, 20.6438587], [86.1466187, 20.6428757], [86.1462656, 20.6427702], [86.1462073, 20.642753], [86.144785, 20.6423337], [86.1450475, 20.640031], [86.1444092, 20.6400323], [86.143093, 20.6402426], [86.1425493, 20.6401513], [86.1424552, 20.6401356], [86.1419066, 20.639568], [86.1414958, 20.6383599], [86.1412867, 20.6376187], [86.141077, 20.6368759], [86.1409631, 20.6363729], [86.1408241, 20.635759], [86.1406425, 20.6349536], [86.1406035, 20.6347807], [86.140459, 20.6341398], [86.1386105, 20.6335851], [86.1363866, 20.6329178], [86.1361911, 20.6328604], [86.1359796, 20.6327983], [86.1340235, 20.6324451], [86.1331412, 20.6323052], [86.1320001, 20.6321323], [86.1310892, 20.6319832], [86.1306007, 20.6318044], [86.1299823, 20.6311257], [86.1296303, 20.6307395], [86.1281113, 20.6290724], [86.1262746, 20.6271612], [86.1256298, 20.6274832], [86.1249225, 20.6271011], [86.1247687, 20.627018], [86.1234437, 20.6262749], [86.1232224, 20.6261103], [86.1224162, 20.6255107], [86.1219432, 20.6251606], [86.1212251, 20.6232052], [86.1208535, 20.6218976], [86.1197896, 20.6208262], [86.1184408, 20.6192291], [86.1174808, 20.6159263], [86.1171779, 20.6143616], [86.1171583, 20.6142099], [86.1170998, 20.6137604], [86.1159379, 20.6135217], [86.1157244, 20.6134778], [86.1152351, 20.6142974], [86.1148596, 20.6153301], [86.1111711, 20.6150808], [86.1078375, 20.6173676], [86.1076946, 20.6174667], [86.1075531, 20.6175649], [86.1067371, 20.6151528], [86.1061751, 20.614409], [86.1061733, 20.6144092], [86.1056086, 20.6144693], [86.1047841, 20.6151517], [86.1042156, 20.6155418], [86.1031245, 20.6142216], [86.1000732, 20.614156], [86.0999612, 20.6152531], [86.0999146, 20.615348], [86.0996349, 20.6159169], [86.0992812, 20.6166366], [86.0989049, 20.616996], [86.0972808, 20.6173851], [86.0971684, 20.6174045], [86.096469, 20.6175255], [86.0963786, 20.6175413], [86.0957582, 20.6176499], [86.0956428, 20.6176702], [86.0931971, 20.6174225], [86.0925581, 20.6175591], [86.092332, 20.6177186], [86.0918016, 20.6180927], [86.0911281, 20.6182036], [86.0908691, 20.6182462], [86.0900724, 20.6183774], [86.0885632, 20.6179899], [86.0877842, 20.6175625], [86.0869419, 20.6171004], [86.0850021, 20.6156761], [86.083236, 20.6141533], [86.0815479, 20.6124484], [86.0811946, 20.6120915], [86.0809395, 20.6114216], [86.0807338, 20.6089358], [86.0805561, 20.6080224], [86.0803543, 20.6069848], [86.0802869, 20.6066385], [86.0809214, 20.6056435], [86.0809879, 20.605532], [86.0814934, 20.6046843], [86.081954, 20.6040478], [86.0819819, 20.6040092], [86.0819818, 20.6037855], [86.0819815, 20.6032999], [86.0816418, 20.6024813], [86.0813056, 20.6016711], [86.0813051, 20.6016699], [86.0813049, 20.6016695], [86.0823852, 20.6010169], [86.0831482, 20.5993728], [86.0829956, 20.5992774], [86.0826219, 20.5979328], [86.0816529, 20.5958613], [86.0814241, 20.5950126], [86.0816071, 20.5936679], [86.0816225, 20.5935287], [86.0818971, 20.5925502], [86.0825455, 20.5914897], [86.0827363, 20.5913925], [86.0830185, 20.590969], [86.0837433, 20.5903586], [86.0852998, 20.5894202], [86.0878481, 20.5882797], [86.0890077, 20.5876447], [86.0891451, 20.5874862], [86.0896333, 20.5870877], [86.0903962, 20.5864716], [86.0913806, 20.5857125], [86.0914568, 20.5855522], [86.0917392, 20.5849877], [86.0933184, 20.5846367], [86.0947299, 20.5845757], [86.0976444, 20.5834066], [86.098598, 20.5829774], [86.0988193, 20.5828687], [86.0990481, 20.5827576], [86.0998798, 20.5823537], [86.1031224, 20.5784247], [86.1031339, 20.578385], [86.1032903, 20.5778372], [86.1032064, 20.577387], [86.1025955, 20.5762046], [86.102558, 20.5761319], [86.1024281, 20.575886], [86.102329, 20.5756017], [86.1020086, 20.5751344], [86.101612, 20.574772], [86.1001937, 20.5740613], [86.0999182, 20.5739233], [86.0994375, 20.5738317], [86.0991167, 20.5736982], [86.099053, 20.5736717], [86.0981406, 20.5732919], [86.0979727, 20.5732099], [86.0978655, 20.5731564], [86.097614, 20.5730306], [86.0969733, 20.5724106], [86.0968587, 20.5719739], [86.0970571, 20.5716554], [86.0972173, 20.5713903], [86.0976904, 20.5709268], [86.0982702, 20.5705262], [86.0988118, 20.5700112], [86.0994758, 20.5694504], [86.1006125, 20.5689814], [86.101406, 20.5683768], [86.1022375, 20.56794], [86.1024768, 20.5672713], [86.1024894, 20.5672361], [86.1025503, 20.5665209], [86.1023853, 20.5657423], [86.1023826, 20.5657294], [86.1020659, 20.5651061], [86.102024, 20.5650237], [86.1019173, 20.5648081], [86.1018444, 20.564723], [86.1013068, 20.5640966], [86.101055, 20.5635225], [86.100933, 20.5628473], [86.1009712, 20.5627348], [86.1010933, 20.5624162], [86.1018867, 20.5618097], [86.102436, 20.5610753], [86.1026344, 20.5603124], [86.1022148, 20.5595037], [86.1019174, 20.5588692], [86.101757, 20.5585272], [86.1014798, 20.5581901], [86.1013679, 20.5580542], [86.1012695, 20.5578681], [86.1012459, 20.5578233], [86.1010552, 20.5574762], [86.1010094, 20.5566942], [86.1013909, 20.5558359], [86.1018105, 20.555258], [86.1023674, 20.5545237], [86.1029015, 20.5540086], [86.1038857, 20.5532496], [86.1046259, 20.5525286], [86.1051065, 20.5519545], [86.1052744, 20.5514681], [86.1052209, 20.5507414], [86.10516, 20.5500318], [86.1060833, 20.549311], [86.1069377, 20.5492633], [86.1083568, 20.5498126], [86.108906, 20.5500796], [86.1101115, 20.5506671], [86.1112329, 20.5510849], [86.1123392, 20.5517219], [86.1132471, 20.5524562], [86.1148189, 20.5535683], [86.1157725, 20.5542549], [86.1162836, 20.5544418], [86.1167185, 20.554602], [86.117634, 20.5545602], [86.1185725, 20.554354], [86.1195948, 20.5538754], [86.1204798, 20.5534977], [86.1214411, 20.5530171], [86.122082, 20.5527311], [86.122784, 20.5523972], [86.123524, 20.55234], [86.1239131, 20.5525232], [86.1242259, 20.55267], [86.1250193, 20.5533413], [86.125683, 20.5540567], [86.1260646, 20.5546403], [86.1264843, 20.5546709], [86.1270183, 20.5544973], [86.1271785, 20.5544458], [86.127827, 20.554051], [86.1284907, 20.5534349], [86.1288495, 20.5528531], [86.1292919, 20.5519987], [86.1296048, 20.5513007], [86.1298642, 20.5504328], [86.1302685, 20.5500742], [86.1312376, 20.5494829], [86.1320538, 20.5492121], [86.1329846, 20.5490595], [86.1334042, 20.5493685], [86.1339002, 20.5497385], [86.1342511, 20.5498759], [86.1353039, 20.5497329], [86.1360516, 20.5495668], [86.1370588, 20.5493094], [86.1385084, 20.5494201], [86.1395306, 20.5496623], [86.1402402, 20.5498835], [86.1408963, 20.5503223], [86.1409879, 20.5503833], [86.1416593, 20.5510566], [86.1419416, 20.5513408], [86.1422925, 20.5528648], [86.1422848, 20.5542514], [86.1422695, 20.5557468], [86.1426586, 20.5568855], [86.1430095, 20.5576866], [86.1433911, 20.5581825], [86.143742, 20.5583522], [86.14436, 20.5582875], [86.1454434, 20.5578698], [86.1463056, 20.5570496], [86.1477169, 20.5556573], [86.1482969, 20.5551404], [86.1485791, 20.5548905], [86.1493117, 20.5542782], [86.1503416, 20.5536927], [86.150868, 20.553233], [86.1516156, 20.5524015], [86.152081, 20.5513829], [86.1524168, 20.5503548], [86.1525542, 20.5495347], [86.1526304, 20.5487069], [86.1532866, 20.5475377], [86.1535994, 20.547347], [86.1540038, 20.5470971], [86.1542556, 20.5469446], [86.1554381, 20.5467004], [86.1561476, 20.5463114], [86.1567427, 20.5457468], [86.1573684, 20.5449629], [86.1575897, 20.5446672], [86.1582001, 20.5438604], [86.1589554, 20.5429754], [86.1602142, 20.5418501], [86.1610078, 20.5411883], [86.161992, 20.5405894], [86.1632737, 20.5398074], [86.1646241, 20.5390235], [86.166417, 20.5381594], [86.1677521, 20.537595], [86.1690721, 20.537141], [86.1699037, 20.5367042], [86.1702623, 20.5361778], [86.170621, 20.5355407], [86.1705752, 20.5350696], [86.1705294, 20.5345355], [86.1702089, 20.5334025], [86.1701632, 20.5332882], [86.1698581, 20.5325443], [86.1695757, 20.531581], [86.1694689, 20.5307953], [86.1696139, 20.5298645], [86.1699343, 20.5290023], [86.1699878, 20.5283977], [86.1699496, 20.5278731], [86.1702014, 20.5274155], [86.1703236, 20.5267593], [86.170171, 20.5257503], [86.1701022, 20.5251342], [86.1701633, 20.5244742], [86.170377, 20.5241023], [86.170766, 20.5239098], [86.1713078, 20.5239517], [86.1719791, 20.5243026], [86.1720173, 20.5244533], [86.1724522, 20.5248691], [86.1728336, 20.5253403], [86.1731922, 20.5254241], [86.1739323, 20.525369], [86.174619, 20.5250351], [86.1748249, 20.5249378], [86.1757405, 20.5242855], [86.1765416, 20.523515], [86.1780294, 20.5225746], [86.1801427, 20.5215161], [86.1817679, 20.5204194], [86.1826071, 20.5199274], [86.1833929, 20.519378], [86.1839879, 20.5188689], [86.1846518, 20.5183099], [86.1852622, 20.5176347], [86.1858191, 20.516847], [86.1862159, 20.515878], [86.1865745, 20.5145754], [86.1866432, 20.5143445], [86.1866542, 20.5143079], [86.1868338, 20.5137094], [86.1871696, 20.5134023], [86.1879097, 20.5133471], [86.1882453, 20.5136484], [86.1888557, 20.51436], [86.1892371, 20.5148882], [86.1897788, 20.5149302], [86.1909309, 20.5143523], [86.1917778, 20.5137514], [86.1927315, 20.5133243], [86.1936242, 20.5128932], [86.1938988, 20.5125823], [86.1936089, 20.5123839], [86.1934411, 20.5122695], [86.1924644, 20.5115865], [86.191404, 20.5104536], [86.1911141, 20.509601], [86.1910911, 20.5085463], [86.1913582, 20.5076231], [86.1920602, 20.5066237], [86.1922357, 20.5060267], [86.1920297, 20.505569], [86.1915872, 20.5050921], [86.1914762, 20.5049697], [86.190664, 20.5045218], [86.1900918, 20.5040907], [86.189691, 20.503515], [86.1895655, 20.5031942], [86.1894661, 20.5029348], [86.1896341, 20.5023951], [86.1900004, 20.5017561], [86.1902674, 20.5014834], [86.1903665, 20.5011935], [86.1904275, 20.5010562], [86.190519, 20.5008692], [86.1907937, 20.5005526], [86.1915873, 20.4993452], [86.1921443, 20.498714], [86.1927546, 20.4981417], [86.193365, 20.4977412], [86.1940898, 20.4976878], [86.1947535, 20.4979796], [86.1952953, 20.498445], [86.1961344, 20.499084], [86.1966837, 20.4992595], [86.1978968, 20.4990363], [86.1989878, 20.4986969], [86.2000407, 20.49826], [86.2013281, 20.4974716], [86.2018879, 20.4969313], [86.2023632, 20.4961532], [86.2023448, 20.4955803], [86.2023525, 20.4949089], [86.2027264, 20.4942204], [86.2043668, 20.4940564], [86.2074644, 20.4929215], [86.2081966, 20.4920594], [86.2091123, 20.4913156], [86.2101499, 20.4906289], [86.2108824, 20.4901711], [86.2114927, 20.489887], [86.2121641, 20.4892576], [86.2129574, 20.488857], [86.2138044, 20.488632], [86.2145292, 20.4885423], [86.2147123, 20.4885214], [86.2155591, 20.4888723], [86.2162229, 20.489395], [86.2172987, 20.490671], [86.2197553, 20.4930914], [86.219946, 20.4932822], [86.2212126, 20.4943274], [86.2221662, 20.4953707], [86.2231122, 20.4972438], [86.2234783, 20.4979744], [86.2241345, 20.4993038], [86.2246152, 20.5000572], [86.2255232, 20.4998894], [86.226492, 20.5000686], [86.2269574, 20.5009327], [86.2270413, 20.5010109], [86.2271252, 20.5010776], [86.2272092, 20.5011463], [86.227316, 20.5012283], [86.2274152, 20.5012799], [86.2281399, 20.501995], [86.2288952, 20.5023843], [86.2291699, 20.5025062], [86.2299557, 20.5028534], [86.2310621, 20.5033817], [86.2321912, 20.5037977], [86.2328473, 20.5039598], [86.2335949, 20.5044594], [86.2340756, 20.5051613], [86.2346784, 20.5066453], [86.235243, 20.5078527], [86.2356548, 20.5087147], [86.2358609, 20.5090619], [86.2362117, 20.5092545], [86.2373182, 20.5091727], [86.238432, 20.5090352], [86.2389432, 20.508978], [86.2396069, 20.5089036], [86.2402402, 20.5086195], [86.2405988, 20.5079824], [86.2400723, 20.5064471], [86.2395383, 20.5055753], [86.2390883, 20.5044348], [86.238516, 20.5033381], [86.238104, 20.5024759], [86.237898, 20.5020715], [86.2381041, 20.5018101], [86.2388441, 20.5017568], [86.2394088, 20.5015775], [86.2396757, 20.5014173], [86.2397368, 20.5012724], [86.2397749, 20.5011675], [86.2398207, 20.5009596], [86.2398817, 20.5008376], [86.2399962, 20.5007193], [86.24037, 20.5003207], [86.2422468, 20.5005628], [86.2438796, 20.5006868], [86.2451537, 20.5005801], [86.2463667, 20.5002978], [86.246878, 20.5000156], [86.2469255, 20.4999283], [86.2470992, 20.4996093], [86.2473815, 20.4994338], [86.247641, 20.4994757], [86.2477858, 20.4995444], [86.2478774, 20.4996206], [86.2479976, 20.4997825], [86.24803, 20.4998534], [86.2481291, 20.5000785], [86.2482055, 20.5002311], [86.2483122, 20.5004276], [86.2486479, 20.5006087], [86.2491744, 20.5007423], [86.2498152, 20.5007022], [86.2501662, 20.5005362], [86.2505324, 20.5001949], [86.2509598, 20.4995024], [86.2512725, 20.4989246], [86.2513946, 20.4987529], [86.2516845, 20.4986633], [86.2521499, 20.4986575], [86.2526229, 20.4986137], [86.2530959, 20.4983333], [86.2532868, 20.4978699], [86.2535308, 20.4973492], [86.2535462, 20.4969963], [86.2535614, 20.4965843], [86.2537369, 20.4963555], [86.253859, 20.496302], [86.2540879, 20.4964851], [86.254248, 20.4967826], [86.2543624, 20.4969619], [86.254538, 20.4969677], [86.2547134, 20.4969143], [86.2548965, 20.4965671], [86.2550262, 20.496161], [86.2553925, 20.4958176], [86.2559724, 20.4958958], [86.25643, 20.4960254], [86.256781, 20.4959187], [86.2571396, 20.4957547], [86.2573838, 20.4952912], [86.2575821, 20.4947686], [86.2577653, 20.4943051], [86.2580704, 20.4940799], [86.2585434, 20.4937996], [86.2592072, 20.4937711], [86.2593598, 20.4937653], [86.2600465, 20.49408], [86.2603746, 20.494391], [86.2605577, 20.4945644], [86.2612749, 20.4957032], [86.2615418, 20.4964739], [86.2618088, 20.4971872], [86.2621446, 20.4978433], [86.2624726, 20.4983811], [86.2628693, 20.4987455], [86.2633348, 20.4987607], [86.2636399, 20.4984746], [86.2640747, 20.4976068], [86.2641512, 20.4970231], [86.2642274, 20.4963212], [86.2642503, 20.4956747], [86.2640443, 20.4949651], [86.263823, 20.4943701], [86.2637315, 20.4937214], [86.2637391, 20.4934277], [86.2638612, 20.4931969], [86.2639075, 20.4931628], [86.2641664, 20.4929719], [86.2646318, 20.4928098], [86.2653947, 20.4927736], [86.2660357, 20.4927335], [86.2665621, 20.4927507], [86.2667452, 20.4924035], [86.2669674, 20.4919254], [86.2667736, 20.4914021], [86.2663848, 20.4903527], [86.2663324, 20.4902113], [86.2663124, 20.4901739], [86.2681855, 20.4890978], [86.2691239, 20.489087], [86.2704774, 20.4890713], [86.2710449, 20.4897061], [86.2711624, 20.4902036], [86.2716658, 20.4902283], [86.2725535, 20.4910994], [86.2738586, 20.4908609], [86.2743964, 20.4927561], [86.2743916, 20.4937546], [86.2746293, 20.4942073], [86.275498, 20.4940212], [86.2760773, 20.4952299], [86.2765857, 20.4951778], [86.2774479, 20.4963922], [86.2768172, 20.4968925], [86.2754587, 20.4979704], [86.2754313, 20.497992], [86.2746654, 20.4987569], [86.2737232, 20.4994101], [86.272871, 20.5000009], [86.2727712, 20.5008361], [86.2726162, 20.5011609], [86.2718466, 20.5026937], [86.2714488, 20.503276], [86.2710741, 20.5038244], [86.2709005, 20.504036], [86.270673, 20.5043434], [86.2705771, 20.5044729], [86.2699467, 20.5049582], [86.2688742, 20.5056223], [86.2687397, 20.505685], [86.2684866, 20.5064429], [86.2682424, 20.5073951], [86.2682002, 20.5082036], [86.2686363, 20.5083312], [86.2692967, 20.5085245], [86.2704406, 20.5089947], [86.2709951, 20.5091312], [86.2716906, 20.5093027], [86.2722165, 20.5096617], [86.2718386, 20.5104824], [86.272735, 20.5125688], [86.2729736, 20.5148649], [86.2730581, 20.5152492], [86.2734829, 20.5156712], [86.2740085, 20.5160619], [86.2751069, 20.5170152], [86.2756896, 20.5175327], [86.275995, 20.5178547], [86.2761553, 20.5181764], [86.276356, 20.5185791], [86.2762932, 20.5186602], [86.2750767, 20.5193734], [86.2744896, 20.5198137], [86.2753335, 20.5208292], [86.2739165, 20.5213337], [86.2720239, 20.5220126], [86.2710171, 20.5223979], [86.2702606, 20.5226873], [86.2694322, 20.5229369], [86.2686037, 20.5231864], [86.2677103, 20.5235079], [86.2671762, 20.523867], [86.2641737, 20.5259473], [86.264169, 20.5259506], [86.2631191, 20.5268676], [86.2620194, 20.5281642], [86.2618837, 20.5281863], [86.2611268, 20.5283095], [86.2607257, 20.5283513], [86.2606179, 20.5283626], [86.2600472, 20.5284223], [86.2595524, 20.5285964], [86.2590555, 20.5292132], [86.258857, 20.5295274], [86.2582388, 20.5305063], [86.2578248, 20.5312238], [86.2574456, 20.5318809], [86.2560553, 20.5327693], [86.2554373, 20.5316509], [86.2545662, 20.5302737], [86.2542732, 20.5294051], [86.2523867, 20.5287735], [86.250849, 20.5283828], [86.2500011, 20.5291924], [86.2491743, 20.5299939], [86.2485025, 20.5306451], [86.2485636, 20.5312573], [86.2488409, 20.5340349], [86.2478798, 20.5373467], [86.2484467, 20.5385984], [86.2485441, 20.5388134], [86.2493292, 20.5391286], [86.2496832, 20.5393018], [86.249725, 20.5397749], [86.2497287, 20.539817], [86.2496732, 20.5403634], [86.2486181, 20.5403588], [86.2485189, 20.5410451], [86.2489775, 20.541395], [86.2498957, 20.5419727], [86.2510916, 20.5426104], [86.2538561, 20.5441809], [86.2561043, 20.545442], [86.2568731, 20.5461546], [86.2578513, 20.5472024], [86.2582286, 20.5476286], [86.2584857, 20.5479189], [86.2592652, 20.5474163], [86.2616308, 20.5482125], [86.2621122, 20.5488424], [86.2629919, 20.550441], [86.2629235, 20.5516876], [86.2629742, 20.5516903], [86.2638682, 20.5517368], [86.2647666, 20.5534167], [86.2657721, 20.554808], [86.2660384, 20.5552925], [86.2663047, 20.555777], [86.2666724, 20.5561309], [86.2675623, 20.5566046], [86.2681648, 20.5569956], [86.2691445, 20.5577679], [86.27052, 20.5590024], [86.2682185, 20.5608089], [86.2675694, 20.5601284], [86.2670014, 20.5595433], [86.2667615, 20.5595648], [86.2665887, 20.5595889], [86.2664159, 20.5596131], [86.2663477, 20.5596213], [86.2659119, 20.5596741], [86.2657787, 20.5624701], [86.2638044, 20.5620505], [86.2630512, 20.5620835], [86.261769, 20.5623717], [86.2605836, 20.5625021], [86.2602391, 20.5624531], [86.2598981, 20.5624044], [86.259141, 20.5622295], [86.2585428, 20.5619378], [86.2577778, 20.5614286], [86.2577562, 20.5614549], [86.2572277, 20.5620993], [86.2583126, 20.5629261], [86.2587711, 20.5633122], [86.2591052, 20.5637997], [86.2593238, 20.5641188], [86.2596628, 20.5644273], [86.2598122, 20.5644612], [86.2600079, 20.5645056], [86.2606318, 20.5644451], [86.2622984, 20.5640095], [86.2641325, 20.5636559], [86.2646844, 20.5639641], [86.2652327, 20.5642704], [86.265634, 20.5644086], [86.266229, 20.5646134], [86.2668136, 20.5647243], [86.2669475, 20.5646934], [86.2670826, 20.5646622], [86.2673562, 20.5644741], [86.2677227, 20.5642223], [86.2684828, 20.5638961], [86.2688906, 20.5637211], [86.2691622, 20.5636849], [86.269481, 20.5636424], [86.2701668, 20.563704], [86.2708858, 20.5638064], [86.2715236, 20.5638181], [86.2721705, 20.5639834], [86.2725672, 20.5642697], [86.2733409, 20.5650003], [86.2739649, 20.5659381], [86.2747876, 20.5674595], [86.2751707, 20.5684389], [86.2754938, 20.5692651], [86.2757721, 20.5701801], [86.2758529, 20.5704458], [86.2764335, 20.5721049], [86.2767142, 20.5729069], [86.2771425, 20.5746662], [86.2772467, 20.5749422], [86.2779901, 20.5770415], [86.2783959, 20.5784798], [86.2790329, 20.5797069], [86.2790366, 20.579712], [86.2797479, 20.5807128], [86.2800281, 20.5813149], [86.2787576, 20.5821725], [86.2785261, 20.58242], [86.2782167, 20.5829336], [86.277987, 20.5831823], [86.277855, 20.5833252], [86.2774144, 20.5834922], [86.2771004, 20.5836113], [86.2760344, 20.5838056], [86.2736022, 20.5838044], [86.2706631, 20.5834216], [86.2695116, 20.5834483], [86.2685365, 20.5836626], [86.2677971, 20.583825], [86.2672854, 20.5839897], [86.2664949, 20.5842443], [86.2663027, 20.5844824], [86.266157, 20.584663], [86.2656233, 20.5859347], [86.2655393, 20.5864358], [86.2655594, 20.5867522], [86.2655794, 20.5870685], [86.2655248, 20.5874703], [86.265434, 20.5876201], [86.2653362, 20.5877813], [86.2650275, 20.5881233], [86.2638636, 20.5887146], [86.262789, 20.5891487], [86.2621812, 20.5893942], [86.2600621, 20.5900719], [86.2600971, 20.5907813], [86.2600794, 20.591477], [86.2598357, 20.5922575], [86.2594724, 20.5932586], [86.2593495, 20.5935972], [86.2592579, 20.5939109], [86.2589201, 20.5950681], [86.2587678, 20.5955965], [86.2580906, 20.5979468], [86.2576318, 20.5995623], [86.2577357, 20.6008865], [86.2577491, 20.6010988], [86.2561486, 20.6016657], [86.2545084, 20.6023664], [86.2542638, 20.6024709], [86.2535801, 20.6029693], [86.2531214, 20.6035411], [86.252383, 20.6044279], [86.2519488, 20.6047098], [86.2517332, 20.6048497], [86.2508852, 20.6053284], [86.2507323, 20.6054147], [86.2502209, 20.6056291], [86.2499967, 20.6057231], [86.2495881, 20.6058976], [86.2478101, 20.6064455], [86.2477523, 20.6064634], [86.2456674, 20.6069919], [86.2442939, 20.6072208], [86.2436508, 20.6075432], [86.2425432, 20.6080986], [86.2394969, 20.6089075], [86.238963, 20.6091852], [86.238429, 20.609463], [86.23774, 20.6090714], [86.2372763, 20.6089889], [86.2359182, 20.6087471], [86.235101, 20.6087708], [86.2336147, 20.6088138], [86.2309266, 20.6089402], [86.230807, 20.6089459], [86.2305153, 20.6089499], [86.2285709, 20.6089766], [86.2253414, 20.6090479], [86.2250794, 20.6090509], [86.2222078, 20.6090836], [86.2220868, 20.6083648], [86.2207043, 20.6089313], [86.2200913, 20.6091825], [86.2196842, 20.6094255], [86.2169966, 20.6110298], [86.2155581, 20.6117777], [86.2155641, 20.6124689], [86.2155702, 20.6131602], [86.2150144, 20.6139392], [86.2141296, 20.6152408], [86.2133781, 20.6158292], [86.2130553, 20.6160807], [86.2108519, 20.6171865], [86.2089924, 20.6157956], [86.2085504, 20.6159247], [86.2099087, 20.6177063], [86.2081529, 20.6185431], [86.2080408, 20.6185928], [86.2057287, 20.6196207], [86.2053633, 20.6197817], [86.2064653, 20.6237985], [86.205955, 20.6241259], [86.2072235, 20.6247416], [86.2073053, 20.6256003], [86.2073654, 20.6269192], [86.207383, 20.6273039], [86.2062524, 20.6278363], [86.2039241, 20.629854], [86.2014973, 20.632332], [86.2010832, 20.6312137], [86.2008538, 20.6305943], [86.2006625, 20.6304579], [86.1988279, 20.630743], [86.1976715, 20.6310925], [86.1964871, 20.6314505], [86.1939317, 20.6327985], [86.193817, 20.6323804], [86.1933854, 20.6308081], [86.1928445, 20.629998], [86.1925047, 20.6294892], [86.1924369, 20.629385], [86.1922571, 20.6291087], [86.191715, 20.628503], [86.1914652, 20.6282239], [86.1896172, 20.6274066], [86.1888665, 20.6268745], [86.1885263, 20.6258836], [86.1885316, 20.6258068], [86.1884304, 20.6255311], [86.1884086, 20.625472], [86.1877255, 20.6257759], [86.1875862, 20.6258069], [86.1871201, 20.6259222], [86.1857957, 20.6259069], [86.1849891, 20.6259753], [86.1839191, 20.6259568], [86.1835592, 20.6259597], [86.1835634, 20.6260636], [86.1837856, 20.6267106], [86.184485, 20.6287197], [86.1849702, 20.6304207], [86.1852365, 20.6317998], [86.1851622, 20.6322241], [86.1848254, 20.6324033], [86.1839955, 20.6323361], [86.18291, 20.6325116], [86.1824897, 20.6327229], [86.1817792, 20.6330801], [86.1812494, 20.6334344], [86.1807046, 20.6339107], [86.1805837, 20.6340174], [86.1801597, 20.6343915], [86.1790084, 20.6352038], [86.178421, 20.6353996], [86.1776189, 20.6356669], [86.1765292, 20.6357385], [86.1757937, 20.635525], [86.1750581, 20.6353114], [86.1746929, 20.6352935], [86.1743432, 20.6352764], [86.1740998, 20.6354898], [86.1738563, 20.6357032], [86.1732142, 20.6364139], [86.1724667, 20.6353126], [86.1705088, 20.6361661], [86.1683641, 20.6369825], [86.1668166, 20.6373681], [86.1655725, 20.6375834], [86.1643829, 20.6379238], [86.1642218, 20.6379699], [86.1636944, 20.6396389], [86.1647891, 20.6395313], [86.1656687, 20.6392869], [86.1665532, 20.6390383], [86.167423, 20.639711], [86.1699986, 20.6391046], [86.1728174, 20.6387884], [86.1794256, 20.6379343], [86.1808265, 20.6378407], [86.1812386, 20.6378131], [86.1821382, 20.6377529], [86.1823618, 20.6381065], [86.1822509, 20.6391043], [86.1816104, 20.6421869], [86.1818241, 20.6422657], [86.183421, 20.642855], [86.1853372, 20.6435326], [86.1859408, 20.6437434], [86.1863548, 20.6434968], [86.186476, 20.643276], [86.186694, 20.642893], [86.1877078, 20.6408739], [86.1889114, 20.6392442], [86.1900737, 20.6426965], [86.1901778, 20.6429998], [86.190289, 20.6446267], [86.190297, 20.6449565], [86.1903381, 20.6474388], [86.1903661, 20.6491266], [86.1904099, 20.6498858], [86.1905984, 20.653293]]]}}, {"type": "Feature", "properties": {"OBJECTID": 354, "state": "ODISHA", "district": "Cuttack", "stcode11": "21", "dtcode11": "381", "blkcode11": "0135", "block_name": "NIALI", "code2011": "213810135", "block_lgd": 3341, "block_ver": 1, "dist_lgd": 350, "b_pan_code": 3704, "state_lgd": 21, "shape_Length": 110453.66861033955, "shape_Area": 233732667.4411992}, "geometry": {"type": "Polygon", "coordinates": [[[86.045243, 20.2510481], [86.0449682, 20.2511225], [86.0448386, 20.2511492], [86.0444724, 20.2512197], [86.0442664, 20.2512655], [86.0440834, 20.2514276], [86.043923, 20.2515496], [86.043801, 20.2515535], [86.0436789, 20.2515973], [86.0431296, 20.2520074], [86.0425193, 20.2523488], [86.0420919, 20.2525187], [86.0416342, 20.2525644], [86.0413672, 20.2525128], [86.0410087, 20.2521618], [86.0407111, 20.2516984], [86.0406272, 20.2514866], [86.0405126, 20.2512387], [86.0405279, 20.2510633], [86.0405662, 20.2509259], [86.0406348, 20.2507084], [86.0406881, 20.2504338], [86.0405966, 20.2500695], [86.0406042, 20.2492075], [86.0406196, 20.2479447], [86.0407874, 20.2474546], [86.0406882, 20.2473115], [86.0412581, 20.2465492], [86.0414817, 20.2462224], [86.0417107, 20.2461022], [86.0428855, 20.2454805], [86.0459907, 20.243884], [86.0475167, 20.242856], [86.0486505, 20.2420664], [86.0486916, 20.2420378], [86.0489892, 20.2418279], [86.0496605, 20.2408534], [86.0502175, 20.2397623], [86.0505914, 20.2387304], [86.0511178, 20.2380172], [86.0512703, 20.2378131], [86.0524301, 20.2370139], [86.0538264, 20.2361575], [86.0552378, 20.2352439], [86.0563746, 20.2341758], [86.0565806, 20.2339851], [86.0570766, 20.2330677], [86.0575725, 20.2319767], [86.0577632, 20.2306567], [86.0582592, 20.2292205], [86.058633, 20.2281314], [86.0596859, 20.2264111], [86.0603573, 20.225381], [86.0610364, 20.2246925], [86.0617077, 20.224294], [86.0620739, 20.2237789], [86.0621503, 20.2234242], [86.0622036, 20.2231457], [86.0620816, 20.2224571], [86.061723, 20.2218811], [86.0610058, 20.221246], [86.060159, 20.2206679], [86.0593808, 20.2202426], [86.0592599, 20.2201756], [86.0588925, 20.2199718], [86.0580534, 20.2192776], [86.0576947, 20.2185298], [86.0578542, 20.21812], [86.0579084, 20.2179805], [86.0586104, 20.2174427], [86.0596479, 20.2171584], [86.0617689, 20.2168228], [86.0632948, 20.2163709], [86.0640272, 20.2159721], [86.0645155, 20.2155717], [86.064485, 20.2152816], [86.0644545, 20.2150528], [86.064218, 20.2144787], [86.0635618, 20.2132103], [86.0635161, 20.2115433], [86.063356, 20.209819], [86.063066, 20.2083809], [86.0628295, 20.2074024], [86.0625321, 20.2064258], [86.0623184, 20.2061932], [86.0621124, 20.2059643], [86.0616318, 20.2059051], [86.0611435, 20.2063038], [86.0607772, 20.2067043], [86.0602279, 20.2067596], [86.0600143, 20.20671], [86.0586029, 20.2057182], [86.0533157, 20.2002917], [86.0532013, 20.2001849], [86.0534455, 20.1994887], [86.0536286, 20.1988573], [86.0538194, 20.1982261], [86.0540101, 20.1975375], [86.0541322, 20.1969633], [86.0543229, 20.196332], [86.0544831, 20.1958208], [86.0541474, 20.1952963], [86.0537889, 20.1947204], [86.0535523, 20.1943159], [86.0531937, 20.1936827], [86.0528351, 20.1930494], [86.0527208, 20.1925878], [86.0522401, 20.1915522], [86.0518892, 20.1908026], [86.0515306, 20.1901694], [86.05105, 20.1894769], [86.0505083, 20.1890154], [86.0499055, 20.1888972], [86.0490815, 20.1889562], [86.0489145, 20.188966], [86.0482652, 20.1890039], [86.0474794, 20.1888857], [86.046808, 20.1887101], [86.0462053, 20.1884202], [86.045183, 20.1882428], [86.0441453, 20.1881818], [86.0432984, 20.188176], [86.0427567, 20.1882886], [86.0425049, 20.1886338], [86.0425049, 20.1889772], [86.0427415, 20.1892651], [86.0432908, 20.1894997], [86.0438325, 20.1895588], [86.0445573, 20.1896771], [86.0448624, 20.1901387], [86.0452211, 20.1906004], [86.0455186, 20.1911764], [86.0458084, 20.1919239], [86.046106, 20.1925], [86.0462281, 20.1931333], [86.0464645, 20.1937093], [86.0467011, 20.1943998], [86.0468766, 20.1948614], [86.0472961, 20.195609], [86.0476471, 20.1966466], [86.0478226, 20.1973352], [86.0481201, 20.1977968], [86.0484177, 20.1983155], [86.0487762, 20.1989508], [86.0491959, 20.199584], [86.0497986, 20.2001047], [86.0502792, 20.2008524], [86.0505678, 20.2009841], [86.0508057, 20.2010928], [86.0509964, 20.2017755], [86.0512328, 20.2026396], [86.0514617, 20.2035608], [86.0515151, 20.204423], [86.0515762, 20.204997], [86.0512634, 20.205144], [86.0512579, 20.2051465], [86.0507217, 20.2053957], [86.0502943, 20.2053938], [86.0496307, 20.2050466], [86.049028, 20.2043543], [86.0481353, 20.2030286], [86.0477157, 20.2023363], [86.047052, 20.2021608], [86.0464416, 20.2023878], [86.0449843, 20.2028417], [86.0438246, 20.2032384], [86.0428481, 20.2037515], [86.0412687, 20.204089], [86.0406661, 20.2040871], [86.0396513, 20.204047], [86.0390257, 20.2040222], [86.038484, 20.203904], [86.0379424, 20.2034996], [86.0374007, 20.2030952], [86.036798, 20.2024009], [86.0362639, 20.2014226], [86.0356688, 20.2003277], [86.0348296, 20.1987713], [86.0341734, 20.1976765], [86.0330901, 20.1968105], [86.0317626, 20.1966348], [86.0315608, 20.1966081], [86.031404, 20.1965873], [86.0312743, 20.1965702], [86.0283064, 20.1965587], [86.0269102, 20.1964366], [86.0250334, 20.1961981], [86.0241255, 20.1957346], [86.0233091, 20.1953875], [86.0232662, 20.1953694], [86.0234083, 20.195212], [86.0237135, 20.194985], [86.0244994, 20.1949316], [86.0250487, 20.1947027], [86.025537, 20.1944759], [86.02572, 20.1941305], [86.0261474, 20.1936155], [86.0264601, 20.1931005], [86.0266433, 20.1924673], [86.0267119, 20.1918932], [86.0267806, 20.1912619], [86.0267883, 20.1905715], [86.0267273, 20.1901117], [86.0266739, 20.1896521], [86.026628, 20.1893985], [86.0265594, 20.1890189], [86.026445, 20.1883856], [86.0263534, 20.1879488], [86.0258346, 20.1880937], [86.0251709, 20.1879774], [86.024446, 20.1879164], [86.0235992, 20.1878553], [86.0228058, 20.1877352], [86.0223251, 20.1875615], [86.0220949, 20.1874501], [86.0218444, 20.1873289], [86.0216003, 20.1870981], [86.0213638, 20.1867509], [86.0210663, 20.1863484], [86.0207077, 20.1858869], [86.0205245, 20.1854253], [86.0203208, 20.1849749], [86.0202328, 20.1847803], [86.0211177, 20.1848134], [86.0215109, 20.1846846], [86.0219681, 20.1834809], [86.0223226, 20.1826516], [86.0226408, 20.1822649], [86.0230627, 20.1821362], [86.0260855, 20.1823382], [86.0274417, 20.1823708], [86.027559, 20.1823734], [86.0277179, 20.1822117], [86.0276284, 20.1804361], [86.0274287, 20.1794981], [86.0273356, 20.1790608], [86.0270848, 20.1785943], [86.0267707, 20.178326], [86.0260099, 20.1783082], [86.0238069, 20.1786529], [86.0229594, 20.178743], [86.022324, 20.1785724], [86.0221246, 20.1783408], [86.0221217, 20.1781294], [86.0221141, 20.1775666], [86.022095, 20.1761629], [86.0219188, 20.1752765], [86.0217605, 20.1749028], [86.0216311, 20.1745972], [86.0216255, 20.1745859], [86.0212815, 20.1738951], [86.0213034, 20.1734434], [86.0217048, 20.1727498], [86.0224338, 20.1717148], [86.022523, 20.1712274], [86.0224711, 20.1703464], [86.0217097, 20.167392], [86.0239346, 20.1688814], [86.0247135, 20.1690529], [86.0259723, 20.1689514], [86.0271917, 20.168303], [86.0280227, 20.1677791], [86.0286258, 20.1677282], [86.0297525, 20.1681185], [86.0307581, 20.168752], [86.0315315, 20.1697863], [86.0331573, 20.1700178], [86.0335442, 20.1700729], [86.0358841, 20.1723403], [86.0355513, 20.17279], [86.0345036, 20.1735478], [86.0343001, 20.173967], [86.0343816, 20.1746856], [86.0362895, 20.178016], [86.0365262, 20.1784291], [86.0367958, 20.1789457], [86.0370574, 20.1791955], [86.0374638, 20.1792474], [86.040129, 20.1776672], [86.0408543, 20.1772058], [86.0409279, 20.1771119], [86.0411532, 20.1768234], [86.0413145, 20.1762822], [86.0412463, 20.1757009], [86.0411189, 20.1746142], [86.0412301, 20.1740601], [86.0412621, 20.1739012], [86.0417893, 20.1729733], [86.0425835, 20.1721734], [86.0442609, 20.1709582], [86.0445744, 20.1705262], [86.0446099, 20.1702104], [86.0443443, 20.1698295], [86.0438535, 20.169506], [86.043869, 20.1692937], [86.0450993, 20.1683967], [86.0502549, 20.1655964], [86.0505602, 20.1654581], [86.0525193, 20.1645695], [86.0529468, 20.1642827], [86.0533318, 20.1639189], [86.0534586, 20.1635176], [86.0533467, 20.1630334], [86.0522063, 20.1609357], [86.0508868, 20.1592027], [86.0501839, 20.1591356], [86.049125, 20.1593874], [86.0478525, 20.1593851], [86.0474353, 20.159078], [86.0473762, 20.1590345], [86.045246, 20.1552869], [86.0449821, 20.1546532], [86.0449847, 20.154224], [86.0453323, 20.1536971], [86.0458512, 20.1531352], [86.0465363, 20.1523934], [86.0467306, 20.1518932], [86.0467385, 20.1512992], [86.0467392, 20.1512457], [86.0467481, 20.1505784], [86.046689, 20.1503236], [86.0465897, 20.1498955], [86.0466777, 20.1495617], [86.0475972, 20.1486088], [86.0477009, 20.1480943], [86.0477465, 20.1477476], [86.0479566, 20.1461488], [86.0478302, 20.1456829], [86.0450716, 20.1414979], [86.044497, 20.1408171], [86.0441446, 20.1405351], [86.0435949, 20.1404824], [86.0414932, 20.1415327], [86.0407512, 20.141601], [86.0383898, 20.1413486], [86.0376038, 20.1415928], [86.0367143, 20.142329], [86.0363274, 20.1422319], [86.0360343, 20.1416611], [86.035485, 20.1415315], [86.0331149, 20.1422316], [86.0323316, 20.142463], [86.0319254, 20.1423795], [86.0316943, 20.1418585], [86.0316943, 20.1418376], [86.0316959, 20.1408012], [86.0318896, 20.1404318], [86.0346293, 20.1383144], [86.0356156, 20.1373711], [86.0359306, 20.1367223], [86.0352808, 20.1350563], [86.0353163, 20.1347175], [86.0357577, 20.1345031], [86.0393166, 20.1337229], [86.0402721, 20.1333985], [86.042159, 20.132758], [86.0435943, 20.1327116], [86.0443917, 20.1329282], [86.0454352, 20.1336115], [86.0460894, 20.1337958], [86.0469847, 20.1336651], [86.0471642, 20.133541], [86.04771, 20.133163], [86.0504637, 20.1304185], [86.0524887, 20.1283998], [86.0546916, 20.1263742], [86.0561563, 20.1254062], [86.0571776, 20.1249735], [86.059709, 20.1248108], [86.0609146, 20.1247449], [86.0614223, 20.1246302], [86.0624277, 20.1236823], [86.0628547, 20.1234948], [86.0642399, 20.1238003], [86.0648426, 20.1237808], [86.065212, 20.1236022], [86.0653013, 20.1235076], [86.0663575, 20.1223884], [86.0670634, 20.1219359], [86.067756, 20.121289], [86.0685283, 20.1200871], [86.0685799, 20.1200474], [86.0691771, 20.1195886], [86.0708761, 20.1185767], [86.071343, 20.1180867], [86.0709805, 20.117118], [86.070876, 20.1168769], [86.0702443, 20.1154199], [86.0695867, 20.1142012], [86.0695359, 20.114002], [86.0693905, 20.1134322], [86.0694319, 20.1128906], [86.0694319, 20.1128901], [86.0700054, 20.1121522], [86.0709478, 20.1113169], [86.071395, 20.1109126], [86.0720814, 20.1104825], [86.0729533, 20.1118696], [86.0733579, 20.1122015], [86.0737634, 20.1123528], [86.0741876, 20.1122305], [86.074578, 20.1121176], [86.0772469, 20.1104736], [86.0774448, 20.1101582], [86.0785142, 20.10683], [86.078765, 20.1060494], [86.0791708, 20.1053153], [86.0797869, 20.1046813], [86.0803476, 20.1042824], [86.0810979, 20.1037485], [86.0823785, 20.1029245], [86.0830531, 20.1024904], [86.084471, 20.101578], [86.0850055, 20.1012342], [86.0853192, 20.1008887], [86.0854628, 20.1007306], [86.0856192, 20.1001532], [86.0856907, 20.0993765], [86.0858665, 20.0987539], [86.0865455, 20.0977404], [86.0867898, 20.0973757], [86.0872268, 20.0967234], [86.0874849, 20.0959431], [86.0879492, 20.0938285], [86.0881046, 20.0931211], [86.0881627, 20.0928565], [86.0882686, 20.092614], [86.088531, 20.0920135], [86.089146, 20.0915287], [86.0893693, 20.091329], [86.089593, 20.091129], [86.0897827, 20.0905787], [86.0897137, 20.0900995], [86.0896381, 20.0898698], [86.0884119, 20.0861442], [86.0880429, 20.0854511], [86.0876905, 20.0852006], [86.0874845, 20.0851619], [86.0870743, 20.0850847], [86.0848822, 20.0854165], [86.0839498, 20.0853982], [86.0810693, 20.0848818], [86.0804038, 20.0846652], [86.079165, 20.084262], [86.0786747, 20.0838618], [86.078055, 20.0835152], [86.0773528, 20.0834167], [86.0761185, 20.0834961], [86.0758898, 20.0833819], [86.0758822, 20.0832347], [86.0758725, 20.0830475], [86.0765956, 20.0812351], [86.0768392, 20.0804503], [86.0768706, 20.0799897], [86.0768472, 20.079898], [86.0767491, 20.0795147], [86.0762653, 20.0789407], [86.0757852, 20.0783711], [86.0756796, 20.0782137], [86.0755055, 20.0779541], [86.0754312, 20.0775696], [86.0754656, 20.0774683], [86.0755723, 20.0771547], [86.0778567, 20.075739], [86.0779633, 20.075491], [86.0779648, 20.0752245], [86.0772271, 20.0746469], [86.0767113, 20.0745228], [86.0763056, 20.0744252], [86.0762035, 20.0730648], [86.0780037, 20.0718633], [86.0784801, 20.0713509], [86.0788614, 20.0707204], [86.0789511, 20.0701086], [86.0790408, 20.0694969], [86.0813967, 20.0680725], [86.0820064, 20.0675456], [86.0822104, 20.0673693], [86.0842081, 20.065643], [86.0844444, 20.0652962], [86.0846274, 20.0650714], [86.0852686, 20.0633127], [86.085988, 20.0612743], [86.0869378, 20.0582612], [86.0881156, 20.0582361], [86.0882552, 20.0582332], [86.0889844, 20.0582177], [86.0889997, 20.0582632], [86.0894154, 20.0595037], [86.0895285, 20.0598412], [86.0899293, 20.0610372], [86.0906788, 20.0620666], [86.0913889, 20.0625831], [86.0921664, 20.0631484], [86.0924118, 20.0633269], [86.0926156, 20.0633614], [86.094221, 20.0636327], [86.0942318, 20.0636346], [86.0949183, 20.0639949], [86.0964888, 20.0652499], [86.097897, 20.0656546], [86.0993613, 20.0656147], [86.1008333, 20.0655747], [86.1010375, 20.0656029], [86.1013232, 20.0656424], [86.1021568, 20.0657576], [86.1043247, 20.066243], [86.1073445, 20.0666125], [86.1074449, 20.0666248], [86.1088547, 20.066702], [86.109266, 20.0667243], [86.1102371, 20.0666434], [86.111737, 20.0660455], [86.1144207, 20.0644116], [86.1150859, 20.0640067], [86.1158156, 20.0634454], [86.1165506, 20.06288], [86.1171263, 20.0625124], [86.1172527, 20.0624782], [86.118223, 20.0622152], [86.1197758, 20.0615633], [86.1204646, 20.061499], [86.1216599, 20.0615004], [86.1217727, 20.0614352], [86.1220629, 20.0612675], [86.1229279, 20.0604676], [86.1233161, 20.0603204], [86.1239631, 20.0600525], [86.1267967, 20.0577535], [86.127046, 20.0574628], [86.1271865, 20.057299], [86.1272788, 20.0570374], [86.1271511, 20.0567883], [86.1264514, 20.0562246], [86.1247018, 20.0553034], [86.1243311, 20.0549085], [86.1239475, 20.0542244], [86.1236665, 20.0539904], [86.1233908, 20.0537609], [86.1223972, 20.0535931], [86.1219398, 20.0533244], [86.120446, 20.0519617], [86.1185265, 20.0498105], [86.1179417, 20.0490988], [86.1178153, 20.0489447], [86.1171066, 20.048082], [86.1166231, 20.0473523], [86.1166606, 20.0466523], [86.1167597, 20.0464323], [86.1174917, 20.0448084], [86.1182821, 20.043055], [86.1185796, 20.0428758], [86.1202906, 20.0421073], [86.1214537, 20.0409925], [86.1219788, 20.0403036], [86.1221379, 20.040095], [86.1225036, 20.0396153], [86.1231371, 20.0391802], [86.1234697, 20.0391373], [86.1238785, 20.0390845], [86.1253596, 20.039268], [86.1268452, 20.0394516], [86.1286095, 20.0394151], [86.1320004, 20.0391516], [86.1333048, 20.0393026], [86.1342544, 20.0396371], [86.1372468, 20.0396652], [86.1377071, 20.0398473], [86.1377095, 20.0398482], [86.1391851, 20.041571], [86.139225, 20.0416176], [86.1407916, 20.0427456], [86.1417406, 20.0431794], [86.1438422, 20.0435557], [86.1473735, 20.0438618], [86.1483935, 20.0435595], [86.1492394, 20.0427232], [86.150334, 20.041861], [86.150782, 20.041564], [86.1509622, 20.0414446], [86.1513895, 20.0411613], [86.1517006, 20.0413268], [86.1519377, 20.041453], [86.152787, 20.0426544], [86.156099, 20.0437545], [86.1577468, 20.0444026], [86.1588899, 20.0448522], [86.1599114, 20.0451552], [86.1600601, 20.0451292], [86.1606914, 20.0450188], [86.1623309, 20.0441908], [86.1667724, 20.0414558], [86.1677977, 20.0410179], [86.1684675, 20.0409171], [86.1687863, 20.0412168], [86.1679416, 20.0445606], [86.1680117, 20.0457898], [86.1685874, 20.0465515], [86.1692319, 20.047404], [86.1702616, 20.0481989], [86.1709983, 20.0487677], [86.1724101, 20.0494384], [86.1724143, 20.0494394], [86.1745923, 20.0499365], [86.1758694, 20.0498386], [86.1780354, 20.049799], [86.1798753, 20.0499656], [86.1813195, 20.0498684], [86.1830158, 20.0500706], [86.1835432, 20.0507055], [86.183545, 20.0512838], [86.183387, 20.0531896], [86.1833168, 20.0547119], [86.1830668, 20.0568342], [86.1828733, 20.0572805], [86.1821389, 20.0578509], [86.1804728, 20.0592044], [86.1772172, 20.0618491], [86.1763351, 20.0626912], [86.1734305, 20.0654638], [86.1725191, 20.0664285], [86.1717093, 20.0672855], [86.1704882, 20.0686084], [86.1697748, 20.0693812], [86.1690642, 20.0701511], [86.1689199, 20.0703634], [86.1680879, 20.0715878], [86.1676137, 20.0722857], [86.1676896, 20.0733162], [86.1676878, 20.0745541], [86.1673536, 20.0771729], [86.1668513, 20.0790319], [86.1664941, 20.0796673], [86.1652924, 20.0799416], [86.1650788, 20.0805326], [86.1651336, 20.0819243], [86.1649885, 20.083139], [86.1647233, 20.0835934], [86.1645783, 20.0838417], [86.1634976, 20.0842533], [86.1630545, 20.084422], [86.1618532, 20.0846286], [86.1610012, 20.0849154], [86.160186, 20.0851899], [86.1597776, 20.085563], [86.1587936, 20.0871485], [86.1579166, 20.0883869], [86.1562497, 20.089793], [86.154105, 20.0911064], [86.1538575, 20.0917694], [86.1538547, 20.094078], [86.1539644, 20.0967985], [86.1542908, 20.0979078], [86.1544623, 20.0984905], [86.1547108, 20.1002898], [86.1551573, 20.1008612], [86.156395, 20.1010433], [86.1582918, 20.1014003], [86.1591504, 20.1018245], [86.1595444, 20.102382], [86.1595849, 20.1025939], [86.1598003, 20.1037206], [86.1600326, 20.1050093], [86.1603716, 20.1059823], [86.160317, 20.1072516], [86.1606566, 20.1081613], [86.1616085, 20.1090197], [86.1634282, 20.1095163], [86.163969, 20.1094466], [86.1639729, 20.1123064], [86.1643313, 20.1141876], [86.1641858, 20.1145483], [86.1627228, 20.1162446], [86.1610161, 20.1178675], [86.159826, 20.1187772], [86.1587782, 20.1195781], [86.1577703, 20.1200615], [86.1562413, 20.1207949], [86.1552183, 20.1215716], [86.1549699, 20.1224198], [86.154939, 20.1229929], [86.1549115, 20.1235038], [86.1550063, 20.1254289], [86.1555501, 20.1274916], [86.1564092, 20.1305318], [86.1566256, 20.1320914], [86.1565559, 20.1335007], [86.1557715, 20.135268], [86.15536, 20.1357246], [86.1549485, 20.1361812], [86.1541611, 20.1367241], [86.1530237, 20.1373352], [86.1525443, 20.1375928], [86.1515835, 20.1383652], [86.1505807, 20.1389251], [86.1493613, 20.1397008], [86.1490696, 20.1399164], [86.147296, 20.1412269], [86.1456215, 20.1421676], [86.1435842, 20.1429303], [86.1421309, 20.1436235], [86.1418217, 20.1441822], [86.1419315, 20.1450908], [86.1437245, 20.148768], [86.1450125, 20.1520859], [86.1459446, 20.154015], [86.1467797, 20.1560475], [86.1471108, 20.1568534], [86.1480889, 20.1591669], [86.1485137, 20.1601718], [86.148453, 20.1607679], [86.1478921, 20.1610001], [86.1458245, 20.1611392], [86.1449995, 20.1614075], [86.1447843, 20.1614775], [86.1446806, 20.1615976], [86.1443028, 20.1620353], [86.1443408, 20.1629843], [86.1449257, 20.1645141], [86.1448938, 20.1650923], [86.144622, 20.165254], [86.1443515, 20.165415], [86.1433017, 20.1660354], [86.1426379, 20.1664277], [86.1424272, 20.166975], [86.1423515, 20.1671716], [86.142433, 20.167498], [86.1425153, 20.1678276], [86.1436626, 20.168913], [86.1446086, 20.1700335], [86.1464701, 20.1725996], [86.1478426, 20.1727599], [86.1510143, 20.1728384], [86.1546482, 20.1724177], [86.1553882, 20.1722319], [86.1581794, 20.1715311], [86.1593257, 20.1710124], [86.1600966, 20.1699996], [86.1610947, 20.1685768], [86.16263, 20.1677663], [86.1645213, 20.1673914], [86.1645332, 20.167389], [86.1652228, 20.1672523], [86.1659684, 20.1671045], [86.1672737, 20.1672869], [86.1680115, 20.1679861], [86.1679755, 20.1684603], [86.1663473, 20.1705309], [86.1658609, 20.1711294], [86.1647625, 20.1725337], [86.1631679, 20.1736692], [86.1619148, 20.1744539], [86.1601985, 20.1751008], [86.1590519, 20.1753012], [86.1580338, 20.175479], [86.1566756, 20.1757232], [86.1555863, 20.1759191], [86.1531608, 20.1767386], [86.1515686, 20.1774178], [86.1504343, 20.1782082], [86.1503582, 20.1782613], [86.1496644, 20.1800108], [86.1495137, 20.1813293], [86.1498351, 20.1838519], [86.1498672, 20.184995], [86.1497471, 20.1852631], [86.1494553, 20.1859146], [86.14871, 20.1874787], [86.1480231, 20.1888488], [86.147723, 20.1899226], [86.1474228, 20.1909965], [86.1466134, 20.1916098], [86.1459476, 20.1921143], [86.1450489, 20.1925161], [86.1441584, 20.1929143], [86.141546, 20.1936967], [86.1411931, 20.1938667], [86.1392909, 20.1947835], [86.1387805, 20.1953593], [86.1386107, 20.196646], [86.1388422, 20.1989242], [86.1390553, 20.1996919], [86.1392364, 20.2003447], [86.1393577, 20.2004819], [86.1396455, 20.2008075], [86.1404913, 20.2010195], [86.1417368, 20.2007951], [86.1430722, 20.1998981], [86.1443598, 20.1989511], [86.1457711, 20.1990528], [86.1469208, 20.199709], [86.1474618, 20.2005519], [86.1476205, 20.2012531], [86.1480733, 20.2024841], [86.1493671, 20.205698], [86.149683, 20.2069243], [86.1499155, 20.2078265], [86.1504452, 20.2098822], [86.1510494, 20.2131741], [86.1507928, 20.2137421], [86.149127, 20.2155367], [86.1484088, 20.2164684], [86.1475105, 20.2179549], [86.1467055, 20.2190082], [86.1457752, 20.219677], [86.1455571, 20.2198339], [86.1447855, 20.220038], [86.1436562, 20.2199828], [86.1410464, 20.2193646], [86.1398461, 20.2191645], [86.1387859, 20.2194074], [86.1378765, 20.2196157], [86.1352634, 20.2204567], [86.1326285, 20.2208686], [86.1308085, 20.221153], [86.1295666, 20.2220444], [86.1285643, 20.2227638], [86.1276951, 20.2233016], [86.1268341, 20.222631], [86.1257746, 20.2218057], [86.1249429, 20.22241], [86.1219827, 20.2245607], [86.1188375, 20.2263792], [86.1172938, 20.2274169], [86.1161741, 20.2281696], [86.1151284, 20.2288725], [86.1134809, 20.22993], [86.1123421, 20.230661], [86.1114224, 20.2309777], [86.1098339, 20.2315248], [86.1061342, 20.2329045], [86.1055552, 20.2331204], [86.1040274, 20.2332797], [86.1025453, 20.2329695], [86.1017434, 20.2328973], [86.1016939, 20.2328928], [86.1004164, 20.2333609], [86.0990796, 20.2338508], [86.0941792, 20.2361658], [86.0921944, 20.237547], [86.0906497, 20.2381218], [86.0893495, 20.2386882], [86.088231, 20.2391754], [86.0865041, 20.2398079], [86.0834201, 20.2408626], [86.0819981, 20.2417406], [86.0788638, 20.243688], [86.0777367, 20.2443883], [86.0772404, 20.2447679], [86.074082, 20.2471836], [86.0714862, 20.2490221], [86.0706953, 20.2499938], [86.0706953, 20.2499955], [86.0706953, 20.2499983], [86.0706857, 20.2500073], [86.0701312, 20.2506956], [86.0695098, 20.2513383], [86.0693012, 20.2515543], [86.0687112, 20.2510789], [86.0684975, 20.2509836], [86.068078, 20.2504076], [86.0675973, 20.2494883], [86.0674218, 20.2487387], [86.0671242, 20.2485651], [86.0667581, 20.2487366], [86.0660866, 20.2488492], [86.0652398, 20.2489598], [86.0645073, 20.2489579], [86.0634163, 20.2487804], [86.063012, 20.248731], [86.0619667, 20.2486031], [86.0609978, 20.248542], [86.0600213, 20.2487671], [86.0586175, 20.2494519], [86.0575263, 20.2499077], [86.056794, 20.2503062], [86.0564735, 20.2504168], [86.0558174, 20.2506477], [86.0548485, 20.2509319], [86.0536888, 20.2510997], [86.0524146, 20.2510938], [86.050843, 20.2510882], [86.048783, 20.2509642], [86.0467154, 20.2510138], [86.0453803, 20.2510099], [86.045243, 20.2510481]]]}}, {"type": "Feature", "properties": {"OBJECTID": 351, "state": "ODISHA", "district": "Cuttack", "stcode11": "21", "dtcode11": "381", "blkcode11": "0134", "block_name": "KANTAPADA", "code2011": "213810134", "block_lgd": 3338, "block_ver": 1, "dist_lgd": 350, "b_pan_code": 3701, "state_lgd": 21, "shape_Length": 76449.39429311754, "shape_Area": 136122182.8168566}, "geometry": {"type": "Polygon", "coordinates": [[[86.0223875, 20.3511217], [86.0224858, 20.3522607], [86.0228878, 20.3545939], [86.0228264, 20.3552262], [86.0226269, 20.3560507], [86.0224279, 20.3568729], [86.0221821, 20.3575817], [86.0219353, 20.3582932], [86.0209553, 20.3602348], [86.0207641, 20.3606675], [86.0202944, 20.361731], [86.0197859, 20.362609], [86.0192696, 20.3631934], [86.0180714, 20.364036], [86.017047, 20.3646808], [86.0161387, 20.3651365], [86.0156528, 20.3653328], [86.0145395, 20.3657825], [86.0133232, 20.3664578], [86.0127559, 20.3675253], [86.0122875, 20.3688553], [86.0119987, 20.3705658], [86.011943, 20.3710692], [86.0091995, 20.3691088], [86.007109, 20.3680254], [86.0069412, 20.3658585], [86.0068267, 20.3653379], [86.0064683, 20.3647581], [86.0063996, 20.3646741], [86.0063946, 20.3646679], [86.0060486, 20.3642354], [86.0047211, 20.3637624], [86.0040574, 20.3635849], [86.0032715, 20.3632894], [86.0023713, 20.3627057], [86.0017762, 20.3620076], [86.0012421, 20.3609052], [86.0008226, 20.3600354], [86.0003495, 20.3593373], [85.9998765, 20.3582939], [85.9994568, 20.3575386], [85.9988618, 20.3568406], [85.9983201, 20.356028], [85.9972826, 20.3548951], [85.9976106, 20.3547711], [85.997664, 20.3543037], [85.9975496, 20.3537869], [85.9971834, 20.3530983], [85.9967028, 20.3523525], [85.9967867, 20.3517535], [85.9969393, 20.3514808], [85.9971376, 20.3512462], [85.9973055, 20.3510499], [85.9974505, 20.3508915], [85.9977251, 20.3507541], [85.9978584, 20.3507101], [85.9979616, 20.350676], [85.9983812, 20.3504795], [85.998984, 20.3502526], [85.9998385, 20.3502011], [86.0005023, 20.3502067], [86.0018908, 20.3502163], [86.0024402, 20.3500465], [86.0031115, 20.3496479], [86.0035999, 20.349131], [86.0039661, 20.348845], [86.0041262, 20.3483242], [86.0041568, 20.3482098], [86.0041796, 20.3480019], [86.0042178, 20.347632], [86.004111, 20.3468232], [86.0038746, 20.3461842], [86.0034549, 20.3456044], [86.0029742, 20.3450798], [86.0024937, 20.3446717], [86.0021349, 20.3446698], [86.0015247, 20.344954], [86.0008532, 20.3455262], [86.0001818, 20.3460431], [85.9994494, 20.3461517], [85.9990909, 20.3460354], [85.9986713, 20.3455681], [85.9980763, 20.3449291], [85.9979694, 20.3447499], [85.9979312, 20.3446334], [85.9979007, 20.3444714], [85.9978625, 20.3442406], [85.9978244, 20.3439945], [85.997794, 20.3438228], [85.997359, 20.343428], [85.997153, 20.3432582], [85.9963901, 20.3426212], [85.9951236, 20.3419841], [85.9939715, 20.3412918], [85.9931553, 20.3410724], [85.9928805, 20.340998], [85.991843, 20.3409942], [85.9911909, 20.3410208], [85.9906298, 20.3410437], [85.9889285, 20.3412631], [85.988013, 20.3413145], [85.9871126, 20.3412707], [85.9867389, 20.3412516], [85.9859454, 20.3412478], [85.9854648, 20.3407861], [85.9851672, 20.3399831], [85.984801, 20.3391801], [85.9841983, 20.3387758], [85.9835345, 20.3384858], [85.9831683, 20.3387127], [85.9827334, 20.339512], [85.9823061, 20.3404828], [85.9817568, 20.3413965], [85.9813142, 20.3418904], [85.9811999, 20.342022], [85.9801089, 20.3424169], [85.9794375, 20.342413], [85.9786516, 20.3417227], [85.978293, 20.3406907], [85.9779345, 20.3393708], [85.9778588, 20.3391904], [85.9777438, 20.3389168], [85.9774538, 20.3382245], [85.9769731, 20.3374196], [85.9767367, 20.3360443], [85.9767443, 20.3351289], [85.976752, 20.3339845], [85.9763324, 20.3328362], [85.9760896, 20.331747], [85.9760654, 20.3316384], [85.9756152, 20.3307724], [85.9752262, 20.3296986], [85.9751345, 20.3294526], [85.9753254, 20.3284245], [85.9755085, 20.3282147], [85.9761189, 20.3275128], [85.976836, 20.3269368], [85.9769733, 20.3268299], [85.9773396, 20.326317], [85.9773473, 20.3252869], [85.9772328, 20.3237973], [85.9776677, 20.3230554], [85.9778432, 20.3228703], [85.978217, 20.3224869], [85.979247, 20.322321], [85.9802236, 20.3220979], [85.9811391, 20.3215295], [85.9816274, 20.3207895], [85.9816885, 20.3200456], [85.9811545, 20.318554], [85.9811011, 20.3172379], [85.9812308, 20.3159791], [85.98133, 20.3159066], [85.9823294, 20.3151837], [85.9837868, 20.3144475], [85.9843742, 20.3138753], [85.984893, 20.3133661], [85.9860527, 20.3121702], [85.9864265, 20.3113157], [85.986602, 20.3109151], [85.9866097, 20.3100568], [85.9862282, 20.3095705], [85.986068, 20.3093664], [85.9855796, 20.3091337], [85.9845497, 20.3093569], [85.9838173, 20.3095246], [85.9829093, 20.3087179], [85.9821922, 20.3072263], [85.9808648, 20.3048726], [85.9804452, 20.3036099], [85.9804527, 20.3026372], [85.9808877, 20.3016663], [85.9815058, 20.3007757], [85.9822305, 20.2998982], [85.9823602, 20.2993853], [85.9818109, 20.2984658], [85.9812692, 20.2975617], [85.980613, 20.2964554], [85.9806512, 20.2960339], [85.9806742, 20.2958279], [85.9815287, 20.2954312], [85.9829859, 20.2954388], [85.9839014, 20.2952157], [85.9843287, 20.294531], [85.9845118, 20.2937318], [85.9839779, 20.2926408], [85.9828945, 20.2905733], [85.9822306, 20.2900811], [85.9814982, 20.2904511], [85.980949, 20.2906762], [85.9801631, 20.2903862], [85.978889, 20.2898064], [85.977798, 20.2890568], [85.9767681, 20.2883625], [85.9757075, 20.287857], [85.974586, 20.2874927], [85.9736781, 20.2874871], [85.97306, 20.2879981], [85.9726328, 20.2883396], [85.9720835, 20.2890223], [85.9717784, 20.2895355], [85.9712901, 20.2901057], [85.9707406, 20.2905025], [85.9700693, 20.2905005], [85.9695886, 20.2902449], [85.9688638, 20.2898634], [85.9666818, 20.2884196], [85.9657129, 20.2874983], [85.9606928, 20.283632], [85.9596628, 20.2826535], [85.9587015, 20.2815033], [85.9582818, 20.2809865], [85.9577937, 20.2802961], [85.9577249, 20.2801796], [85.9571909, 20.279205], [85.9571986, 20.2784039], [85.9578089, 20.277662], [85.9583582, 20.2770364], [85.95861, 20.275892], [85.9589229, 20.274635], [85.9591823, 20.2738587], [85.9592442, 20.2736797], [85.9592891, 20.2735497], [85.9592967, 20.2726915], [85.9585719, 20.2721726], [85.9577174, 20.2723958], [85.956863, 20.2727906], [85.955894, 20.2731855], [85.9555665, 20.2733466], [85.9554133, 20.2734219], [85.9543606, 20.2731187], [85.9522472, 20.2720372], [85.9512859, 20.270845], [85.9506057, 20.2700086], [85.9506746, 20.2696507], [85.9507141, 20.2693086], [85.9507814, 20.2687252], [85.9507132, 20.2681782], [85.9504016, 20.266821], [85.9502452, 20.2658759], [85.9502417, 20.2658359], [85.9502318, 20.2657222], [85.9504123, 20.2652218], [85.9505125, 20.264921], [85.9506811, 20.2644149], [85.9507841, 20.2640862], [85.9510627, 20.2631973], [85.9511504, 20.2629629], [85.9512381, 20.2627285], [85.9513225, 20.2622818], [85.9516571, 20.2616199], [85.9519524, 20.2611607], [85.9527803, 20.2604969], [85.9528526, 20.2604387], [85.9537573, 20.2597168], [85.9542442, 20.2591867], [85.9548244, 20.2583453], [85.9553463, 20.257621], [85.9563883, 20.2564391], [85.9577713, 20.2550649], [85.9586481, 20.2542253], [85.9595676, 20.2534538], [85.960203, 20.2529244], [85.9606891, 20.2525297], [85.9611798, 20.2521397], [85.9614729, 20.2519923], [85.9617659, 20.2518449], [85.9622595, 20.251744], [85.9626813, 20.2516877], [85.963045, 20.2517034], [85.9634086, 20.2517191], [85.9636302, 20.2517386], [85.9641885, 20.2517869], [85.9642602, 20.2517919], [85.9647871, 20.2517408], [85.9651854, 20.251603], [85.9654361, 20.251329], [85.9655239, 20.2510901], [85.9655773, 20.2509552], [85.9655308, 20.2507607], [85.965198, 20.2504244], [85.9642768, 20.2500032], [85.9643782, 20.2498726], [85.964519, 20.2495798], [85.9647175, 20.2492557], [85.9650219, 20.2488238], [85.9652771, 20.2485769], [85.9655035, 20.2483884], [85.9656956, 20.2482947], [85.9661079, 20.2481978], [85.9665301, 20.2480557], [85.9668518, 20.2478995], [85.9670056, 20.2478055], [85.967179, 20.2476393], [85.967314, 20.2474775], [85.9675556, 20.2471401], [85.9676763, 20.2469963], [85.967734, 20.2469604], [85.967993, 20.2468761], [85.9682518, 20.2468281], [85.9684965, 20.2467437], [85.9688134, 20.2465963], [85.9690537, 20.2464487], [85.969333, 20.2461928], [85.9694247, 20.2460849], [85.9694735, 20.2459407], [85.9695038, 20.2457014], [85.9695071, 20.2456493], [85.9695251, 20.2453584], [85.9695073, 20.2451551], [85.9694464, 20.2449696], [85.9693195, 20.2446118], [85.9692662, 20.2443719], [85.9692451, 20.2442768], [85.9692269, 20.2440488], [85.9692231, 20.2440013], [85.9693009, 20.2437938], [85.969475, 20.2435462], [85.9695999, 20.2433895], [85.9696004, 20.2433889], [85.9698123, 20.2431915], [85.9699856, 20.2430568], [85.9702063, 20.2429543], [85.9705857, 20.2427848], [85.9707968, 20.2427048], [85.9711084, 20.2426207], [85.9713674, 20.24255], [85.9717846, 20.2424485], [85.9721909, 20.2423128], [85.9722499, 20.242293], [85.9727537, 20.2420928], [85.972965, 20.2419991], [85.9731336, 20.241842], [85.9732832, 20.2416441], [85.973462, 20.2414057], [85.9736639, 20.2412488], [85.9739042, 20.2411281], [85.9742493, 20.2410489], [85.9744366, 20.2409597], [85.9748687, 20.2407588], [85.9750892, 20.2406969], [85.9759678, 20.2403089], [85.976227, 20.2401976], [85.976419, 20.2401038], [85.9767689, 20.2398999], [85.9770629, 20.2397282], [85.9773366, 20.2396031], [85.9776147, 20.2395235], [85.9779599, 20.2394443], [85.9782712, 20.2394008], [85.9785443, 20.2393663], [85.9789511, 20.2393867], [85.9792144, 20.2393792], [85.9794588, 20.23934], [85.9795594, 20.239309], [85.9797322, 20.2392286], [85.980112, 20.238987], [85.9805792, 20.2385424], [85.9810601, 20.2381973], [85.9813335, 20.2381085], [85.9816257, 20.2380786], [85.9819467, 20.2380308], [85.9819733, 20.2379692], [85.9821606, 20.2375351], [85.9823308, 20.2371248], [85.9823795, 20.236853], [85.9824002, 20.236737], [85.982404, 20.2367224], [85.9825132, 20.2362947], [85.9826352, 20.2359431], [85.9829675, 20.2356107], [85.9834338, 20.2353017], [85.9839095, 20.2350424], [85.9841154, 20.2350075], [85.9842923, 20.2350537], [85.9844516, 20.2348286], [85.9847223, 20.2344327], [85.9850988, 20.233956], [85.9853883, 20.2335917], [85.9854751, 20.2335119], [85.9857928, 20.2332191], [85.9862589, 20.2329328], [85.986888, 20.2325975], [85.9870997, 20.2324316], [85.9873353, 20.2322838], [85.987662, 20.2321005], [85.9880788, 20.2320125], [85.9884811, 20.2319967], [85.9887733, 20.2319397], [85.989042, 20.2318509], [85.9892295, 20.2317255], [85.9893269, 20.2314731], [85.9893463, 20.2313457], [85.9893668, 20.2312116], [85.9893154, 20.2310306], [85.9890893, 20.2304511], [85.9890432, 20.2301931], [85.9890596, 20.2298544], [85.9891116, 20.2295938], [85.9891388, 20.2294572], [85.9893717, 20.2289796], [85.9896517, 20.2286016], [85.9899408, 20.2283097], [85.990211, 20.2279769], [85.9902076, 20.2277694], [85.9901807, 20.2274666], [85.9900769, 20.2272537], [85.9899253, 20.2269907], [85.9897495, 20.2268091], [85.9897026, 20.2266595], [85.9897191, 20.2263161], [85.9898553, 20.2259828], [85.9900334, 20.22583], [85.9905517, 20.2256162], [85.991127, 20.2254615], [85.9913561, 20.2254049], [85.9916638, 20.2253289], [85.9923972, 20.2251751], [85.9928566, 20.2251731], [85.9933396, 20.2252481], [85.9938936, 20.225414], [85.994448, 20.2255617], [85.9950294, 20.2252036], [85.9957692, 20.2247742], [85.9962825, 20.2245919], [85.9969102, 20.224478], [85.9975092, 20.2243774], [85.9977868, 20.2243747], [85.9983851, 20.2243691], [85.9994209, 20.2240315], [86.0000003, 20.2240077], [86.0002683, 20.2240001], [86.0008174, 20.2241976], [86.0011313, 20.2245338], [86.0015219, 20.225566], [86.0019793, 20.2258804], [86.0021358, 20.2258572], [86.0025064, 20.225802], [86.0032519, 20.2252325], [86.0038851, 20.2249831], [86.0043285, 20.2245157], [86.0051772, 20.2220177], [86.0051693, 20.221765], [86.0051613, 20.2215075], [86.0048242, 20.2210718], [86.0047599, 20.2206557], [86.0052301, 20.218955], [86.005582, 20.217477], [86.0064151, 20.2139786], [86.0076757, 20.2091518], [86.0092045, 20.2095534], [86.0098939, 20.2095076], [86.010653, 20.2090557], [86.0116532, 20.2075478], [86.011871, 20.207028], [86.0126032, 20.2052801], [86.0126104, 20.2052628], [86.0143444, 20.1996573], [86.0146651, 20.1978783], [86.015107, 20.1954269], [86.0154571, 20.1934843], [86.0155443, 20.1930001], [86.0162341, 20.1890916], [86.0167676, 20.1871881], [86.0173438, 20.186116], [86.0178983, 20.185428], [86.0187242, 20.1849581], [86.0198452, 20.1847657], [86.0201708, 20.184778], [86.0202328, 20.1847803], [86.0203208, 20.1849749], [86.0205245, 20.1854253], [86.0207077, 20.1858869], [86.0210663, 20.1863484], [86.0213638, 20.1867509], [86.0216003, 20.1870981], [86.0218444, 20.1873289], [86.0220949, 20.1874501], [86.0223251, 20.1875615], [86.0228058, 20.1877352], [86.0235992, 20.1878553], [86.024446, 20.1879164], [86.0251709, 20.1879774], [86.0258346, 20.1880937], [86.0263534, 20.1879488], [86.026445, 20.1883856], [86.0265594, 20.1890189], [86.026628, 20.1893985], [86.0266739, 20.1896521], [86.0267273, 20.1901117], [86.0267883, 20.1905715], [86.0267806, 20.1912619], [86.0267119, 20.1918932], [86.0266433, 20.1924673], [86.0264601, 20.1931005], [86.0261474, 20.1936155], [86.02572, 20.1941305], [86.025537, 20.1944759], [86.0250487, 20.1947027], [86.0244994, 20.1949316], [86.0237135, 20.194985], [86.0234083, 20.195212], [86.0232662, 20.1953694], [86.0233091, 20.1953875], [86.0241255, 20.1957346], [86.0250334, 20.1961981], [86.0269102, 20.1964366], [86.0283064, 20.1965587], [86.0312743, 20.1965702], [86.031404, 20.1965873], [86.0315608, 20.1966081], [86.0317626, 20.1966348], [86.0330901, 20.1968105], [86.0341734, 20.1976765], [86.0348296, 20.1987713], [86.0356688, 20.2003277], [86.0362639, 20.2014226], [86.036798, 20.2024009], [86.0374007, 20.2030952], [86.0379424, 20.2034996], [86.038484, 20.203904], [86.0390257, 20.2040222], [86.0396513, 20.204047], [86.0406661, 20.2040871], [86.0412687, 20.204089], [86.0428481, 20.2037515], [86.0438246, 20.2032384], [86.0449843, 20.2028417], [86.0464416, 20.2023878], [86.047052, 20.2021608], [86.0477157, 20.2023363], [86.0481353, 20.2030286], [86.049028, 20.2043543], [86.0496307, 20.2050466], [86.0502943, 20.2053938], [86.0507217, 20.2053957], [86.0512579, 20.2051465], [86.0512634, 20.205144], [86.0515762, 20.204997], [86.0515151, 20.204423], [86.0514617, 20.2035608], [86.0512328, 20.2026396], [86.0509964, 20.2017755], [86.0508057, 20.2010928], [86.0505678, 20.2009841], [86.0502792, 20.2008524], [86.0497986, 20.2001047], [86.0491959, 20.199584], [86.0487762, 20.1989508], [86.0484177, 20.1983155], [86.0481201, 20.1977968], [86.0478226, 20.1973352], [86.0476471, 20.1966466], [86.0472961, 20.195609], [86.0468766, 20.1948614], [86.0467011, 20.1943998], [86.0464645, 20.1937093], [86.0462281, 20.1931333], [86.046106, 20.1925], [86.0458084, 20.1919239], [86.0455186, 20.1911764], [86.0452211, 20.1906004], [86.0448624, 20.1901387], [86.0445573, 20.1896771], [86.0438325, 20.1895588], [86.0432908, 20.1894997], [86.0427415, 20.1892651], [86.0425049, 20.1889772], [86.0425049, 20.1886338], [86.0427567, 20.1882886], [86.0432984, 20.188176], [86.0441453, 20.1881818], [86.045183, 20.1882428], [86.0462053, 20.1884202], [86.046808, 20.1887101], [86.0474794, 20.1888857], [86.0482652, 20.1890039], [86.0489145, 20.188966], [86.0490815, 20.1889562], [86.0499055, 20.1888972], [86.0505083, 20.1890154], [86.05105, 20.1894769], [86.0515306, 20.1901694], [86.0518892, 20.1908026], [86.0522401, 20.1915522], [86.0527208, 20.1925878], [86.0528351, 20.1930494], [86.0531937, 20.1936827], [86.0535523, 20.1943159], [86.0537889, 20.1947204], [86.0541474, 20.1952963], [86.0544831, 20.1958208], [86.0543229, 20.196332], [86.0541322, 20.1969633], [86.0540101, 20.1975375], [86.0538194, 20.1982261], [86.0536286, 20.1988573], [86.0534455, 20.1994887], [86.0532013, 20.2001849], [86.0533157, 20.2002917], [86.0586029, 20.2057182], [86.0600143, 20.20671], [86.0602279, 20.2067596], [86.0607772, 20.2067043], [86.0611435, 20.2063038], [86.0616318, 20.2059051], [86.0621124, 20.2059643], [86.0623184, 20.2061932], [86.0625321, 20.2064258], [86.0628295, 20.2074024], [86.063066, 20.2083809], [86.063356, 20.209819], [86.0635161, 20.2115433], [86.0635618, 20.2132103], [86.064218, 20.2144787], [86.0644545, 20.2150528], [86.064485, 20.2152816], [86.0645155, 20.2155717], [86.0640272, 20.2159721], [86.0632948, 20.2163709], [86.0617689, 20.2168228], [86.0596479, 20.2171584], [86.0586104, 20.2174427], [86.0579084, 20.2179805], [86.0578542, 20.21812], [86.0576947, 20.2185298], [86.0580534, 20.2192776], [86.0588925, 20.2199718], [86.0592599, 20.2201756], [86.0593808, 20.2202426], [86.060159, 20.2206679], [86.0610058, 20.221246], [86.061723, 20.2218811], [86.0620816, 20.2224571], [86.0622036, 20.2231457], [86.0621503, 20.2234242], [86.0620739, 20.2237789], [86.0617077, 20.224294], [86.0610364, 20.2246925], [86.0603573, 20.225381], [86.0596859, 20.2264111], [86.058633, 20.2281314], [86.0582592, 20.2292205], [86.0577632, 20.2306567], [86.0575725, 20.2319767], [86.0570766, 20.2330677], [86.0565806, 20.2339851], [86.0563746, 20.2341758], [86.0552378, 20.2352439], [86.0538264, 20.2361575], [86.0524301, 20.2370139], [86.0512703, 20.2378131], [86.0511178, 20.2380172], [86.0505914, 20.2387304], [86.0502175, 20.2397623], [86.0496605, 20.2408534], [86.0489892, 20.2418279], [86.0486916, 20.2420378], [86.0486505, 20.2420664], [86.0475167, 20.242856], [86.0459907, 20.243884], [86.0428855, 20.2454805], [86.0417107, 20.2461022], [86.0414817, 20.2462224], [86.0412581, 20.2465492], [86.0406882, 20.2473115], [86.0407874, 20.2474546], [86.0406196, 20.2479447], [86.0406042, 20.2492075], [86.0405966, 20.2500695], [86.0406881, 20.2504338], [86.0406348, 20.2507084], [86.0405662, 20.2509259], [86.0405279, 20.2510633], [86.0405126, 20.2512387], [86.0406272, 20.2514866], [86.0407111, 20.2516984], [86.0410087, 20.2521618], [86.0413672, 20.2525128], [86.0416342, 20.2525644], [86.0420919, 20.2525187], [86.0425193, 20.2523488], [86.0431296, 20.2520074], [86.0436789, 20.2515973], [86.043801, 20.2515535], [86.043923, 20.2515496], [86.0440834, 20.2514276], [86.0442664, 20.2512655], [86.0444724, 20.2512197], [86.0448386, 20.2511492], [86.0449682, 20.2511225], [86.045243, 20.2510481], [86.0453803, 20.2510099], [86.0467154, 20.2510138], [86.048783, 20.2509642], [86.050843, 20.2510882], [86.0524146, 20.2510938], [86.0536888, 20.2510997], [86.0548485, 20.2509319], [86.0558174, 20.2506477], [86.0564735, 20.2504168], [86.056794, 20.2503062], [86.0575263, 20.2499077], [86.0586175, 20.2494519], [86.0600213, 20.2487671], [86.0609978, 20.248542], [86.0619667, 20.2486031], [86.063012, 20.248731], [86.0634163, 20.2487804], [86.0645073, 20.2489579], [86.0652398, 20.2489598], [86.0660866, 20.2488492], [86.0667581, 20.2487366], [86.0671242, 20.2485651], [86.0674218, 20.2487387], [86.0675973, 20.2494883], [86.068078, 20.2504076], [86.0684975, 20.2509836], [86.0687112, 20.2510789], [86.0693012, 20.2515543], [86.0692577, 20.2515993], [86.0691147, 20.2517474], [86.0686942, 20.2524273], [86.0685903, 20.2538048], [86.068687, 20.2540367], [86.0692133, 20.2552989], [86.0693704, 20.2562484], [86.0691851, 20.2576343], [86.0688528, 20.2595707], [86.0682055, 20.2613337], [86.0678155, 20.2621572], [86.067546, 20.2627262], [86.0672921, 20.2633064], [86.067187, 20.2635465], [86.0671123, 20.2656153], [86.0666725, 20.2662951], [86.0659899, 20.2667613], [86.0649182, 20.2674649], [86.0641868, 20.2681329], [86.0635462, 20.268718], [86.061664, 20.2696431], [86.0592894, 20.270412], [86.0588547, 20.2706513], [86.0584199, 20.2708907], [86.0561936, 20.2724904], [86.0550876, 20.2732851], [86.0529403, 20.2745619], [86.0507727, 20.2758506], [86.0488993, 20.2768659], [86.0479489, 20.2774908], [86.0470389, 20.2780892], [86.0448061, 20.2794753], [86.0436266, 20.2802074], [86.0417456, 20.2816518], [86.0413737, 20.2820506], [86.0405889, 20.2828923], [86.0399733, 20.283759], [86.0390384, 20.285075], [86.0382553, 20.2870721], [86.0380324, 20.2882725], [86.0378997, 20.2891364], [86.0376982, 20.2904483], [86.0374682, 20.2916419], [86.0374261, 20.2918608], [86.0372937, 20.2920545], [86.0370878, 20.2923559], [86.035729, 20.2937308], [86.0350945, 20.294143], [86.0340446, 20.2943314], [86.0331803, 20.2946364], [86.032557, 20.2948563], [86.0325683, 20.2950407], [86.0325875, 20.2953534], [86.0327009, 20.2963615], [86.0326133, 20.2981185], [86.0325659, 20.298841], [86.0327906, 20.2995524], [86.033012, 20.3002529], [86.0332643, 20.3027978], [86.0334408, 20.3052112], [86.033367, 20.3059147], [86.0331711, 20.3077803], [86.0326548, 20.3099594], [86.0319139, 20.3112835], [86.0313306, 20.3121077], [86.0309138, 20.3126966], [86.0299396, 20.3137981], [86.0284763, 20.3157506], [86.0276463, 20.3166413], [86.0269142, 20.3174269], [86.0262619, 20.3183675], [86.0257811, 20.3194175], [86.0254656, 20.3207719], [86.0252397, 20.3217411], [86.0253675, 20.322983], [86.0253798, 20.3231018], [86.0255458, 20.3256461], [86.0255304, 20.3272613], [86.0255177, 20.3285959], [86.0253276, 20.330655], [86.0253107, 20.3307164], [86.024818, 20.3325044], [86.0244076, 20.3337942], [86.024404, 20.334361], [86.0244003, 20.3349281], [86.0245447, 20.3363519], [86.0246323, 20.3376761], [86.0245449, 20.3386017], [86.0242554, 20.3404749], [86.0242499, 20.3405457], [86.0241669, 20.3416084], [86.0239699, 20.3424747], [86.0236793, 20.343756], [86.0235727, 20.3441075], [86.0230776, 20.3457405], [86.0228047, 20.3471845], [86.0227655, 20.3473922], [86.0224766, 20.3486539], [86.0222975, 20.349436], [86.0223177, 20.3498156], [86.0223875, 20.3511217]]]}}, {"type": "Feature", "properties": {"OBJECTID": 355, "state": "ODISHA", "district": "Cuttack", "stcode11": "21", "dtcode11": "381", "blkcode11": "0130", "block_name": "NISCHINTA KOILI", "code2011": "213810130", "block_lgd": 3342, "block_ver": 1, "dist_lgd": 350, "b_pan_code": 3705, "state_lgd": 21, "shape_Length": 124634.5442641344, "shape_Area": 256547922.7313433}, "geometry": {"type": "Polygon", "coordinates": [[[86.170377, 20.5241023], [86.1701633, 20.5244742], [86.1701022, 20.5251342], [86.170171, 20.5257503], [86.1703236, 20.5267593], [86.1702014, 20.5274155], [86.1699496, 20.5278731], [86.1696216, 20.5277588], [86.1687136, 20.52769], [86.1678821, 20.5274345], [86.16776, 20.5273962], [86.1675006, 20.5271483], [86.1666385, 20.5263149], [86.166341, 20.5255709], [86.1663562, 20.5247394], [86.1666234, 20.5237628], [86.1669284, 20.5228854], [86.1670353, 20.5225745], [86.1671727, 20.5218096], [86.1670659, 20.5209131], [86.1667225, 20.5200015], [86.1655171, 20.519189], [86.1646321, 20.5187903], [86.1645643, 20.5187611], [86.1644643, 20.5187178], [86.1641667, 20.5185882], [86.163564, 20.518487], [86.1630376, 20.5182257], [86.1621754, 20.5176058], [86.1613057, 20.5164309], [86.1609547, 20.5156278], [86.1604589, 20.5143157], [86.1597035, 20.5131788], [86.1596044, 20.5130301], [86.1589864, 20.5117654], [86.1584676, 20.5107679], [86.1584142, 20.5106687], [86.1578878, 20.5096864], [86.157453, 20.5084886], [86.1568883, 20.5072813], [86.1564839, 20.5063085], [86.1558356, 20.5054274], [86.1549199, 20.5047482], [86.1539283, 20.5042295], [86.1528143, 20.5039795], [86.1513341, 20.5038651], [86.1508153, 20.5038822], [86.1498082, 20.5039167], [86.1482213, 20.5039071], [86.1468176, 20.5038555], [86.1453755, 20.5035789], [86.1449614, 20.5034103], [86.1448415, 20.5033614], [86.1440252, 20.5030334], [86.1433538, 20.502318], [86.1427054, 20.5014369], [86.1427053, 20.5011565], [86.14269, 20.5009696], [86.1427129, 20.5008075], [86.1427282, 20.5006224], [86.1427588, 20.5004927], [86.1427662, 20.5003573], [86.1427817, 20.5002181], [86.142774, 20.5000846], [86.1426824, 20.4994075], [86.142568, 20.4983108], [86.1424001, 20.496867], [86.1423544, 20.4955966], [86.1420645, 20.4942673], [86.1416525, 20.4928234], [86.1411796, 20.4916084], [86.1405845, 20.4900462], [86.1404243, 20.4896438], [86.1401726, 20.4890029], [86.139585, 20.48791], [86.1395164, 20.4877879], [86.1386162, 20.486859], [86.1383644, 20.4867503], [86.1380745, 20.4866262], [86.1366172, 20.4867903], [86.1349521, 20.4872331], [86.1349464, 20.4872347], [86.1344886, 20.4873548], [86.1326728, 20.4874006], [86.1302465, 20.4873872], [86.1283371, 20.4869798], [86.1280746, 20.4869238], [86.1280044, 20.4869385], [86.1280111, 20.4869103], [86.1274619, 20.486794], [86.1267143, 20.4856687], [86.125547, 20.4840684], [86.1245932, 20.4827351], [86.1236319, 20.481459], [86.1228613, 20.4804157], [86.1224418, 20.4796051], [86.1219611, 20.4788517], [86.1218391, 20.4787162], [86.1213661, 20.4782127], [86.1207023, 20.4774574], [86.1202904, 20.4766468], [86.1196954, 20.4756054], [86.1189171, 20.4743313], [86.1180703, 20.4737475], [86.1168038, 20.4735664], [86.1153465, 20.4735588], [86.1130864, 20.4744865], [86.1128516, 20.4745829], [86.1115775, 20.4749777], [86.1109138, 20.4746859], [86.1107425, 20.473647], [86.1105706, 20.4726049], [86.1104027, 20.4712755], [86.1103167, 20.4706028], [86.1102898, 20.4703924], [86.1101737, 20.4694845], [86.1100059, 20.4680407], [86.1096016, 20.4661333], [86.1093728, 20.4647447], [86.1092263, 20.4635843], [86.109205, 20.4634153], [86.1089684, 20.4624902], [86.1086023, 20.461958], [86.1081902, 20.4618513], [86.1072746, 20.4619619], [86.1056955, 20.4624711], [86.104055, 20.4630375], [86.102964, 20.4633542], [86.102842, 20.4630891], [86.102475, 20.4634971], [86.1021095, 20.463604], [86.1003395, 20.4650365], [86.0996605, 20.4660721], [86.0991721, 20.4671078], [86.0987984, 20.4675102], [86.0981956, 20.4677372], [86.0976844, 20.4675503], [86.0971123, 20.4670944], [86.0960899, 20.4662227], [86.0951285, 20.4653511], [86.0941673, 20.4645366], [86.0931144, 20.463682], [86.0935264, 20.4633712], [86.0937781, 20.4631347], [86.0938163, 20.462923], [86.0936791, 20.4626713], [86.0929008, 20.4615897], [86.0925804, 20.4610843], [86.0918785, 20.4603424], [86.0908562, 20.4590149], [86.0882469, 20.4562624], [86.0878197, 20.4557589], [86.0877129, 20.4555376], [86.0880028, 20.4549979], [86.0881326, 20.4547556], [86.088247, 20.4545478], [86.0890786, 20.4539756], [86.0893838, 20.4536742], [86.0897195, 20.4533442], [86.0902688, 20.4536341], [86.0916115, 20.4539146], [86.0920617, 20.4540461], [86.0928857, 20.4545516], [86.0936562, 20.4548034], [86.0944115, 20.4549045], [86.0957085, 20.4548416], [86.0962121, 20.4548664], [86.0963342, 20.4550647], [86.0973336, 20.4560661], [86.0975244, 20.4563255], [86.0976847, 20.4566517], [86.0978754, 20.4568825], [86.0982492, 20.4571724], [86.0983636, 20.4571896], [86.0985314, 20.4571401], [86.098684, 20.4569263], [86.0987985, 20.4565582], [86.0987985, 20.4562226], [86.0987146, 20.4558049], [86.0986687, 20.4556046], [86.0986535, 20.4552231], [86.0987986, 20.4544278], [86.0989816, 20.4541111], [86.0994775, 20.4536552], [86.0999125, 20.4534721], [86.1002939, 20.4532472], [86.1006754, 20.453146], [86.1007745, 20.4531651], [86.1010878, 20.4531271], [86.1018274, 20.4530373], [86.1028879, 20.4518815], [86.1027583, 20.4517041], [86.1032313, 20.4509964], [86.1034982, 20.4505997], [86.1037349, 20.4503479], [86.1040094, 20.4501534], [86.1042612, 20.4500332], [86.1044903, 20.4499836], [86.1049555, 20.4499741], [86.1055049, 20.4500353], [86.1056574, 20.4500008], [86.1058558, 20.4499532], [86.1060847, 20.4497987], [86.1067562, 20.4490605], [86.1073131, 20.4486334], [86.1079769, 20.4483338], [86.1086405, 20.4481412], [86.1092205, 20.4478608], [86.1095944, 20.4477159], [86.1098765, 20.4476492], [86.110136, 20.447634], [86.1108303, 20.4477273], [86.1112805, 20.4478724], [86.1118145, 20.4481775], [86.1122494, 20.4483702], [86.1126003, 20.4484598], [86.112875, 20.4484751], [86.1129742, 20.4484465], [86.1130657, 20.4483759], [86.1131725, 20.4481089], [86.1130428, 20.4465372], [86.1130504, 20.4462473], [86.1131038, 20.445986], [86.1132412, 20.4456446], [86.1134396, 20.445286], [86.1136465, 20.4450167], [86.1137839, 20.4448377], [86.1138058, 20.4448092], [86.1138974, 20.4447233], [86.1140042, 20.4446203], [86.114462, 20.4441874], [86.1150342, 20.443825], [86.115707, 20.4435302], [86.1165143, 20.4431765], [86.1168805, 20.4430697], [86.1172161, 20.4430335], [86.1175442, 20.4430545], [86.118203, 20.4431896], [86.1191159, 20.4433769], [86.1197109, 20.4434646], [86.1202146, 20.4434779], [86.1204816, 20.4434208], [86.1205732, 20.4433139], [86.1206494, 20.4432223], [86.1207716, 20.4428676], [86.1209623, 20.4415973], [86.1210691, 20.4411357], [86.1211606, 20.4409336], [86.1213133, 20.4407523], [86.1213895, 20.4406551], [86.1215269, 20.4404452], [86.1217023, 20.4402965], [86.12303, 20.439404], [86.1236098, 20.4389671], [86.123953, 20.4387782], [86.1241897, 20.4386524], [86.1246017, 20.4384998], [86.1248533, 20.4384216], [86.1267836, 20.437817], [86.1277373, 20.4374051], [86.1285002, 20.4369759], [86.1289962, 20.4368214], [86.1294082, 20.4369588], [86.1297667, 20.4371818], [86.1300871, 20.4374528], [86.1301787, 20.437552], [86.1305678, 20.4379563], [86.1310485, 20.4386505], [86.131964, 20.4404588], [86.1323225, 20.4408878], [86.1327346, 20.4411491], [86.1331237, 20.4412828], [86.1335661, 20.4413667], [86.1340392, 20.441382], [86.1343617, 20.4413918], [86.1347868, 20.4414048], [86.1372284, 20.4412314], [86.1378845, 20.4411245], [86.1385177, 20.4409739], [86.1391281, 20.4407583], [86.1395172, 20.4405467], [86.139746, 20.4402129], [86.1396927, 20.4400831], [86.13909, 20.4393068], [86.1381745, 20.4379355], [86.1372589, 20.436648], [86.1365952, 20.4355264], [86.1362061, 20.435059], [86.1348328, 20.4334283], [86.1344513, 20.4328274], [86.1344056, 20.4325834], [86.1342988, 20.432097], [86.1342988, 20.4317861], [86.134436, 20.4310994], [86.1345734, 20.4308726], [86.1346954, 20.4306684], [86.1348176, 20.4304566], [86.1352144, 20.4301743], [86.135634, 20.4299951], [86.1364961, 20.4298025], [86.1368546, 20.4296347], [86.1371826, 20.4294801], [86.1375795, 20.4291292], [86.1379534, 20.4286695], [86.1384111, 20.4281907], [86.1385713, 20.4279028], [86.1386781, 20.4275174], [86.1388689, 20.4263978], [86.1393114, 20.4251619], [86.1394106, 20.4247156], [86.1395403, 20.4242082], [86.1395949, 20.4241179], [86.1397158, 20.4239183], [86.1402727, 20.423266], [86.1406618, 20.4229361], [86.1410204, 20.4227606], [86.1417909, 20.4224936], [86.1441423, 20.4215694], [86.1442706, 20.421519], [86.1446826, 20.421355], [86.1452853, 20.421025], [86.1456897, 20.4207064], [86.1461094, 20.4201305], [86.1462847, 20.41981], [86.1463687, 20.4195506], [86.1464145, 20.41915], [86.1464145, 20.4181145], [86.1464298, 20.4179332], [86.1464604, 20.4173953], [86.1466587, 20.417176], [86.1468037, 20.4169433], [86.1475973, 20.4154326], [86.1477803, 20.415322], [86.1480167, 20.415181], [86.1485127, 20.4151027], [86.1490621, 20.4151294], [86.1495121, 20.415219], [86.1500157, 20.4154231], [86.1505727, 20.4157398], [86.150832, 20.4159325], [86.1512745, 20.4163482], [86.1518849, 20.4168899], [86.1520069, 20.416949], [86.1529148, 20.4173725], [86.153365, 20.4175289], [86.1538457, 20.4176033], [86.1544255, 20.4175977], [86.1548146, 20.4175556], [86.1550183, 20.417534], [86.1556767, 20.4174641], [86.1565617, 20.4172771], [86.1574392, 20.4169549], [86.1581562, 20.4165467], [86.15843, 20.4162811], [86.1584974, 20.4162158], [86.1585379, 20.4161766], [86.1589574, 20.4155702], [86.1591863, 20.4150494], [86.1594, 20.4143093], [86.1594916, 20.4137983], [86.1594991, 20.413329], [86.1593441, 20.4122724], [86.1592703, 20.4117688], [86.1592092, 20.411475], [86.1591317, 20.4111152], [86.1590872, 20.4109087], [86.159049, 20.4107236], [86.1588126, 20.4091615], [86.1587134, 20.4078053], [86.1587745, 20.4074678], [86.1588813, 20.407195], [86.1591331, 20.4070252], [86.1596976, 20.4069221], [86.1605292, 20.4068936], [86.1608115, 20.406907], [86.160964, 20.4070195], [86.1610632, 20.4072485], [86.1612464, 20.4078988], [86.1614601, 20.4083013], [86.1615744, 20.4084329], [86.1618186, 20.4086046], [86.1631308, 20.4091692], [86.1635123, 20.4093943], [86.1638556, 20.4097032], [86.1642066, 20.4101056], [86.1648932, 20.4112443], [86.1651069, 20.4115133], [86.1653814, 20.4116887], [86.1654883, 20.4117289], [86.1659537, 20.4117174], [86.1663657, 20.4115743], [86.166854, 20.4112787], [86.167205, 20.4109697], [86.1674415, 20.4106398], [86.1677771, 20.4097433], [86.1680061, 20.4089613], [86.1680977, 20.4086599], [86.1683342, 20.4080992], [86.1684639, 20.4077787], [86.1685248, 20.4074277], [86.1685096, 20.4069071], [86.1684639, 20.4065542], [86.1683722, 20.4057893], [86.1683876, 20.4053831], [86.1684562, 20.4050283], [86.1685554, 20.4048147], [86.1684257, 20.4044962], [86.1682427, 20.4038611], [86.1678841, 20.4030523], [86.1674645, 20.4024172], [86.1672204, 20.4016676], [86.1669457, 20.4011411], [86.1666787, 20.4006281], [86.1658318, 20.4000502], [86.165168, 20.399762], [86.1640769, 20.3994722], [86.1626808, 20.3993005], [86.1612922, 20.3992414], [86.1595909, 20.3990124], [86.1578972, 20.398896], [86.1571114, 20.3988388], [86.1562645, 20.3987815], [86.155593, 20.3991268], [86.15541, 20.3996475], [86.1552268, 20.4008034], [86.1555854, 20.4031131], [86.1552879, 20.4034012], [86.1550438, 20.4034012], [86.1541358, 20.4034011], [86.1528616, 20.4032295], [86.1516486, 20.4031132], [86.1511069, 20.4020164], [86.1507483, 20.4009178], [86.1506263, 20.399533], [86.1503288, 20.3979728], [86.1502677, 20.3977992], [86.1500313, 20.3971069], [86.1494209, 20.3967024], [86.1488182, 20.3965289], [86.1479713, 20.3966453], [86.147361, 20.3968188], [86.1470482, 20.3971507], [86.1468193, 20.3973948], [86.146514, 20.3979308], [86.1464232, 20.3980913], [86.146392, 20.3981462], [86.1457816, 20.3993022], [86.1440879, 20.4006297], [86.1430578, 20.4012648], [86.1416167, 20.4015813], [86.1414861, 20.40161], [86.1403875, 20.4017281], [86.1396016, 20.4019018], [86.1387548, 20.4023633], [86.1377782, 20.4030576], [86.1371297, 20.4039388], [86.1369314, 20.4042116], [86.1363591, 20.404902], [86.13626, 20.4050221], [86.1351689, 20.4063497], [86.1336507, 20.4076791], [86.1319493, 20.4087186], [86.1301334, 20.4098172], [86.1282566, 20.4109139], [86.1266162, 20.4120106], [86.12522, 20.4125884], [86.1249605, 20.412415], [86.1247393, 20.4118389], [86.1243732, 20.4109729], [86.1240755, 20.4098763], [86.123717, 20.408604], [86.1232974, 20.4074501], [86.1228092, 20.4070457], [86.1225041, 20.4070456], [86.1220844, 20.4073374], [86.1218403, 20.4075072], [86.1209933, 20.408028], [86.1202609, 20.4084303], [86.1186891, 20.4092409], [86.1168048, 20.4102804], [86.1152183, 20.4111978], [86.1148058, 20.4114363], [86.1131655, 20.412245], [86.1125017, 20.4128898], [86.1125389, 20.4130955], [86.1125628, 20.4132273], [86.1128602, 20.4143259], [86.1130968, 20.4154226], [86.1136384, 20.4168665], [86.1143021, 20.4184839], [86.1145721, 20.4194244], [86.1146531, 20.4197066], [86.1141191, 20.4200423], [86.1132722, 20.420563], [86.1119369, 20.4214308], [86.1104186, 20.4221822], [86.1085419, 20.4232217], [86.1070464, 20.4242077], [86.1056274, 20.4249555], [86.1045974, 20.4253597], [86.1036894, 20.4253617], [86.1035293, 20.4253216], [86.1027816, 20.4251309], [86.1021179, 20.4244957], [86.1018126, 20.4238014], [86.1014542, 20.4231072], [86.1009124, 20.4217224], [86.1001037, 20.4206142], [86.1000655, 20.4205665], [86.0994628, 20.4193535], [86.0992186, 20.4181977], [86.0993407, 20.4172744], [86.0998291, 20.4167538], [86.1008591, 20.4163494], [86.1021332, 20.4160596], [86.1027458, 20.4158356], [86.1029419, 20.4157639], [86.1037125, 20.4154816], [86.1044983, 20.4146157], [86.1051088, 20.4138643], [86.1058335, 20.4134026], [86.1065659, 20.4131127], [86.1072298, 20.412882], [86.1074128, 20.4123612], [86.107474, 20.4118996], [86.1072908, 20.4113217], [86.1073594, 20.4106865], [86.107657, 20.4102822], [86.1082063, 20.410225], [86.1088091, 20.4102251], [86.1094804, 20.4102251], [86.1100908, 20.4102116], [86.1103273, 20.410166], [86.1104494, 20.4097043], [86.1104494, 20.4093], [86.1103274, 20.4084912], [86.1108156, 20.4076824], [86.111304, 20.4071619], [86.1125171, 20.4064695], [86.113669, 20.4057181], [86.1149432, 20.4049665], [86.1162173, 20.4042151], [86.1180332, 20.4034064], [86.1199101, 20.4025976], [86.1204899, 20.4020922], [86.1211841, 20.4021361], [86.1221532, 20.4020769], [86.1229467, 20.4018462], [86.1235494, 20.4013846], [86.1241597, 20.4006331], [86.1248846, 20.3997673], [86.1256779, 20.3989567], [86.1261587, 20.3985543], [86.1266469, 20.3980907], [86.1271886, 20.3979743], [86.1271352, 20.3971656], [86.1269522, 20.396069], [86.1267767, 20.3946251], [86.1266546, 20.3942208], [86.1264715, 20.3933547], [86.126235, 20.3922581], [86.126113, 20.3913902], [86.1257544, 20.390467], [86.1253349, 20.3890803], [86.1247321, 20.3875202], [86.1242515, 20.3862498], [86.1237707, 20.384806], [86.1231071, 20.3835928], [86.1226798, 20.3827841], [86.1223824, 20.3823798], [86.1218329, 20.3820917], [86.1214134, 20.3819754], [86.120803, 20.3816855], [86.1202003, 20.3812831], [86.1197807, 20.3809512], [86.1197807, 20.3805887], [86.1197808, 20.3793472], [86.1201469, 20.3794348], [86.1206886, 20.3794921], [86.1211159, 20.3794349], [86.1214745, 20.3792594], [86.1215966, 20.3787977], [86.1216042, 20.3783363], [86.1216041, 20.3777583], [86.1215432, 20.3771803], [86.1216042, 20.3767188], [86.1219705, 20.3764307], [86.1224511, 20.3763716], [86.1232445, 20.3763145], [86.1239693, 20.3763144], [86.1246331, 20.3762], [86.1251825, 20.3760264], [86.125541, 20.3757937], [86.1257852, 20.3755496], [86.1253655, 20.3751015], [86.1247018, 20.3742354], [86.124038, 20.3733104], [86.1236719, 20.3725017], [86.1233133, 20.3718093], [86.122947, 20.3710577], [86.1228327, 20.3703082], [86.1226496, 20.3697284], [86.1223521, 20.3691524], [86.1221079, 20.3686907], [86.1219248, 20.3680537], [86.1213831, 20.3680537], [86.1205972, 20.36817], [86.1197428, 20.3682845], [86.1188959, 20.368458], [86.1180489, 20.3686887], [86.1173242, 20.3689195], [86.1166527, 20.3692095], [86.115928, 20.3694975], [86.1150811, 20.3699018], [86.1142038, 20.3703901], [86.1138206, 20.3697322], [86.1127959, 20.3695369], [86.1136081, 20.3691192], [86.1136434, 20.3688077], [86.113513, 20.36817], [86.1131551, 20.3679197], [86.1115219, 20.3678436], [86.1105585, 20.3679381], [86.1088547, 20.3684806], [86.1063295, 20.3693938], [86.105888, 20.3679116], [86.1057607, 20.3674844], [86.1058933, 20.366943], [86.1064776, 20.3661237], [86.1074208, 20.3653831], [86.1092015, 20.3648049], [86.1113224, 20.3641878], [86.1120051, 20.3637755], [86.1129058, 20.3632644], [86.1138987, 20.362701], [86.1143131, 20.3625522], [86.1152143, 20.3622287], [86.1157227, 20.3620461], [86.1176752, 20.3615861], [86.1198969, 20.3600884], [86.1204483, 20.3599159], [86.1206359, 20.3598572], [86.1206438, 20.3598546], [86.1229588, 20.3590828], [86.1246148, 20.3584857], [86.1273095, 20.358061], [86.129085, 20.3575052], [86.1296887, 20.3573711], [86.1302985, 20.3572356], [86.1323047, 20.3574082], [86.1337181, 20.3573565], [86.1363698, 20.3568772], [86.1373942, 20.3570269], [86.1376707, 20.3571574], [86.1385933, 20.357593], [86.139849, 20.3583446], [86.1419245, 20.3598502], [86.1428149, 20.360949], [86.1428287, 20.360966], [86.144246, 20.3610678], [86.1450157, 20.3613471], [86.1456978, 20.3618791], [86.1464602, 20.3626237], [86.1479594, 20.3644246], [86.1485073, 20.3649649], [86.1494031, 20.3658684], [86.1503141, 20.3665775], [86.1505736, 20.3666935], [86.1511314, 20.3669428], [86.1527375, 20.3684732], [86.1536298, 20.36911], [86.1546142, 20.369617], [86.154958, 20.3697941], [86.1554332, 20.3700963], [86.1556742, 20.3702495], [86.1560647, 20.3706534], [86.1566927, 20.3714741], [86.1577049, 20.3729969], [86.1582603, 20.373614], [86.1587382, 20.374145], [86.1596899, 20.3753693], [86.159888, 20.3759169], [86.1617343, 20.3773896], [86.1630667, 20.3783804], [86.1631467, 20.37844], [86.1637192, 20.3788855], [86.1645332, 20.3789752], [86.1656093, 20.378881], [86.1666854, 20.3787867], [86.1698443, 20.3784855], [86.1716754, 20.3783316], [86.1743457, 20.3780144], [86.1771487, 20.3779644], [86.1782369, 20.3778341], [86.1815535, 20.3776192], [86.1827711, 20.3774894], [86.1845884, 20.377198], [86.1853988, 20.377068], [86.1863823, 20.3767879], [86.1869668, 20.3763024], [86.1875179, 20.3758445], [86.1880031, 20.3756073], [86.1889712, 20.3755237], [86.1900882, 20.3754272], [86.192094, 20.3729698], [86.1931751, 20.3714207], [86.1948807, 20.3686591], [86.1964177, 20.3665707], [86.1964417, 20.3665349], [86.1967951, 20.3660062], [86.1974316, 20.36451], [86.1982762, 20.3633211], [86.1987999, 20.3630073], [86.1993557, 20.3630007], [86.2011475, 20.3639262], [86.2029572, 20.3650939], [86.202981, 20.3651092], [86.2058161, 20.3671551], [86.2075635, 20.365505], [86.2096295, 20.3643443], [86.2105199, 20.3639355], [86.2136246, 20.36251], [86.2160095, 20.3613835], [86.2160785, 20.3613509], [86.2181546, 20.3609762], [86.2211849, 20.3604702], [86.2229669, 20.3604736], [86.2247958, 20.360676], [86.2260975, 20.3611293], [86.22657, 20.3612938], [86.2279, 20.3616792], [86.229268, 20.3620829], [86.2302439, 20.3624768], [86.2321079, 20.3632293], [86.234207, 20.3640517], [86.2355778, 20.3649071], [86.236791, 20.3656307], [86.2380452, 20.3658259], [86.2394014, 20.3657597], [86.2396473, 20.3657393], [86.2404914, 20.3656694], [86.2405947, 20.3656609], [86.241324, 20.3654246], [86.2422836, 20.3651351], [86.2436348, 20.3650866], [86.2453738, 20.3650988], [86.2465137, 20.3651308], [86.2479422, 20.3649653], [86.2481031, 20.3653816], [86.2482101, 20.3660553], [86.2483492, 20.3669956], [86.2485411, 20.3679135], [86.2487777, 20.368538], [86.2492787, 20.3689739], [86.2485239, 20.3695837], [86.2482831, 20.3697783], [86.2473224, 20.3702981], [86.2463042, 20.3707863], [86.2458995, 20.3712588], [86.245667, 20.3717774], [86.2458804, 20.3722437], [86.2463247, 20.3724986], [86.246897, 20.3730523], [86.2470935, 20.3733794], [86.2472724, 20.3736773], [86.247683, 20.3739773], [86.2499981, 20.3757447], [86.2500005, 20.3752432], [86.2500577, 20.3753067], [86.2509492, 20.3762277], [86.2508672, 20.3762483], [86.2503971, 20.3783209], [86.2505725, 20.3790705], [86.250687, 20.3796484], [86.2506183, 20.3802225], [86.2503894, 20.3805658], [86.2504276, 20.3807985], [86.2506107, 20.3811455], [86.2510913, 20.3811475], [86.2516406, 20.3809206], [86.252251, 20.3804648], [86.2529225, 20.3802397], [86.2535252, 20.3801844], [86.2541278, 20.3802474], [86.2546161, 20.3800776], [86.2549161, 20.3796304], [86.2549149, 20.3796029], [86.2564607, 20.3798565], [86.2575385, 20.3798972], [86.25746, 20.379287], [86.2571572, 20.378468], [86.2566507, 20.3771781], [86.2557356, 20.3772014], [86.2548452, 20.3760411], [86.2551222, 20.3752336], [86.2572354, 20.3751522], [86.2588289, 20.3785474], [86.259342, 20.3784456], [86.2594118, 20.3787669], [86.2594265, 20.3788346], [86.2590876, 20.3795695], [86.2596754, 20.3798928], [86.2599838, 20.3805221], [86.2600642, 20.3807347], [86.260424, 20.3806279], [86.2605117, 20.381342], [86.2608181, 20.381393], [86.2612358, 20.3832064], [86.2621723, 20.3837571], [86.2606099, 20.3848619], [86.2608552, 20.3856535], [86.2608848, 20.3863183], [86.2608856, 20.3863359], [86.2613288, 20.3868347], [86.2633344, 20.3866432], [86.2637304, 20.3866054], [86.2639234, 20.3873155], [86.2640115, 20.3873556], [86.2652255, 20.3879086], [86.2666965, 20.3885787], [86.2674479, 20.3885273], [86.2675065, 20.3885233], [86.268932, 20.3879781], [86.2718819, 20.3873218], [86.2731291, 20.3880318], [86.2729529, 20.3882095], [86.2727632, 20.3884008], [86.2729299, 20.3886319], [86.2711448, 20.3902147], [86.2713636, 20.390559], [86.2693556, 20.3916574], [86.2695695, 20.3920243], [86.269815, 20.3927888], [86.2710108, 20.3932366], [86.2721585, 20.3916872], [86.2753887, 20.3946057], [86.2748378, 20.3956064], [86.2756975, 20.3962108], [86.275656, 20.3968702], [86.2742577, 20.3995742], [86.2740893, 20.3998997], [86.273926, 20.3999713], [86.2727831, 20.3984757], [86.2704689, 20.3953712], [86.269773, 20.3945777], [86.2687685, 20.3942075], [86.2674407, 20.3943375], [86.2668542, 20.3947326], [86.2662677, 20.3951277], [86.266083, 20.3960947], [86.2660418, 20.3963104], [86.2663192, 20.3982137], [86.2663219, 20.3982323], [86.2664641, 20.3992082], [86.2665595, 20.402335], [86.2661696, 20.4037293], [86.2655384, 20.4054435], [86.2659392, 20.4058455], [86.2663207, 20.4062283], [86.2686899, 20.4058091], [86.2692186, 20.4054725], [86.2693071, 20.4049713], [86.27154, 20.4050214], [86.2717282, 20.405736], [86.2721256, 20.4058416], [86.2719832, 20.4075758], [86.2731291, 20.4074496], [86.2735297, 20.4088699], [86.2736139, 20.4093174], [86.2733403, 20.4094248], [86.2736399, 20.4099275], [86.2733042, 20.4099758], [86.2734174, 20.4103693], [86.2728608, 20.4105025], [86.2727758, 20.4102356], [86.2719113, 20.4106566], [86.271105, 20.4109199], [86.2717444, 20.4124993], [86.2731817, 20.4156587], [86.2733988, 20.4163419], [86.2735678, 20.4166046], [86.2737367, 20.4168674], [86.274054, 20.4166563], [86.2751129, 20.4187435], [86.2761185, 20.4199494], [86.2765371, 20.4206062], [86.2765343, 20.4212116], [86.2773624, 20.4224213], [86.2776056, 20.4226842], [86.2773271, 20.4228142], [86.2765788, 20.4229737], [86.2754877, 20.4236604], [86.2752076, 20.4239199], [86.2749245, 20.4241821], [86.2745423, 20.4249215], [86.273731, 20.4252118], [86.2721685, 20.4252595], [86.2714454, 20.4251299], [86.2708598, 20.424715], [86.2707719, 20.4246528], [86.2705481, 20.4253656], [86.2704518, 20.4254419], [86.2691404, 20.4250796], [86.2691096, 20.4255268], [86.2687938, 20.4254505], [86.2683293, 20.4253383], [86.2685229, 20.4269474], [86.2691654, 20.4268914], [86.2690765, 20.4284452], [86.2700252, 20.4285214], [86.2699201, 20.4294697], [86.2696244, 20.4301552], [86.2695694, 20.4306519], [86.2700705, 20.4310787], [86.2699291, 20.4316292], [86.2699869, 20.4325783], [86.270404, 20.4325258], [86.270514, 20.433606], [86.2702458, 20.4335778], [86.2698829, 20.4363412], [86.2705242, 20.4365246], [86.2704983, 20.4369175], [86.2677044, 20.4358351], [86.2673565, 20.4372251], [86.2673135, 20.4373965], [86.2668988, 20.4379461], [86.2666349, 20.4380217], [86.2673585, 20.4400759], [86.2682215, 20.4399937], [86.2689476, 20.4415509], [86.2694997, 20.4423664], [86.270043, 20.4430283], [86.2715517, 20.4432605], [86.2752031, 20.4465285], [86.2729556, 20.4474499], [86.2714486, 20.4478411], [86.2700319, 20.448418], [86.2681617, 20.4495802], [86.2678387, 20.449999], [86.2654673, 20.449709], [86.265527, 20.450283], [86.2648499, 20.4505241], [86.2645742, 20.451047], [86.2646314, 20.4512977], [86.265241, 20.4539728], [86.2656926, 20.4537132], [86.2667935, 20.4530803], [86.2679059, 20.4530218], [86.2682453, 20.45221], [86.2691034, 20.4521594], [86.2697331, 20.4525039], [86.2708342, 20.4531063], [86.2703877, 20.4535551], [86.2699433, 20.4540017], [86.2707718, 20.4542429], [86.2710298, 20.454318], [86.2710805, 20.4543156], [86.2721758, 20.454264], [86.2726673, 20.4547405], [86.274058, 20.4546062], [86.2736704, 20.4572621], [86.2736666, 20.4572882], [86.2714585, 20.4573408], [86.2714087, 20.457342], [86.2714126, 20.4573735], [86.271575, 20.4586619], [86.2697773, 20.4586815], [86.2700255, 20.4629473], [86.2698876, 20.4634783], [86.2696528, 20.4643819], [86.2694336, 20.4652252], [86.2689171, 20.467212], [86.2687803, 20.4676405], [86.2686836, 20.4679429], [86.2677832, 20.4677855], [86.267871, 20.4694756], [86.2676939, 20.4694514], [86.2652583, 20.4691193], [86.2651355, 20.4691025], [86.2649645, 20.4697615], [86.264525, 20.4704192], [86.2643263, 20.4718912], [86.2644228, 20.4727861], [86.2641375, 20.4732864], [86.2639995, 20.4740764], [86.2639433, 20.4748171], [86.2639683, 20.4755762], [86.2636937, 20.4758823], [86.2637498, 20.4761715], [86.2639729, 20.476647], [86.2637182, 20.4767769], [86.2641645, 20.4776959], [86.2641388, 20.4780617], [86.2637499, 20.478173], [86.2637195, 20.4785162], [86.2640674, 20.4790769], [86.264276, 20.479413], [86.2644875, 20.4793327], [86.2651521, 20.4806999], [86.2669419, 20.4803596], [86.2675835, 20.4815459], [86.2677471, 20.4824638], [86.2672144, 20.48257], [86.2671868, 20.4833061], [86.266884, 20.4834902], [86.2652879, 20.4834112], [86.2654006, 20.483886], [86.2646649, 20.4843302], [86.2646863, 20.4846005], [86.2646921, 20.4846736], [86.2642694, 20.4848571], [86.2640498, 20.4846483], [86.2624013, 20.4854862], [86.2631007, 20.4875944], [86.2628474, 20.4884337], [86.2630313, 20.4886784], [86.2648056, 20.4910396], [86.2662555, 20.4902066], [86.2663124, 20.4901739], [86.2663324, 20.4902113], [86.2663848, 20.4903527], [86.2667736, 20.4914021], [86.2669674, 20.4919254], [86.2667452, 20.4924035], [86.2665621, 20.4927507], [86.2660357, 20.4927335], [86.2653947, 20.4927736], [86.2646318, 20.4928098], [86.2641664, 20.4929719], [86.2639075, 20.4931628], [86.2638612, 20.4931969], [86.2637391, 20.4934277], [86.2637315, 20.4937214], [86.263823, 20.4943701], [86.2640443, 20.4949651], [86.2642503, 20.4956747], [86.2642274, 20.4963212], [86.2641512, 20.4970231], [86.2640747, 20.4976068], [86.2636399, 20.4984746], [86.2633348, 20.4987607], [86.2628693, 20.4987455], [86.2624726, 20.4983811], [86.2621446, 20.4978433], [86.2618088, 20.4971872], [86.2615418, 20.4964739], [86.2612749, 20.4957032], [86.2605577, 20.4945644], [86.2603746, 20.494391], [86.2600465, 20.49408], [86.2593598, 20.4937653], [86.2592072, 20.4937711], [86.2585434, 20.4937996], [86.2580704, 20.4940799], [86.2577653, 20.4943051], [86.2575821, 20.4947686], [86.2573838, 20.4952912], [86.2571396, 20.4957547], [86.256781, 20.4959187], [86.25643, 20.4960254], [86.2559724, 20.4958958], [86.2553925, 20.4958176], [86.2550262, 20.496161], [86.2548965, 20.4965671], [86.2547134, 20.4969143], [86.254538, 20.4969677], [86.2543624, 20.4969619], [86.254248, 20.4967826], [86.2540879, 20.4964851], [86.253859, 20.496302], [86.2537369, 20.4963555], [86.2535614, 20.4965843], [86.2535462, 20.4969963], [86.2535308, 20.4973492], [86.2532868, 20.4978699], [86.2530959, 20.4983333], [86.2526229, 20.4986137], [86.2521499, 20.4986575], [86.2516845, 20.4986633], [86.2513946, 20.4987529], [86.2512725, 20.4989246], [86.2509598, 20.4995024], [86.2505324, 20.5001949], [86.2501662, 20.5005362], [86.2498152, 20.5007022], [86.2491744, 20.5007423], [86.2486479, 20.5006087], [86.2483122, 20.5004276], [86.2482055, 20.5002311], [86.2481291, 20.5000785], [86.24803, 20.4998534], [86.2479976, 20.4997825], [86.2478774, 20.4996206], [86.2477858, 20.4995444], [86.247641, 20.4994757], [86.2473815, 20.4994338], [86.2470992, 20.4996093], [86.2469255, 20.4999283], [86.246878, 20.5000156], [86.2463667, 20.5002978], [86.2451537, 20.5005801], [86.2438796, 20.5006868], [86.2422468, 20.5005628], [86.24037, 20.5003207], [86.2399962, 20.5007193], [86.2398817, 20.5008376], [86.2398207, 20.5009596], [86.2397749, 20.5011675], [86.2397368, 20.5012724], [86.2396757, 20.5014173], [86.2394088, 20.5015775], [86.2388441, 20.5017568], [86.2381041, 20.5018101], [86.237898, 20.5020715], [86.238104, 20.5024759], [86.238516, 20.5033381], [86.2390883, 20.5044348], [86.2395383, 20.5055753], [86.2400723, 20.5064471], [86.2405988, 20.5079824], [86.2402402, 20.5086195], [86.2396069, 20.5089036], [86.2389432, 20.508978], [86.238432, 20.5090352], [86.2373182, 20.5091727], [86.2362117, 20.5092545], [86.2358609, 20.5090619], [86.2356548, 20.5087147], [86.235243, 20.5078527], [86.2346784, 20.5066453], [86.2340756, 20.5051613], [86.2335949, 20.5044594], [86.2328473, 20.5039598], [86.2321912, 20.5037977], [86.2310621, 20.5033817], [86.2299557, 20.5028534], [86.2291699, 20.5025062], [86.2288952, 20.5023843], [86.2281399, 20.501995], [86.2274152, 20.5012799], [86.227316, 20.5012283], [86.2272092, 20.5011463], [86.2271252, 20.5010776], [86.2270413, 20.5010109], [86.2269574, 20.5009327], [86.226492, 20.5000686], [86.2255232, 20.4998894], [86.2246152, 20.5000572], [86.2241345, 20.4993038], [86.2234783, 20.4979744], [86.2231122, 20.4972438], [86.2221662, 20.4953707], [86.2212126, 20.4943274], [86.219946, 20.4932822], [86.2197553, 20.4930914], [86.2172987, 20.490671], [86.2162229, 20.489395], [86.2155591, 20.4888723], [86.2147123, 20.4885214], [86.2145292, 20.4885423], [86.2138044, 20.488632], [86.2129574, 20.488857], [86.2121641, 20.4892576], [86.2114927, 20.489887], [86.2108824, 20.4901711], [86.2101499, 20.4906289], [86.2091123, 20.4913156], [86.2081966, 20.4920594], [86.2074644, 20.4929215], [86.2043668, 20.4940564], [86.2027264, 20.4942204], [86.2023525, 20.4949089], [86.2023448, 20.4955803], [86.2023632, 20.4961532], [86.2018879, 20.4969313], [86.2013281, 20.4974716], [86.2000407, 20.49826], [86.1989878, 20.4986969], [86.1978968, 20.4990363], [86.1966837, 20.4992595], [86.1961344, 20.499084], [86.1952953, 20.498445], [86.1947535, 20.4979796], [86.1940898, 20.4976878], [86.193365, 20.4977412], [86.1927546, 20.4981417], [86.1921443, 20.498714], [86.1915873, 20.4993452], [86.1907937, 20.5005526], [86.190519, 20.5008692], [86.1904275, 20.5010562], [86.1903665, 20.5011935], [86.1902674, 20.5014834], [86.1900004, 20.5017561], [86.1896341, 20.5023951], [86.1894661, 20.5029348], [86.1895655, 20.5031942], [86.189691, 20.503515], [86.1900918, 20.5040907], [86.190664, 20.5045218], [86.1914762, 20.5049697], [86.1915872, 20.5050921], [86.1920297, 20.505569], [86.1922357, 20.5060267], [86.1920602, 20.5066237], [86.1913582, 20.5076231], [86.1910911, 20.5085463], [86.1911141, 20.509601], [86.191404, 20.5104536], [86.1924644, 20.5115865], [86.1934411, 20.5122695], [86.1936089, 20.5123839], [86.1938988, 20.5125823], [86.1936242, 20.5128932], [86.1927315, 20.5133243], [86.1917778, 20.5137514], [86.1909309, 20.5143523], [86.1897788, 20.5149302], [86.1892371, 20.5148882], [86.1888557, 20.51436], [86.1882453, 20.5136484], [86.1879097, 20.5133471], [86.1871696, 20.5134023], [86.1868338, 20.5137094], [86.1866542, 20.5143079], [86.1866432, 20.5143445], [86.1865745, 20.5145754], [86.1862159, 20.515878], [86.1858191, 20.516847], [86.1852622, 20.5176347], [86.1846518, 20.5183099], [86.1839879, 20.5188689], [86.1833929, 20.519378], [86.1826071, 20.5199274], [86.1817679, 20.5204194], [86.1801427, 20.5215161], [86.1780294, 20.5225746], [86.1765416, 20.523515], [86.1757405, 20.5242855], [86.1748249, 20.5249378], [86.174619, 20.5250351], [86.1739323, 20.525369], [86.1731922, 20.5254241], [86.1728336, 20.5253403], [86.1724522, 20.5248691], [86.1720173, 20.5244533], [86.1719791, 20.5243026], [86.1713078, 20.5239517], [86.170766, 20.5239098], [86.170377, 20.5241023]]]}}, {"type": "Feature", "properties": {"OBJECTID": 356, "state": "ODISHA", "district": "Cuttack", "stcode11": "21", "dtcode11": "381", "blkcode11": "0131", "block_name": "SALEPUR", "code2011": "213810131", "block_lgd": 3343, "block_ver": 1, "dist_lgd": 350, "b_pan_code": 3706, "state_lgd": 21, "shape_Length": 113335.9639880553, "shape_Area": 277456187.6932769}, "geometry": {"type": "Polygon", "coordinates": [[[86.1060833, 20.549311], [86.10516, 20.5500318], [86.1052209, 20.5507414], [86.1052744, 20.5514681], [86.1051065, 20.5519545], [86.1046259, 20.5525286], [86.1038857, 20.5532496], [86.1029015, 20.5540086], [86.1023674, 20.5545237], [86.1018105, 20.555258], [86.1013909, 20.5558359], [86.1010094, 20.5566942], [86.1010552, 20.5574762], [86.1012459, 20.5578233], [86.1012695, 20.5578681], [86.1013679, 20.5580542], [86.1014798, 20.5581901], [86.101757, 20.5585272], [86.1019174, 20.5588692], [86.1022148, 20.5595037], [86.1026344, 20.5603124], [86.102436, 20.5610753], [86.1018867, 20.5618097], [86.1010933, 20.5624162], [86.1009712, 20.5627348], [86.100933, 20.5628473], [86.101055, 20.5635225], [86.1013068, 20.5640966], [86.1018444, 20.564723], [86.1019173, 20.5648081], [86.102024, 20.5650237], [86.1020659, 20.5651061], [86.1023826, 20.5657294], [86.1023853, 20.5657423], [86.1025503, 20.5665209], [86.1024894, 20.5672361], [86.1024768, 20.5672713], [86.1022375, 20.56794], [86.101406, 20.5683768], [86.1006125, 20.5689814], [86.0994758, 20.5694504], [86.0988118, 20.5700112], [86.0982702, 20.5705262], [86.0976904, 20.5709268], [86.0972173, 20.5713903], [86.0970571, 20.5716554], [86.0968587, 20.5719739], [86.0969733, 20.5724106], [86.097614, 20.5730306], [86.0978655, 20.5731564], [86.0979727, 20.5732099], [86.0981406, 20.5732919], [86.099053, 20.5736717], [86.0991167, 20.5736982], [86.0994375, 20.5738317], [86.0999182, 20.5739233], [86.1001937, 20.5740613], [86.101612, 20.574772], [86.1020086, 20.5751344], [86.102329, 20.5756017], [86.1024281, 20.575886], [86.102558, 20.5761319], [86.1025955, 20.5762046], [86.1032064, 20.577387], [86.1032903, 20.5778372], [86.1031339, 20.578385], [86.1031224, 20.5784247], [86.0998798, 20.5823537], [86.0990481, 20.5827576], [86.0988193, 20.5828687], [86.098598, 20.5829774], [86.0976444, 20.5834066], [86.0947299, 20.5845757], [86.0933184, 20.5846367], [86.0917392, 20.5849877], [86.0914568, 20.5855522], [86.0913806, 20.5857125], [86.0903962, 20.5864716], [86.0896333, 20.5870877], [86.0895342, 20.5869674], [86.0891299, 20.5863934], [86.0884967, 20.5859184], [86.0883211, 20.5857849], [86.0872073, 20.5849724], [86.0862917, 20.5840263], [86.0857882, 20.5834865], [86.0850101, 20.5826416], [86.0840946, 20.5815601], [86.0837587, 20.5811214], [86.0831179, 20.5803432], [86.082439, 20.5794314], [86.081592, 20.5784854], [86.081226, 20.5781821], [86.0810581, 20.5780447], [86.0806842, 20.5777338], [86.080608, 20.5776118], [86.0799747, 20.5768966], [86.0791278, 20.5760859], [86.0781512, 20.5751055], [86.0769687, 20.5741594], [86.0761294, 20.5736445], [86.0756488, 20.5733488], [86.0742984, 20.5724027], [86.0727727, 20.5711172], [86.0724293, 20.5707739], [86.0722995, 20.5706423], [86.0703082, 20.5686852], [86.0694996, 20.5677392], [86.0685841, 20.5659558], [86.0684162, 20.5656087], [86.0675007, 20.5636155], [86.0670278, 20.5626351], [86.0668675, 20.5623204], [86.0662877, 20.561216], [86.0661503, 20.5608441], [86.0661217, 20.5603196], [86.0661028, 20.5602997], [86.0661198, 20.5602853], [86.0660818, 20.559797], [86.0660435, 20.5582901], [86.0659826, 20.5581719], [86.0658758, 20.5573326], [86.0656316, 20.5566479], [86.065708, 20.5564877], [86.0655554, 20.5548111], [86.0654485, 20.5546357], [86.0654867, 20.5543057], [86.0652731, 20.553291], [86.0652323, 20.5525487], [86.0652273, 20.5524575], [86.0651206, 20.55228], [86.0649222, 20.5510995], [86.0649069, 20.5499321], [86.064762, 20.5489498], [86.0645331, 20.548679], [86.0638542, 20.5480705], [86.0629767, 20.547361], [86.0623282, 20.5468231], [86.0621985, 20.5467181], [86.0610159, 20.5458065], [86.0601005, 20.545198], [86.0593605, 20.544725], [86.0585823, 20.5442519], [86.0580252, 20.5439221], [86.0574301, 20.5435768], [86.0552405, 20.5432047], [86.053379, 20.5431036], [86.0523718, 20.5433191], [86.0514868, 20.543508], [86.0501669, 20.5439809], [86.0486487, 20.5445551], [86.0463826, 20.5454], [86.0453298, 20.5459646], [86.044933, 20.5461781], [86.0447881, 20.5462659], [86.0416829, 20.5482057], [86.0406758, 20.5484077], [86.0391193, 20.5488808], [86.0374637, 20.5490161], [86.0373265, 20.5490258], [86.0355716, 20.5491515], [86.0340153, 20.5489818], [86.0326267, 20.5486118], [86.0313241, 20.5480313], [86.0312229, 20.5479861], [86.0301318, 20.5471241], [86.0293842, 20.5462122], [86.0285755, 20.5450279], [86.028339, 20.5446235], [86.028133, 20.543643], [86.0280339, 20.5424261], [86.0279652, 20.5411426], [86.0280034, 20.5406141], [86.0277517, 20.5394125], [86.0276296, 20.5388518], [86.0278508, 20.5383178], [86.0279729, 20.5363264], [86.028568, 20.5345394], [86.0287054, 20.5343829], [86.028736, 20.5340529], [86.0288734, 20.5338945], [86.0289037, 20.5335646], [86.0290411, 20.5334083], [86.0293844, 20.5322676], [86.0295676, 20.53185], [86.0300101, 20.5308143], [86.0304679, 20.5291834], [86.0305137, 20.5286875], [86.0310248, 20.5270606], [86.0311013, 20.5262327], [86.031002, 20.524726], [86.030468, 20.5231867], [86.0299339, 20.5223686], [86.0293999, 20.5217543], [86.0292397, 20.5215769], [86.0291024, 20.5214167], [86.0277061, 20.5205298], [86.0274239, 20.5204955], [86.0263786, 20.5203256], [86.0249213, 20.5201578], [86.0238839, 20.5201368], [86.0231667, 20.5201234], [86.0216789, 20.5200548], [86.0200614, 20.5199879], [86.0181312, 20.5199212], [86.0159644, 20.5198239], [86.0150947, 20.5197858], [86.0143709, 20.5198002], [86.0143459, 20.5198007], [86.0134696, 20.5198182], [86.0131873, 20.5198181], [86.0114783, 20.5198182], [86.0101585, 20.5196503], [86.0088157, 20.5193947], [86.0080299, 20.5192439], [86.006504, 20.5187042], [86.0063361, 20.518643], [86.0052222, 20.5182311], [86.0046424, 20.5179165], [86.0034674, 20.517285], [86.0024222, 20.516236], [86.0021093, 20.5157705], [86.0019262, 20.5156104], [86.0016821, 20.5154005], [86.000698, 20.5146738], [86.0004234, 20.5144735], [86.0001638, 20.5142962], [85.9992179, 20.5136591], [85.9979743, 20.5128084], [85.9975318, 20.5127969], [85.9972953, 20.5126215], [85.9965705, 20.5123754], [85.9960822, 20.512364], [85.9956015, 20.5121808], [85.9948691, 20.5121636], [85.9936637, 20.5119081], [85.9904974, 20.5118374], [85.9895209, 20.5119882], [85.9891775, 20.5119804], [85.9889944, 20.5119767], [85.9875372, 20.5119423], [85.9853934, 20.5118946], [85.9827077, 20.5121196], [85.9820364, 20.5123923], [85.979595, 20.5126251], [85.9786184, 20.5128882], [85.9782347, 20.5129597], [85.9778401, 20.5130332], [85.9764134, 20.5132983], [85.9734838, 20.5136912], [85.9729955, 20.5138513], [85.9703174, 20.5140783], [85.9693409, 20.5140554], [85.9688603, 20.5139314], [85.9687077, 20.5139391], [85.9677005, 20.5139829], [85.9671512, 20.5140077], [85.9640002, 20.5137635], [85.9625355, 20.5135575], [85.9620547, 20.5134908], [85.9613299, 20.5133037], [85.9608493, 20.5132924], [85.9593922, 20.5129165], [85.9574543, 20.5126991], [85.9571643, 20.5127276], [85.956966, 20.5127468], [85.955997, 20.5126095], [85.9521288, 20.5124777], [85.951137, 20.5124435], [85.9465212, 20.5120199], [85.9465244, 20.5119246], [85.9447589, 20.5095479], [85.9442477, 20.5081614], [85.9441256, 20.5079744], [85.9440112, 20.5078104], [85.9437518, 20.5062578], [85.9438359, 20.5026472], [85.9439503, 20.5021875], [85.9440342, 20.5020502], [85.944347, 20.5016726], [85.9445377, 20.5014303], [85.9446903, 20.501232], [85.9447666, 20.5011404], [85.9448429, 20.5010317], [85.9449955, 20.5006616], [85.9450947, 20.5004919], [85.9450947, 20.5002286], [85.9451024, 20.4990461], [85.944019, 20.4973143], [85.9422642, 20.4958742], [85.9405706, 20.4946076], [85.9389303, 20.4936368], [85.9383275, 20.4932801], [85.936504, 20.4924123], [85.9344441, 20.4912584], [85.9329945, 20.4902778], [85.9319036, 20.4892993], [85.9305684, 20.4880329], [85.9297902, 20.4868846], [85.9286458, 20.4841876], [85.9281119, 20.4820094], [85.9273947, 20.480289], [85.9266088, 20.479198], [85.9258918, 20.4778762], [85.9256476, 20.4769034], [85.926441, 20.4764476], [85.9273566, 20.476108], [85.9277304, 20.4753661], [85.9274329, 20.4738765], [85.9270133, 20.4724993], [85.9260521, 20.4711222], [85.9251442, 20.4698004], [85.9244804, 20.4687094], [85.924717, 20.4681048], [85.9249763, 20.4674524], [85.9271127, 20.4659743], [85.9285775, 20.465179], [85.9312021, 20.4636455], [85.9335138, 20.4626842], [85.9353448, 20.4616618], [85.9366266, 20.4608094], [85.9377863, 20.4604145], [85.9396099, 20.4597947], [85.9410136, 20.4596268], [85.9411661, 20.4595638], [85.9422343, 20.4591176], [85.943516, 20.4583223], [85.9453396, 20.4578168], [85.9471095, 20.456909], [85.9481473, 20.4563425], [85.9494289, 20.4558332], [85.9506421, 20.455322], [85.9513821, 20.4547537], [85.9521756, 20.453842], [85.9526028, 20.4529855], [85.9533505, 20.4507578], [85.9535336, 20.4502982], [85.9538388, 20.4493846], [85.9556089, 20.4487074], [85.9574933, 20.4485435], [85.9590727, 20.4483794], [85.9602324, 20.4479847], [85.9634597, 20.4468556], [85.9667556, 20.4453831], [85.9703492, 20.4439699], [85.9722412, 20.4428922], [85.9738435, 20.4425145], [85.974614, 20.4423315], [85.9750413, 20.4421922], [85.9758347, 20.4419367], [85.9769944, 20.4413701], [85.9778108, 20.441437], [85.9784516, 20.4414904], [85.9797868, 20.4418986], [85.9818544, 20.4414523], [85.9843492, 20.4408896], [85.9864245, 20.4403861], [85.9875765, 20.4401057], [85.9899493, 20.4400028], [85.9912845, 20.4399532], [85.9927493, 20.4393868], [85.9941532, 20.4387058], [85.9954349, 20.4381985], [85.9959155, 20.4378571], [85.9976704, 20.4379601], [85.9979144, 20.4380593], [85.9981662, 20.4381432], [85.9988223, 20.43817], [85.9994945, 20.438111], [85.9995351, 20.4380839], [85.9995396, 20.438107], [86.0006992, 20.4380078], [86.0043384, 20.4376284], [86.0074895, 20.4374167], [86.0090993, 20.4374263], [86.0111822, 20.4374395], [86.0131276, 20.4373939], [86.013532, 20.4374073], [86.015424, 20.4374683], [86.0174764, 20.4376819], [86.0177891, 20.4377143], [86.0195973, 20.4383038], [86.0212911, 20.4388913], [86.0223745, 20.4395341], [86.0236333, 20.4403524], [86.0249075, 20.440648], [86.0254262, 20.4406518], [86.0250905, 20.4410428], [86.0232746, 20.4433373], [86.0230916, 20.4435452], [86.0228093, 20.4437264], [86.0216877, 20.4451473], [86.0213977, 20.4456377], [86.0213368, 20.445834], [86.0213443, 20.4459924], [86.0213979, 20.4461144], [86.0215961, 20.4462937], [86.0242131, 20.4463032], [86.0259678, 20.4464769], [86.0279057, 20.4469957], [86.0297825, 20.4475144], [86.03214, 20.4478618], [86.0346272, 20.4483214], [86.0372899, 20.4484359], [86.0390447, 20.4482051], [86.0412877, 20.4476844], [86.0433478, 20.4473946], [86.0448659, 20.4473354], [86.0460181, 20.4470456], [86.0471091, 20.4459488], [86.0479636, 20.4443867], [86.0483908, 20.4423057], [86.0486197, 20.4412491], [86.0497337, 20.4405721], [86.0520378, 20.4402248], [86.0543343, 20.4398206], [86.0562798, 20.4394144], [86.0576684, 20.43901], [86.0582176, 20.4389509], [86.0584254, 20.4388041], [86.058706, 20.4386058], [86.0593697, 20.438373], [86.0605827, 20.438085], [86.0614907, 20.4377951], [86.0626427, 20.4375052], [86.063131, 20.4373907], [86.0639168, 20.4371581], [86.0648248, 20.4369273], [86.0656182, 20.4366946], [86.0663431, 20.4364066], [86.0671289, 20.4361167], [86.0674545, 20.4359525], [86.0679758, 20.4356895], [86.0684641, 20.4354815], [86.0690745, 20.4354244], [86.0696162, 20.4355388], [86.069967, 20.4355903], [86.0704019, 20.4356552], [86.071554, 20.4355961], [86.0724619, 20.4354797], [86.0731943, 20.4354225], [86.0739193, 20.4353062], [86.0750102, 20.4354226], [86.0759791, 20.4354226], [86.0772533, 20.4354207], [86.0788249, 20.4352472], [86.0797938, 20.4351308], [86.0806408, 20.4350163], [86.0814342, 20.4349001], [86.0823421, 20.4347264], [86.083311, 20.4346673], [86.0839748, 20.4346673], [86.0845851, 20.4347838], [86.0850735, 20.4348772], [86.0854931, 20.4349554], [86.0862178, 20.4348982], [86.0873088, 20.4346675], [86.0879726, 20.4344367], [86.088705, 20.4342039], [86.0896129, 20.4337997], [86.0902234, 20.4332217], [86.0910092, 20.4325274], [86.0915585, 20.4320086], [86.0922146, 20.4313831], [86.0927717, 20.4308528], [86.0935574, 20.4304485], [86.0945264, 20.4301586], [86.0956175, 20.4295807], [86.0967161, 20.4290599], [86.097563, 20.4286556], [86.0982268, 20.428192], [86.0988982, 20.4279041], [86.0997449, 20.4277878], [86.1006529, 20.4277878], [86.1011793, 20.4278297], [86.1011946, 20.4277305], [86.1016218, 20.4270363], [86.1021102, 20.4265748], [86.1025984, 20.4261112], [86.1030791, 20.4257088], [86.1035293, 20.4253216], [86.1036894, 20.4253617], [86.1045974, 20.4253597], [86.1056274, 20.4249555], [86.1070464, 20.4242077], [86.1085419, 20.4232217], [86.1104186, 20.4221822], [86.1119369, 20.4214308], [86.1132722, 20.420563], [86.1141191, 20.4200423], [86.1146531, 20.4197066], [86.1145721, 20.4194244], [86.1143021, 20.4184839], [86.1136384, 20.4168665], [86.1130968, 20.4154226], [86.1128602, 20.4143259], [86.1125628, 20.4132273], [86.1125389, 20.4130955], [86.1125017, 20.4128898], [86.1131655, 20.412245], [86.1148058, 20.4114363], [86.1152183, 20.4111978], [86.1168048, 20.4102804], [86.1186891, 20.4092409], [86.1202609, 20.4084303], [86.1209933, 20.408028], [86.1218403, 20.4075072], [86.1220844, 20.4073374], [86.1225041, 20.4070456], [86.1228092, 20.4070457], [86.1232974, 20.4074501], [86.123717, 20.408604], [86.1240755, 20.4098763], [86.1243732, 20.4109729], [86.1247393, 20.4118389], [86.1249605, 20.412415], [86.12522, 20.4125884], [86.1266162, 20.4120106], [86.1282566, 20.4109139], [86.1301334, 20.4098172], [86.1319493, 20.4087186], [86.1336507, 20.4076791], [86.1351689, 20.4063497], [86.13626, 20.4050221], [86.1363591, 20.404902], [86.1369314, 20.4042116], [86.1371297, 20.4039388], [86.1377782, 20.4030576], [86.1387548, 20.4023633], [86.1396016, 20.4019018], [86.1403875, 20.4017281], [86.1414861, 20.40161], [86.1416167, 20.4015813], [86.1430578, 20.4012648], [86.1440879, 20.4006297], [86.1457816, 20.3993022], [86.146392, 20.3981462], [86.1464232, 20.3980913], [86.146514, 20.3979308], [86.1468193, 20.3973948], [86.1470482, 20.3971507], [86.147361, 20.3968188], [86.1479713, 20.3966453], [86.1488182, 20.3965289], [86.1494209, 20.3967024], [86.1500313, 20.3971069], [86.1502677, 20.3977992], [86.1503288, 20.3979728], [86.1506263, 20.399533], [86.1507483, 20.4009178], [86.1511069, 20.4020164], [86.1516486, 20.4031132], [86.1528616, 20.4032295], [86.1541358, 20.4034011], [86.1550438, 20.4034012], [86.1552879, 20.4034012], [86.1555854, 20.4031131], [86.1552268, 20.4008034], [86.15541, 20.3996475], [86.155593, 20.3991268], [86.1562645, 20.3987815], [86.1571114, 20.3988388], [86.1578972, 20.398896], [86.1595909, 20.3990124], [86.1612922, 20.3992414], [86.1626808, 20.3993005], [86.1640769, 20.3994722], [86.165168, 20.399762], [86.1658318, 20.4000502], [86.1666787, 20.4006281], [86.1669457, 20.4011411], [86.1672204, 20.4016676], [86.1674645, 20.4024172], [86.1678841, 20.4030523], [86.1682427, 20.4038611], [86.1684257, 20.4044962], [86.1685554, 20.4048147], [86.1684562, 20.4050283], [86.1683876, 20.4053831], [86.1683722, 20.4057893], [86.1684639, 20.4065542], [86.1685096, 20.4069071], [86.1685248, 20.4074277], [86.1684639, 20.4077787], [86.1683342, 20.4080992], [86.1680977, 20.4086599], [86.1680061, 20.4089613], [86.1677771, 20.4097433], [86.1674415, 20.4106398], [86.167205, 20.4109697], [86.166854, 20.4112787], [86.1663657, 20.4115743], [86.1659537, 20.4117174], [86.1654883, 20.4117289], [86.1653814, 20.4116887], [86.1651069, 20.4115133], [86.1648932, 20.4112443], [86.1642066, 20.4101056], [86.1638556, 20.4097032], [86.1635123, 20.4093943], [86.1631308, 20.4091692], [86.1618186, 20.4086046], [86.1615744, 20.4084329], [86.1614601, 20.4083013], [86.1612464, 20.4078988], [86.1610632, 20.4072485], [86.160964, 20.4070195], [86.1608115, 20.406907], [86.1605292, 20.4068936], [86.1596976, 20.4069221], [86.1591331, 20.4070252], [86.1588813, 20.407195], [86.1587745, 20.4074678], [86.1587134, 20.4078053], [86.1588126, 20.4091615], [86.159049, 20.4107236], [86.1590872, 20.4109087], [86.1591317, 20.4111152], [86.1592092, 20.411475], [86.1592703, 20.4117688], [86.1593441, 20.4122724], [86.1594991, 20.413329], [86.1594916, 20.4137983], [86.1594, 20.4143093], [86.1591863, 20.4150494], [86.1589574, 20.4155702], [86.1585379, 20.4161766], [86.1584974, 20.4162158], [86.15843, 20.4162811], [86.1581562, 20.4165467], [86.1574392, 20.4169549], [86.1565617, 20.4172771], [86.1556767, 20.4174641], [86.1550183, 20.417534], [86.1548146, 20.4175556], [86.1544255, 20.4175977], [86.1538457, 20.4176033], [86.153365, 20.4175289], [86.1529148, 20.4173725], [86.1520069, 20.416949], [86.1518849, 20.4168899], [86.1512745, 20.4163482], [86.150832, 20.4159325], [86.1505727, 20.4157398], [86.1500157, 20.4154231], [86.1495121, 20.415219], [86.1490621, 20.4151294], [86.1485127, 20.4151027], [86.1480167, 20.415181], [86.1477803, 20.415322], [86.1475973, 20.4154326], [86.1468037, 20.4169433], [86.1466587, 20.417176], [86.1464604, 20.4173953], [86.1464298, 20.4179332], [86.1464145, 20.4181145], [86.1464145, 20.41915], [86.1463687, 20.4195506], [86.1462847, 20.41981], [86.1461094, 20.4201305], [86.1456897, 20.4207064], [86.1452853, 20.421025], [86.1446826, 20.421355], [86.1442706, 20.421519], [86.1441423, 20.4215694], [86.1417909, 20.4224936], [86.1410204, 20.4227606], [86.1406618, 20.4229361], [86.1402727, 20.423266], [86.1397158, 20.4239183], [86.1395949, 20.4241179], [86.1395403, 20.4242082], [86.1394106, 20.4247156], [86.1393114, 20.4251619], [86.1388689, 20.4263978], [86.1386781, 20.4275174], [86.1385713, 20.4279028], [86.1384111, 20.4281907], [86.1379534, 20.4286695], [86.1375795, 20.4291292], [86.1371826, 20.4294801], [86.1368546, 20.4296347], [86.1364961, 20.4298025], [86.135634, 20.4299951], [86.1352144, 20.4301743], [86.1348176, 20.4304566], [86.1346954, 20.4306684], [86.1345734, 20.4308726], [86.134436, 20.4310994], [86.1342988, 20.4317861], [86.1342988, 20.432097], [86.1344056, 20.4325834], [86.1344513, 20.4328274], [86.1348328, 20.4334283], [86.1362061, 20.435059], [86.1365952, 20.4355264], [86.1372589, 20.436648], [86.1381745, 20.4379355], [86.13909, 20.4393068], [86.1396927, 20.4400831], [86.139746, 20.4402129], [86.1395172, 20.4405467], [86.1391281, 20.4407583], [86.1385177, 20.4409739], [86.1378845, 20.4411245], [86.1372284, 20.4412314], [86.1347868, 20.4414048], [86.1343617, 20.4413918], [86.1340392, 20.441382], [86.1335661, 20.4413667], [86.1331237, 20.4412828], [86.1327346, 20.4411491], [86.1323225, 20.4408878], [86.131964, 20.4404588], [86.1310485, 20.4386505], [86.1305678, 20.4379563], [86.1301787, 20.437552], [86.1300871, 20.4374528], [86.1297667, 20.4371818], [86.1294082, 20.4369588], [86.1289962, 20.4368214], [86.1285002, 20.4369759], [86.1277373, 20.4374051], [86.1267836, 20.437817], [86.1248533, 20.4384216], [86.1246017, 20.4384998], [86.1241897, 20.4386524], [86.123953, 20.4387782], [86.1236098, 20.4389671], [86.12303, 20.439404], [86.1217023, 20.4402965], [86.1215269, 20.4404452], [86.1213895, 20.4406551], [86.1213133, 20.4407523], [86.1211606, 20.4409336], [86.1210691, 20.4411357], [86.1209623, 20.4415973], [86.1207716, 20.4428676], [86.1206494, 20.4432223], [86.1205732, 20.4433139], [86.1204816, 20.4434208], [86.1202146, 20.4434779], [86.1197109, 20.4434646], [86.1191159, 20.4433769], [86.118203, 20.4431896], [86.1175442, 20.4430545], [86.1172161, 20.4430335], [86.1168805, 20.4430697], [86.1165143, 20.4431765], [86.115707, 20.4435302], [86.1150342, 20.443825], [86.114462, 20.4441874], [86.1140042, 20.4446203], [86.1138974, 20.4447233], [86.1138058, 20.4448092], [86.1137839, 20.4448377], [86.1136465, 20.4450167], [86.1134396, 20.445286], [86.1132412, 20.4456446], [86.1131038, 20.445986], [86.1130504, 20.4462473], [86.1130428, 20.4465372], [86.1131725, 20.4481089], [86.1130657, 20.4483759], [86.1129742, 20.4484465], [86.112875, 20.4484751], [86.1126003, 20.4484598], [86.1122494, 20.4483702], [86.1118145, 20.4481775], [86.1112805, 20.4478724], [86.1108303, 20.4477273], [86.110136, 20.447634], [86.1098765, 20.4476492], [86.1095944, 20.4477159], [86.1092205, 20.4478608], [86.1086405, 20.4481412], [86.1079769, 20.4483338], [86.1073131, 20.4486334], [86.1067562, 20.4490605], [86.1060847, 20.4497987], [86.1058558, 20.4499532], [86.1056574, 20.4500008], [86.1055049, 20.4500353], [86.1049555, 20.4499741], [86.1044903, 20.4499836], [86.1042612, 20.4500332], [86.1040094, 20.4501534], [86.1037349, 20.4503479], [86.1034982, 20.4505997], [86.1032313, 20.4509964], [86.1027583, 20.4517041], [86.1028879, 20.4518815], [86.1018274, 20.4530373], [86.1010878, 20.4531271], [86.1007745, 20.4531651], [86.1006754, 20.453146], [86.1002939, 20.4532472], [86.0999125, 20.4534721], [86.0994775, 20.4536552], [86.0989816, 20.4541111], [86.0987986, 20.4544278], [86.0986535, 20.4552231], [86.0986687, 20.4556046], [86.0987146, 20.4558049], [86.0987985, 20.4562226], [86.0987985, 20.4565582], [86.098684, 20.4569263], [86.0985314, 20.4571401], [86.0983636, 20.4571896], [86.0982492, 20.4571724], [86.0978754, 20.4568825], [86.0976847, 20.4566517], [86.0975244, 20.4563255], [86.0973336, 20.4560661], [86.0963342, 20.4550647], [86.0962121, 20.4548664], [86.0957085, 20.4548416], [86.0944115, 20.4549045], [86.0936562, 20.4548034], [86.0928857, 20.4545516], [86.0920617, 20.4540461], [86.0916115, 20.4539146], [86.0902688, 20.4536341], [86.0897195, 20.4533442], [86.0893838, 20.4536742], [86.0890786, 20.4539756], [86.088247, 20.4545478], [86.0881326, 20.4547556], [86.0880028, 20.4549979], [86.0877129, 20.4555376], [86.0878197, 20.4557589], [86.0882469, 20.4562624], [86.0908562, 20.4590149], [86.0918785, 20.4603424], [86.0925804, 20.4610843], [86.0929008, 20.4615897], [86.0936791, 20.4626713], [86.0938163, 20.462923], [86.0937781, 20.4631347], [86.0935264, 20.4633712], [86.0931144, 20.463682], [86.0941673, 20.4645366], [86.0951285, 20.4653511], [86.0960899, 20.4662227], [86.0971123, 20.4670944], [86.0976844, 20.4675503], [86.0981956, 20.4677372], [86.0987984, 20.4675102], [86.0991721, 20.4671078], [86.0996605, 20.4660721], [86.1003395, 20.4650365], [86.1021095, 20.463604], [86.102475, 20.4634971], [86.102842, 20.4630891], [86.102964, 20.4633542], [86.104055, 20.4630375], [86.1056955, 20.4624711], [86.1072746, 20.4619619], [86.1081902, 20.4618513], [86.1086023, 20.461958], [86.1089684, 20.4624902], [86.109205, 20.4634153], [86.1092263, 20.4635843], [86.1093728, 20.4647447], [86.1096016, 20.4661333], [86.1100059, 20.4680407], [86.1101737, 20.4694845], [86.1102898, 20.4703924], [86.1103167, 20.4706028], [86.1104027, 20.4712755], [86.1105706, 20.4726049], [86.1107425, 20.473647], [86.1109138, 20.4746859], [86.1115775, 20.4749777], [86.1128516, 20.4745829], [86.1130864, 20.4744865], [86.1153465, 20.4735588], [86.1168038, 20.4735664], [86.1180703, 20.4737475], [86.1189171, 20.4743313], [86.1196954, 20.4756054], [86.1202904, 20.4766468], [86.1207023, 20.4774574], [86.1213661, 20.4782127], [86.1218391, 20.4787162], [86.1219611, 20.4788517], [86.1224418, 20.4796051], [86.1228613, 20.4804157], [86.1236319, 20.481459], [86.1245932, 20.4827351], [86.125547, 20.4840684], [86.1267143, 20.4856687], [86.1274619, 20.486794], [86.1280111, 20.4869103], [86.1280044, 20.4869385], [86.1280746, 20.4869238], [86.1283371, 20.4869798], [86.1302465, 20.4873872], [86.1326728, 20.4874006], [86.1344886, 20.4873548], [86.1349464, 20.4872347], [86.1349521, 20.4872331], [86.1366172, 20.4867903], [86.1380745, 20.4866262], [86.1383644, 20.4867503], [86.1386162, 20.486859], [86.1395164, 20.4877879], [86.139585, 20.48791], [86.1401726, 20.4890029], [86.1404243, 20.4896438], [86.1405845, 20.4900462], [86.1411796, 20.4916084], [86.1416525, 20.4928234], [86.1420645, 20.4942673], [86.1423544, 20.4955966], [86.1424001, 20.496867], [86.142568, 20.4983108], [86.1426824, 20.4994075], [86.142774, 20.5000846], [86.1427817, 20.5002181], [86.1427662, 20.5003573], [86.1427588, 20.5004927], [86.1427282, 20.5006224], [86.1427129, 20.5008075], [86.14269, 20.5009696], [86.1427053, 20.5011565], [86.1427054, 20.5014369], [86.1433538, 20.502318], [86.1440252, 20.5030334], [86.1448415, 20.5033614], [86.1449614, 20.5034103], [86.1453755, 20.5035789], [86.1468176, 20.5038555], [86.1482213, 20.5039071], [86.1498082, 20.5039167], [86.1508153, 20.5038822], [86.1513341, 20.5038651], [86.1528143, 20.5039795], [86.1539283, 20.5042295], [86.1549199, 20.5047482], [86.1558356, 20.5054274], [86.1564839, 20.5063085], [86.1568883, 20.5072813], [86.157453, 20.5084886], [86.1578878, 20.5096864], [86.1584142, 20.5106687], [86.1584676, 20.5107679], [86.1589864, 20.5117654], [86.1596044, 20.5130301], [86.1597035, 20.5131788], [86.1604589, 20.5143157], [86.1609547, 20.5156278], [86.1613057, 20.5164309], [86.1621754, 20.5176058], [86.1630376, 20.5182257], [86.163564, 20.518487], [86.1641667, 20.5185882], [86.1644643, 20.5187178], [86.1645643, 20.5187611], [86.1646321, 20.5187903], [86.1655171, 20.519189], [86.1667225, 20.5200015], [86.1670659, 20.5209131], [86.1671727, 20.5218096], [86.1670353, 20.5225745], [86.1669284, 20.5228854], [86.1666234, 20.5237628], [86.1663562, 20.5247394], [86.166341, 20.5255709], [86.1666385, 20.5263149], [86.1675006, 20.5271483], [86.16776, 20.5273962], [86.1678821, 20.5274345], [86.1687136, 20.52769], [86.1696216, 20.5277588], [86.1699496, 20.5278731], [86.1699878, 20.5283977], [86.1699343, 20.5290023], [86.1696139, 20.5298645], [86.1694689, 20.5307953], [86.1695757, 20.531581], [86.1698581, 20.5325443], [86.1701632, 20.5332882], [86.1702089, 20.5334025], [86.1705294, 20.5345355], [86.1705752, 20.5350696], [86.170621, 20.5355407], [86.1702623, 20.5361778], [86.1699037, 20.5367042], [86.1690721, 20.537141], [86.1677521, 20.537595], [86.166417, 20.5381594], [86.1646241, 20.5390235], [86.1632737, 20.5398074], [86.161992, 20.5405894], [86.1610078, 20.5411883], [86.1602142, 20.5418501], [86.1589554, 20.5429754], [86.1582001, 20.5438604], [86.1575897, 20.5446672], [86.1573684, 20.5449629], [86.1567427, 20.5457468], [86.1561476, 20.5463114], [86.1554381, 20.5467004], [86.1542556, 20.5469446], [86.1540038, 20.5470971], [86.1535994, 20.547347], [86.1532866, 20.5475377], [86.1526304, 20.5487069], [86.1525542, 20.5495347], [86.1524168, 20.5503548], [86.152081, 20.5513829], [86.1516156, 20.5524015], [86.150868, 20.553233], [86.1503416, 20.5536927], [86.1493117, 20.5542782], [86.1485791, 20.5548905], [86.1482969, 20.5551404], [86.1477169, 20.5556573], [86.1463056, 20.5570496], [86.1454434, 20.5578698], [86.14436, 20.5582875], [86.143742, 20.5583522], [86.1433911, 20.5581825], [86.1430095, 20.5576866], [86.1426586, 20.5568855], [86.1422695, 20.5557468], [86.1422848, 20.5542514], [86.1422925, 20.5528648], [86.1419416, 20.5513408], [86.1416593, 20.5510566], [86.1409879, 20.5503833], [86.1408963, 20.5503223], [86.1402402, 20.5498835], [86.1395306, 20.5496623], [86.1385084, 20.5494201], [86.1370588, 20.5493094], [86.1360516, 20.5495668], [86.1353039, 20.5497329], [86.1342511, 20.5498759], [86.1339002, 20.5497385], [86.1334042, 20.5493685], [86.1329846, 20.5490595], [86.1320538, 20.5492121], [86.1312376, 20.5494829], [86.1302685, 20.5500742], [86.1298642, 20.5504328], [86.1296048, 20.5513007], [86.1292919, 20.5519987], [86.1288495, 20.5528531], [86.1284907, 20.5534349], [86.127827, 20.554051], [86.1271785, 20.5544458], [86.1270183, 20.5544973], [86.1264843, 20.5546709], [86.1260646, 20.5546403], [86.125683, 20.5540567], [86.1250193, 20.5533413], [86.1242259, 20.55267], [86.1239131, 20.5525232], [86.123524, 20.55234], [86.122784, 20.5523972], [86.122082, 20.5527311], [86.1214411, 20.5530171], [86.1204798, 20.5534977], [86.1195948, 20.5538754], [86.1185725, 20.554354], [86.117634, 20.5545602], [86.1167185, 20.554602], [86.1162836, 20.5544418], [86.1157725, 20.5542549], [86.1148189, 20.5535683], [86.1132471, 20.5524562], [86.1123392, 20.5517219], [86.1112329, 20.5510849], [86.1101115, 20.5506671], [86.108906, 20.5500796], [86.1083568, 20.5498126], [86.1069377, 20.5492633], [86.1060833, 20.549311]]]}}, {"type": "Feature", "properties": {"OBJECTID": 350, "state": "ODISHA", "district": "Cuttack", "stcode11": "21", "dtcode11": "381", "blkcode11": "0132", "block_name": "CUTTACKSADAR", "code2011": "213810132", "block_lgd": 3337, "block_ver": 1, "dist_lgd": 350, "b_pan_code": 3700, "state_lgd": 21, "shape_Length": 168194.0720869236, "shape_Area": 413803871.17802453}, "geometry": {"type": "Polygon", "coordinates": [[[85.9330095, 20.5124374], [85.9317811, 20.5124374], [85.9277222, 20.5124335], [85.9256547, 20.5123878], [85.9252351, 20.5121494], [85.9245027, 20.512075], [85.9218246, 20.5121302], [85.9210999, 20.5119986], [85.9189179, 20.5118916], [85.9140732, 20.5110944], [85.9123794, 20.5105985], [85.9114182, 20.5100606], [85.9101669, 20.5091717], [85.9085037, 20.5074723], [85.907924, 20.5065414], [85.9077409, 20.5064232], [85.9071, 20.5052025], [85.9069322, 20.5046838], [85.9065735, 20.5032226], [85.9056504, 20.5021736], [85.9043839, 20.5012523], [85.9042161, 20.5011933], [85.9040939, 20.5011512], [85.9020951, 20.5004628], [85.8987914, 20.5000925], [85.8905593, 20.4998884], [85.8864319, 20.4993543], [85.8861113, 20.4993638], [85.8803816, 20.4995583], [85.8754683, 20.5001094], [85.8731413, 20.5010554], [85.8718214, 20.5017859], [85.8694028, 20.5026366], [85.8675412, 20.5040842], [85.8645351, 20.5050493], [85.8632306, 20.5050779], [85.8594234, 20.5051637], [85.8557842, 20.5049671], [85.8502911, 20.5048431], [85.8497034, 20.5048298], [85.843989, 20.5047019], [85.8410669, 20.5048658], [85.8376109, 20.5052455], [85.8367334, 20.5053426], [85.8354746, 20.5055391], [85.8340707, 20.5052797], [85.8320718, 20.5052263], [85.8310953, 20.5052263], [85.8294778, 20.5052262], [85.8290048, 20.5052261], [85.8269906, 20.5052263], [85.82445, 20.5051708], [85.8229165, 20.5049877], [85.8221841, 20.5049018], [85.8219782, 20.5049114], [85.8199105, 20.5050086], [85.8175301, 20.5064142], [85.8164009, 20.5070094], [85.8145623, 20.5079268], [85.8129906, 20.5086306], [85.8099978, 20.510104], [85.8100008, 20.5100856], [85.8101411, 20.5088111], [85.8106925, 20.506987], [85.8119553, 20.5043125], [85.8121339, 20.5037089], [85.8121894, 20.5031376], [85.8123815, 20.5024327], [85.8125939, 20.5020712], [85.8124122, 20.5017087], [85.8117559, 20.5015391], [85.8115183, 20.5014493], [85.8111519, 20.5017679], [85.8104637, 20.5018441], [85.8090594, 20.5018441], [85.8089149, 20.5018441], [85.8084875, 20.501844], [85.8063513, 20.5019986], [85.8041807, 20.5018468], [85.802117, 20.5016895], [85.8007589, 20.5017276], [85.8001041, 20.5017476], [85.7996461, 20.5017724], [85.7987348, 20.5018759], [85.7985766, 20.5019112], [85.7984243, 20.5019451], [85.797814, 20.502193], [85.7971503, 20.502504], [85.7961814, 20.502893], [85.7951285, 20.5031638], [85.7942205, 20.5031257], [85.7936331, 20.5027441], [85.7927862, 20.5021929], [85.79172, 20.5010953], [85.791619, 20.5009913], [85.7915807, 20.5009512], [85.7903754, 20.499204], [85.7902544, 20.4990138], [85.7901923, 20.4989161], [85.7900778, 20.4987349], [85.7894827, 20.497806], [85.7885519, 20.495788], [85.7878501, 20.4942734], [85.7876822, 20.4939436], [85.7868812, 20.4923719], [85.7861488, 20.4916337], [85.7854087, 20.4912847], [85.7848551, 20.4910611], [85.7847145, 20.4910043], [85.784455, 20.4908975], [85.7828299, 20.4903539], [85.7804572, 20.4893449], [85.7785576, 20.4884121], [85.7776649, 20.4882958], [85.776963, 20.4882577], [85.7760702, 20.4882576], [85.7752922, 20.4882175], [85.7747123, 20.4880249], [85.7739718, 20.488082], [85.7733735, 20.4884708], [85.7727387, 20.4889365], [85.7720989, 20.4895638], [85.771294, 20.490427], [85.7703112, 20.4920232], [85.7692744, 20.4948823], [85.7687713, 20.4965141], [85.7686406, 20.4969589], [85.7684651, 20.4963485], [85.7683431, 20.4958659], [85.7682745, 20.494897], [85.768221, 20.4938842], [85.7681219, 20.4929821], [85.7681829, 20.4915153], [85.7682592, 20.489854], [85.768328, 20.4887076], [85.7687552, 20.4877368], [85.769564, 20.4859629], [85.7703652, 20.4841338], [85.7707999, 20.4826462], [85.7710518, 20.4813854], [85.7709374, 20.4798957], [85.7702736, 20.4787457], [85.7694345, 20.4770233], [85.7690834, 20.4756461], [85.768847, 20.4740973], [85.7685494, 20.472951], [85.7683741, 20.4723197], [85.7688089, 20.4710608], [85.7696635, 20.4701472], [85.7704569, 20.4697505], [85.7715555, 20.4695254], [85.7727075, 20.4696456], [85.7738596, 20.4698802], [85.7750726, 20.470403], [85.7759195, 20.4705784], [85.7771404, 20.4701264], [85.7776285, 20.469556], [85.7786128, 20.4683564], [85.7790782, 20.4683373], [85.7811687, 20.4682534], [85.7835338, 20.4686083], [85.7856014, 20.4689058], [85.7871807, 20.469085], [85.788821, 20.4690928], [85.790469, 20.4688715], [85.7917507, 20.4680761], [85.7926664, 20.467277], [85.7936429, 20.4660793], [85.7945661, 20.4645934], [85.795001, 20.4632773], [85.7952527, 20.4615589], [85.7954435, 20.4603571], [85.7955046, 20.4588657], [85.7955199, 20.4584097], [85.7959547, 20.4570937], [85.7963285, 20.4553771], [85.7968856, 20.4541775], [85.7971603, 20.4535213], [85.7985564, 20.4513182], [85.798793, 20.4510341], [85.7993423, 20.4504638], [85.8001358, 20.4498955], [85.8013489, 20.4497868], [85.8026917, 20.449678], [85.8039658, 20.4496857], [85.805362, 20.4497486], [85.8063843, 20.4500577], [85.806514, 20.4500977], [85.807483, 20.4506185], [85.8085739, 20.4515397], [85.8094819, 20.4524037], [85.8107484, 20.4534413], [85.8118393, 20.4541338], [85.8140901, 20.454374], [85.8156694, 20.4542101], [85.8171953, 20.4536456], [85.8181718, 20.4534205], [85.8192704, 20.4536856], [85.8193696, 20.4537085], [85.8193849, 20.4537352], [85.8202852, 20.4557227], [85.8210023, 20.4572142], [85.8215516, 20.4576186], [85.8230088, 20.4577979], [85.8253206, 20.4577521], [85.8270829, 20.4576454], [85.8291506, 20.4578265], [85.8312105, 20.4580098], [85.8323091, 20.4576721], [85.8314622, 20.4570369], [85.8305544, 20.4561157], [85.8300736, 20.4550819], [85.8300279, 20.4541893], [85.8308214, 20.4532528], [85.8324618, 20.4526883], [85.8335604, 20.4518909], [85.8341175, 20.4509202], [85.8346439, 20.4502469], [85.8347889, 20.4500637], [85.8360095, 20.4501268], [85.8398852, 20.4524937], [85.8412127, 20.4537622], [85.8426014, 20.454857], [85.8438143, 20.4558355], [85.845386, 20.4570467], [85.8467135, 20.4581988], [85.8480487, 20.4592364], [85.8493762, 20.4605028], [85.8515582, 20.462231], [85.8530078, 20.4630398], [85.854648, 20.4639076], [85.8559832, 20.4637989], [85.8572649, 20.4635205], [85.8581194, 20.4628358], [85.8586917, 20.4623398], [85.858913, 20.4621529], [85.8597675, 20.4615273], [85.8601413, 20.4608406], [85.8603245, 20.4600415], [85.8603701, 20.4592995], [85.8603397, 20.4576916], [85.8594972, 20.45593], [85.8594968, 20.4558431], [85.8642843, 20.4492917], [85.8648336, 20.4487214], [85.865444, 20.4480939], [85.8658712, 20.4476953], [85.8664206, 20.4472966], [85.8669699, 20.446898], [85.8677634, 20.4463868], [85.8680762, 20.4459882], [85.8683203, 20.4455304], [85.8686256, 20.4449029], [85.8689918, 20.4442163], [85.8691825, 20.4439321], [85.8694876, 20.44336], [85.8697319, 20.4427324], [85.8699149, 20.4424463], [85.8701667, 20.4418742], [85.8704719, 20.4415899], [85.870716, 20.4411894], [85.8712655, 20.4403903], [85.8717003, 20.4398772], [85.8720054, 20.4393049], [85.8724327, 20.4386774], [85.872921, 20.4383361], [85.8735314, 20.4381682], [85.8738365, 20.4382274], [85.8746835, 20.4384028], [85.8755913, 20.4389235], [85.8762627, 20.4392706], [85.8768654, 20.4397303], [85.8770714, 20.4400375], [85.8771707, 20.44019], [85.877163, 20.4404399], [85.8775902, 20.4401919], [85.877842, 20.4397361], [85.8780862, 20.4391639], [85.8781472, 20.4384773], [85.8781549, 20.4379622], [85.8780938, 20.4372737], [85.8780405, 20.4366443], [85.8777963, 20.4361846], [85.8774987, 20.4358394], [85.8771937, 20.4356086], [85.8766518, 20.4354922], [85.8762246, 20.4354331], [85.8753091, 20.4355437], [85.8746377, 20.4357669], [85.8741571, 20.4357097], [85.8735467, 20.4354769], [85.8733102, 20.4351317], [85.8734322, 20.4346739], [85.8738596, 20.4338175], [85.8742334, 20.4329592], [85.8745386, 20.4322745], [85.8750268, 20.4317042], [85.8755228, 20.4310195], [85.875767, 20.4305045], [85.8760722, 20.4300486], [85.8766291, 20.4290205], [85.8769953, 20.428105], [85.8773693, 20.427306], [85.8777355, 20.4263904], [85.8779872, 20.425532], [85.8781168, 20.4245593], [85.8780559, 20.4239299], [85.8780635, 20.4232432], [85.8780635, 20.4221541], [85.877888, 20.4216373], [85.8775905, 20.4201476], [85.8774151, 20.4195735], [85.8769954, 20.4185969], [85.8768735, 20.4184825], [85.8765072, 20.4181372], [85.8754773, 20.4175593], [85.8748211, 20.4172427], [85.8747524, 20.4176126], [85.8743252, 20.4182403], [85.8739514, 20.4188697], [85.8734629, 20.4192682], [85.8727306, 20.4197222], [85.8722423, 20.4201208], [85.8713268, 20.4206319], [85.8705943, 20.4212004], [85.8699229, 20.4217134], [85.8690684, 20.4222245], [85.8679316, 20.4231344], [85.8673747, 20.4210707], [85.8670161, 20.419579], [85.866299, 20.4183736], [85.8661235, 20.417973], [85.8657726, 20.4158845], [85.8611909, 20.4053117], [85.8611361, 20.4052941], [85.8611417, 20.4036507], [85.8612067, 20.4032146], [85.8618734, 20.3987457], [85.8618899, 20.3987312], [85.8620516, 20.3990162], [85.8629749, 20.4005176], [85.8633928, 20.4010262], [85.8636215, 20.4011993], [85.864973, 20.4005079], [85.8655977, 20.40025], [85.8658529, 20.4000755], [85.8662117, 20.3995041], [85.8663978, 20.398945], [85.8667481, 20.3975696], [85.8668391, 20.3969196], [85.8672514, 20.3968817], [85.867563, 20.3968521], [85.8679716, 20.3966695], [85.8683953, 20.3963786], [85.8686618, 20.3959693], [85.8691216, 20.3947028], [85.8692814, 20.3937869], [85.8691892, 20.3926482], [85.8691404, 20.3923695], [85.8689776, 20.3914406], [85.868979, 20.3912553], [85.8690669, 20.3910118], [85.8694752, 20.3902328], [85.869888, 20.389454], [85.8700975, 20.3889854], [85.8703592, 20.3882977], [85.8705517, 20.3877916], [85.8705726, 20.3877252], [85.8706155, 20.3875885], [85.870651, 20.387313], [85.8706016, 20.3868611], [85.8706032, 20.3866444], [85.8706434, 20.386387], [85.8707802, 20.3860355], [85.8714443, 20.3849555], [85.8717451, 20.3844335], [85.8723276, 20.3834118], [85.8728379, 20.3824123], [85.8734546, 20.3812643], [85.8736769, 20.3809992], [85.8742317, 20.3804606], [85.8749291, 20.3800902], [85.8758711, 20.3796807], [85.8760355, 20.3796089], [85.8760359, 20.3796086], [85.8768995, 20.3792309], [85.8775849, 20.3789595], [85.878336, 20.378662], [85.8774287, 20.3782587], [85.876947, 20.3779755], [85.8761553, 20.377478], [85.8755314, 20.3769726], [85.8753132, 20.376691], [85.8749493, 20.3759885], [85.8748364, 20.3756942], [85.8747284, 20.3753953], [85.8745424, 20.3746189], [85.8744726, 20.3743275], [85.8740174, 20.373028], [85.8737118, 20.3722357], [85.8736766, 20.3720299], [85.8736291, 20.3717516], [85.8735751, 20.3712679], [85.8735687, 20.3708341], [85.8735886, 20.3706724], [85.8736399, 20.3702564], [85.8738586, 20.36916], [85.8739136, 20.3688534], [85.8738162, 20.3684098], [85.8734637, 20.3674724], [85.8734324, 20.3671652], [85.8734674, 20.3669756], [85.8736867, 20.3664574], [85.8738573, 20.3660475], [85.8742622, 20.3650472], [85.8742086, 20.3645048], [85.8741583, 20.3640836], [85.8740866, 20.363483], [85.8741807, 20.3630725], [85.8745891, 20.3622258], [85.8751111, 20.3615922], [85.8755071, 20.3611566], [85.876419, 20.3602365], [85.876738, 20.3598363], [85.877618, 20.3587262], [85.8778894, 20.3582853], [85.8788401, 20.3573021], [85.8798318, 20.3572813], [85.8807881, 20.3571759], [85.8808002, 20.3571746], [85.8810563, 20.3574468], [85.8810569, 20.3574474], [85.8813262, 20.3579685], [85.8818415, 20.358907], [85.8818869, 20.3591546], [85.8819568, 20.3595356], [85.882072, 20.3601598], [85.8822224, 20.3605718], [85.8823841, 20.3607174], [85.8825514, 20.3607727], [85.882719, 20.3607872], [85.8829536, 20.3607887], [85.883088, 20.3607626], [85.8832757, 20.3606372], [85.8839005, 20.3603567], [85.8850577, 20.359962], [85.885389, 20.3598512], [85.8856813, 20.3598395], [85.8859106, 20.3599132], [85.8863591, 20.3601735], [85.8866551, 20.36032], [85.8874009, 20.3605236], [85.8881955, 20.3605964], [85.8887323, 20.3605546], [85.8889961, 20.3605066], [85.8895531, 20.3603203], [85.889908, 20.3602504], [85.8901821, 20.3602351], [85.8907084, 20.3602058], [85.8916329, 20.3602117], [85.8917091, 20.3602708], [85.8918423, 20.3603982], [85.8919657, 20.3605481], [85.8922516, 20.3607758], [85.892608, 20.361153], [85.8927074, 20.3613387], [85.8927914, 20.3616511], [85.8928033, 20.3619809], [85.8928345, 20.3623291], [85.8928952, 20.3625281], [85.8931991, 20.362923], [85.893337, 20.3630685], [85.8935019, 20.3634536], [85.8935716, 20.3637567], [85.8935578, 20.3639751], [85.8935554, 20.3640141], [85.8934906, 20.364366], [85.89321, 20.3654214], [85.8931934, 20.3655188], [85.89315, 20.3657733], [85.8930907, 20.366699], [85.8931238, 20.3668977], [85.8931412, 20.3670021], [85.8932409, 20.3671337], [85.8939348, 20.3672239], [85.8943507, 20.3673621], [85.8944124, 20.3674303], [85.8942766, 20.3682309], [85.8942524, 20.3683735], [85.8941888, 20.3685582], [85.8942019, 20.3687435], [85.8941815, 20.3689241], [85.893831, 20.3697169], [85.8946616, 20.3701152], [85.8953631, 20.3704991], [85.8957814, 20.370852], [85.8958027, 20.37087], [85.8963345, 20.3713186], [85.8963095, 20.3715297], [85.8962683, 20.3718782], [85.8971408, 20.372453], [85.8973432, 20.3722915], [85.897623, 20.3720133], [85.8979278, 20.3715861], [85.8979699, 20.3715052], [85.8983067, 20.3708565], [85.8984533, 20.370442], [85.8984755, 20.3703643], [85.8985565, 20.3700811], [85.8985713, 20.3699179], [85.8986137, 20.3694489], [85.8986169, 20.3690019], [85.8985899, 20.3688129], [85.898562, 20.3686175], [85.8983559, 20.3679748], [85.8981936, 20.3672237], [85.8980627, 20.3666772], [85.8980213, 20.3665044], [85.8980086, 20.3664611], [85.8979279, 20.3661875], [85.8977447, 20.3656714], [85.8976492, 20.365276], [85.8976191, 20.3651511], [85.8975034, 20.3648513], [85.8972521, 20.3642002], [85.8970299, 20.3638146], [85.8969115, 20.3636107], [85.8968394, 20.3629552], [85.8968552, 20.3627474], [85.8969124, 20.3621154], [85.8969129, 20.3620433], [85.8969901, 20.3616644], [85.8970371, 20.361434], [85.897086, 20.3610194], [85.8971085, 20.3608291], [85.8974194, 20.3595436], [85.8975471, 20.3590925], [85.8977696, 20.3583481], [85.8978611, 20.358042], [85.8979139, 20.3577992], [85.8979651, 20.3575638], [85.8982448, 20.356626], [85.8983762, 20.3563331], [85.8986438, 20.3557385], [85.8989068, 20.355144], [85.8991348, 20.3547161], [85.8996884, 20.353667], [85.8998384, 20.3534601], [85.9001724, 20.3529607], [85.900346, 20.3527992], [85.9009281, 20.3524416], [85.9012065, 20.352353], [85.9015229, 20.3523232], [85.9019969, 20.35234], [85.9023559, 20.3523737], [85.9026286, 20.3524341], [85.9031482, 20.3526437], [85.90388, 20.352939], [85.904893, 20.3532751], [85.9054001, 20.3533731], [85.9059792, 20.3534491], [85.9062031, 20.3533296], [85.9067485, 20.3530383], [85.907263, 20.352757], [85.9077013, 20.3524208], [85.9085971, 20.3517308], [85.9096771, 20.3507254], [85.9101692, 20.3502137], [85.9105646, 20.3498411], [85.911147, 20.3494335], [85.9112096, 20.3493889], [85.9118869, 20.3491085], [85.9124631, 20.3489178], [85.9126456, 20.3488421], [85.9128575, 20.3486762], [85.9137378, 20.3481397], [85.9138756, 20.3476074], [85.9138789, 20.3475958], [85.9140278, 20.3470753], [85.9143131, 20.3467021], [85.9144583, 20.3464997], [85.9146213, 20.3464602], [85.9147844, 20.346425], [85.9153892, 20.3462435], [85.9156488, 20.3460916], [85.9157694, 20.3459794], [85.9158229, 20.3458486], [85.9158533, 20.3456321], [85.9158222, 20.3453022], [85.9158128, 20.3452028], [85.9157373, 20.3444025], [85.9155557, 20.3436606], [85.9155401, 20.3434619], [85.9154764, 20.3426526], [85.9154724, 20.3426354], [85.915444, 20.3425124], [85.9153125, 20.3421321], [85.9153598, 20.3415134], [85.9155259, 20.3404167], [85.9155758, 20.3400873], [85.9156678, 20.339452], [85.9157419, 20.3389408], [85.9159358, 20.338367], [85.9160206, 20.3381159], [85.916189, 20.3373309], [85.916409, 20.3366728], [85.9165295, 20.3364456], [85.91671, 20.3361053], [85.9171549, 20.3354937], [85.9176949, 20.334973], [85.9188986, 20.3340634], [85.9195328, 20.3337691], [85.9206047, 20.3333736], [85.9211701, 20.3331649], [85.9220247, 20.332881], [85.9223366, 20.3327881], [85.9225086, 20.3328479], [85.9226472, 20.3328984], [85.9227957, 20.3328812], [85.9229974, 20.3328192], [85.9236277, 20.3323985], [85.924128, 20.3320672], [85.924753, 20.3317369], [85.9253691, 20.3312708], [85.9257403, 20.3309207], [85.9258801, 20.3307995], [85.9260637, 20.3305703], [85.9265148, 20.3297554], [85.9266503, 20.3295484], [85.9269008, 20.3286238], [85.927206, 20.327424], [85.9272617, 20.3269908], [85.9272703, 20.3268435], [85.9272997, 20.3263405], [85.9272761, 20.3256085], [85.9271601, 20.3250701], [85.9270798, 20.3242113], [85.9270643, 20.3236828], [85.9271564, 20.3228113], [85.927393, 20.3218505], [85.9274399, 20.3212996], [85.9274316, 20.3212366], [85.9274262, 20.3211957], [85.9274078, 20.3210917], [85.9274101, 20.3210633], [85.9274289, 20.3208297], [85.9274692, 20.3207158], [85.9275851, 20.320388], [85.9277125, 20.3199551], [85.9279556, 20.3194324], [85.9283138, 20.3188791], [85.928362, 20.3188297], [85.9284792, 20.3185142], [85.9285446, 20.3180492], [85.92861, 20.3175889], [85.9286762, 20.317029], [85.9287004, 20.316293], [85.9286355, 20.3159761], [85.9284664, 20.3154963], [85.9282172, 20.3148262], [85.927792, 20.3139878], [85.9276361, 20.3136797], [85.9275524, 20.3135144], [85.9274801, 20.3133715], [85.927338, 20.3131629], [85.9269135, 20.3129072], [85.9267102, 20.3128001], [85.9265318, 20.3127062], [85.9262214, 20.3125732], [85.925772, 20.3124756], [85.9256714, 20.3124569], [85.9251357, 20.3123859], [85.9244484, 20.3120474], [85.924329, 20.3120104], [85.9242332, 20.3120144], [85.9240601, 20.3121081], [85.9236751, 20.312395], [85.9234584, 20.3125607], [85.9230871, 20.312938], [85.922797, 20.3133157], [85.9219517, 20.3143765], [85.9213825, 20.314974], [85.9211511, 20.3151938], [85.9201254, 20.3160188], [85.9198891, 20.3162477], [85.9192672, 20.3168537], [85.918939, 20.3172221], [85.9187936, 20.3174696], [85.9187205, 20.3176546], [85.9187003, 20.3178036], [85.9187036, 20.3180203], [85.9187595, 20.3182375], [85.9188867, 20.31855], [85.9188952, 20.3186991], [85.918908, 20.3189252], [85.9188974, 20.3190564], [85.9187356, 20.319602], [85.9185885, 20.320107], [85.9185656, 20.3202183], [85.9185143, 20.3204677], [85.918517, 20.3207478], [85.9186014, 20.3216925], [85.9186644, 20.3222757], [85.9186339, 20.3225377], [85.9185638, 20.3229711], [85.9183669, 20.3237422], [85.9183105, 20.3242838], [85.9183616, 20.3245054], [85.9185038, 20.324696], [85.9186136, 20.3247509], [85.9187096, 20.3247333], [85.9188203, 20.3246528], [85.9189413, 20.3244729], [85.9191339, 20.3243295], [85.9193017, 20.3242808], [85.9194981, 20.324282], [85.9196128, 20.3243279], [85.9199116, 20.324732], [85.9199215, 20.3247819], [85.9199348, 20.3248496], [85.9198859, 20.325003], [85.9196051, 20.325435], [85.9188098, 20.326171], [85.9183816, 20.3264528], [85.917373, 20.3268578], [85.91661, 20.3270608], [85.9161344, 20.3272883], [85.9156293, 20.3276059], [85.9154849, 20.3277044], [85.9153555, 20.3277261], [85.9151878, 20.3277297], [85.9149443, 20.3276243], [85.9144537, 20.3272462], [85.9139458, 20.3266016], [85.9135864, 20.3259262], [85.9132402, 20.3247631], [85.9128914, 20.3239659], [85.9127112, 20.3237163], [85.9125634, 20.3236114], [85.9124297, 20.3235609], [85.9122144, 20.3235324], [85.9120133, 20.3235132], [85.9116732, 20.3235291], [85.9115535, 20.3235283], [85.911477, 20.3235053], [85.9113723, 20.3234052], [85.9112587, 20.3232238], [85.9109427, 20.3225352], [85.9107143, 20.3216439], [85.9106103, 20.3214444], [85.9103227, 20.3209839], [85.9102929, 20.3209362], [85.9102482, 20.3208188], [85.9101566, 20.3205788], [85.9100692, 20.3200542], [85.9100881, 20.3194397], [85.9101149, 20.3192156], [85.910154, 20.318889], [85.9103366, 20.3181175], [85.9105907, 20.3173918], [85.9108255, 20.3167067], [85.9108854, 20.3163322], [85.9108408, 20.3158847], [85.910749, 20.3153147], [85.9107497, 20.3152063], [85.9107598, 20.3144475], [85.9108382, 20.3141045], [85.9108536, 20.3140372], [85.9108817, 20.3134687], [85.9108871, 20.3133594], [85.9109568, 20.3129938], [85.9110156, 20.3127865], [85.9111078, 20.3126064], [85.9113303, 20.3123005], [85.9119335, 20.3116311], [85.9121551, 20.3114428], [85.9125588, 20.311233], [85.913101, 20.3111008], [85.9132113, 20.3110744], [85.9137677, 20.3109242], [85.9140881, 20.3108767], [85.9140889, 20.3108765], [85.9149556, 20.3109044], [85.9159616, 20.3108385], [85.9168581, 20.3106994], [85.9171457, 20.310647], [85.9173667, 20.310549], [85.9176456, 20.3103836], [85.917818, 20.310371], [85.9180048, 20.3103904], [85.9184496, 20.3104517], [85.9185313, 20.3104162], [85.9186135, 20.3102992], [85.9187395, 20.3100786], [85.9188309, 20.3100249], [85.9189986, 20.3100034], [85.9191716, 20.3099277], [85.9193265, 20.3096847], [85.9193611, 20.3095314], [85.9193505, 20.3094047], [85.9193301, 20.3091607], [85.9192459, 20.3088801], [85.91901, 20.3083682], [85.9189087, 20.3079311], [85.918714, 20.3070911], [85.9186985, 20.3070245], [85.91863, 20.3065451], [85.9185423, 20.306067], [85.9184409, 20.305514], [85.9183994, 20.3052789], [85.9184436, 20.3045038], [85.9184539, 20.3043216], [85.9184652, 20.3040641], [85.9186365, 20.3035501], [85.9191411, 20.3025819], [85.9194586, 20.3016849], [85.9195171, 20.3015317], [85.919606, 20.3011212], [85.9196594, 20.3003624], [85.9196796, 20.3002045], [85.9200736, 20.2993169], [85.9201997, 20.2990693], [85.9205248, 20.2984569], [85.9206077, 20.2982541], [85.9207447, 20.2978258], [85.920881, 20.2975149], [85.9210452, 20.297308], [85.921291, 20.2970793], [85.9219414, 20.2965006], [85.9220571, 20.2963837], [85.9222363, 20.2961002], [85.9223722, 20.2958165], [85.9224305, 20.2956187], [85.922436, 20.2956], [85.9224966, 20.2951577], [85.9225189, 20.2949713], [85.9225639, 20.2945958], [85.922588, 20.2943949], [85.922648, 20.2940246], [85.9227071, 20.2937721], [85.9228137, 20.2936146], [85.9229872, 20.293435], [85.9231269, 20.2933184], [85.9234299, 20.2931305], [85.9246896, 20.2923703], [85.925012, 20.292151], [85.9253294, 20.2919315], [85.9262722, 20.2913184], [85.9274503, 20.2905756], [85.9280753, 20.2902], [85.9284503, 20.2899764], [85.9293871, 20.2895259], [85.9300109, 20.289349], [85.9309157, 20.289368], [85.9319201, 20.2895052], [85.9323363, 20.2895664], [85.9330108, 20.2896474], [85.9332551, 20.2896488], [85.9337206, 20.289489], [85.9342207, 20.2891849], [85.9344238, 20.288888], [85.934482, 20.2887753], [85.934564, 20.2886149], [85.9350547, 20.287654], [85.9352819, 20.2873256], [85.935951, 20.2867921], [85.9360188, 20.2866795], [85.936131, 20.2856954], [85.9362318, 20.2842503], [85.93628, 20.2838795], [85.9363379, 20.2834334], [85.9365032, 20.2830639], [85.9366477, 20.2829383], [85.937017, 20.2828275], [85.938315, 20.2827677], [85.9382472, 20.2821844], [85.9378983, 20.2813872], [85.937573, 20.2809327], [85.9374762, 20.2807973], [85.9366777, 20.2799478], [85.9351454, 20.2785741], [85.9343735, 20.2780273], [85.9334924, 20.2773624], [85.9332113, 20.2771348], [85.9325259, 20.2765705], [85.932331, 20.276357], [85.9321165, 20.2762201], [85.932036, 20.2760796], [85.9320289, 20.2760123], [85.9320135, 20.2758672], [85.9318672, 20.2755726], [85.931477, 20.2752134], [85.9310266, 20.2745871], [85.9309089, 20.2742928], [85.9308448, 20.2738723], [85.9309424, 20.2732931], [85.9309445, 20.273281], [85.9310283, 20.2729383], [85.9313625, 20.2723756], [85.9316055, 20.2718396], [85.9315733, 20.2716588], [85.9315218, 20.2714778], [85.9311885, 20.2712138], [85.9310077, 20.2710456], [85.9309655, 20.2709186], [85.9310384, 20.2707426], [85.9311926, 20.270608], [85.9317592, 20.2703676], [85.9325997, 20.2699797], [85.9329653, 20.2697154], [85.9331922, 20.2694322], [85.9337979, 20.2683878], [85.9340015, 20.268005], [85.9342182, 20.2678122], [85.9345156, 20.267746], [85.9348305, 20.2678835], [85.935492, 20.2684567], [85.9367694, 20.2706963], [85.9372829, 20.2712415], [85.9381917, 20.2720331], [85.9386308, 20.272239], [85.9390905, 20.2722373], [85.939685, 20.2721099], [85.940487, 20.2717533], [85.9412917, 20.2709902], [85.9420026, 20.2699374], [85.9420847, 20.2698248], [85.9427323, 20.2689299], [85.942749, 20.2688967], [85.9430865, 20.2682272], [85.9435453, 20.2683294], [85.9445, 20.2687599], [85.9450293, 20.2690656], [85.9454238, 20.2694972], [85.9457078, 20.2698248], [85.9457231, 20.2698423], [85.9458754, 20.2699652], [85.9468746, 20.2701609], [85.9483354, 20.2707977], [85.9489653, 20.271077], [85.9495676, 20.2712162], [85.9498216, 20.2711996], [85.9500617, 20.2710927], [85.9503556, 20.2708188], [85.9505208, 20.2704496], [85.9505833, 20.2701249], [85.9505907, 20.2700867], [85.9506057, 20.2700086], [85.9512859, 20.270845], [85.9522472, 20.2720372], [85.9543606, 20.2731187], [85.9554133, 20.2734219], [85.9555665, 20.2733466], [85.955894, 20.2731855], [85.956863, 20.2727906], [85.9577174, 20.2723958], [85.9585719, 20.2721726], [85.9592967, 20.2726915], [85.9592891, 20.2735497], [85.9592442, 20.2736797], [85.9591823, 20.2738587], [85.9589229, 20.274635], [85.95861, 20.275892], [85.9583582, 20.2770364], [85.9578089, 20.277662], [85.9571986, 20.2784039], [85.9571909, 20.279205], [85.9577249, 20.2801796], [85.9577937, 20.2802961], [85.9582818, 20.2809865], [85.9587015, 20.2815033], [85.9596628, 20.2826535], [85.9606928, 20.283632], [85.9657129, 20.2874983], [85.9666818, 20.2884196], [85.9688638, 20.2898634], [85.9695886, 20.2902449], [85.9700693, 20.2905005], [85.9707406, 20.2905025], [85.9712901, 20.2901057], [85.9717784, 20.2895355], [85.9720835, 20.2890223], [85.9726328, 20.2883396], [85.97306, 20.2879981], [85.9736781, 20.2874871], [85.974586, 20.2874927], [85.9757075, 20.287857], [85.9767681, 20.2883625], [85.977798, 20.2890568], [85.978889, 20.2898064], [85.9801631, 20.2903862], [85.980949, 20.2906762], [85.9814982, 20.2904511], [85.9822306, 20.2900811], [85.9828945, 20.2905733], [85.9839779, 20.2926408], [85.9845118, 20.2937318], [85.9843287, 20.294531], [85.9839014, 20.2952157], [85.9829859, 20.2954388], [85.9815287, 20.2954312], [85.9806742, 20.2958279], [85.9806512, 20.2960339], [85.980613, 20.2964554], [85.9812692, 20.2975617], [85.9818109, 20.2984658], [85.9823602, 20.2993853], [85.9822305, 20.2998982], [85.9815058, 20.3007757], [85.9808877, 20.3016663], [85.9804527, 20.3026372], [85.9804452, 20.3036099], [85.9808648, 20.3048726], [85.9821922, 20.3072263], [85.9829093, 20.3087179], [85.9838173, 20.3095246], [85.9845497, 20.3093569], [85.9855796, 20.3091337], [85.986068, 20.3093664], [85.9862282, 20.3095705], [85.9866097, 20.3100568], [85.986602, 20.3109151], [85.9864265, 20.3113157], [85.9860527, 20.3121702], [85.984893, 20.3133661], [85.9843742, 20.3138753], [85.9837868, 20.3144475], [85.9823294, 20.3151837], [85.98133, 20.3159066], [85.9812308, 20.3159791], [85.9811011, 20.3172379], [85.9811545, 20.318554], [85.9816885, 20.3200456], [85.9816274, 20.3207895], [85.9811391, 20.3215295], [85.9802236, 20.3220979], [85.979247, 20.322321], [85.978217, 20.3224869], [85.9778432, 20.3228703], [85.9776677, 20.3230554], [85.9772328, 20.3237973], [85.9773473, 20.3252869], [85.9773396, 20.326317], [85.9769733, 20.3268299], [85.976836, 20.3269368], [85.9761189, 20.3275128], [85.9755085, 20.3282147], [85.9753254, 20.3284245], [85.9751345, 20.3294526], [85.9752262, 20.3296986], [85.9756152, 20.3307724], [85.9760654, 20.3316384], [85.9760896, 20.331747], [85.9763324, 20.3328362], [85.976752, 20.3339845], [85.9767443, 20.3351289], [85.9767367, 20.3360443], [85.9769731, 20.3374196], [85.9774538, 20.3382245], [85.9777438, 20.3389168], [85.9778588, 20.3391904], [85.9779345, 20.3393708], [85.978293, 20.3406907], [85.9786516, 20.3417227], [85.9794375, 20.342413], [85.9801089, 20.3424169], [85.9811999, 20.342022], [85.9813142, 20.3418904], [85.9817568, 20.3413965], [85.9823061, 20.3404828], [85.9827334, 20.339512], [85.9831683, 20.3387127], [85.9835345, 20.3384858], [85.9841983, 20.3387758], [85.984801, 20.3391801], [85.9851672, 20.3399831], [85.9854648, 20.3407861], [85.9859454, 20.3412478], [85.9867389, 20.3412516], [85.9871126, 20.3412707], [85.988013, 20.3413145], [85.9889285, 20.3412631], [85.9906298, 20.3410437], [85.9911909, 20.3410208], [85.991843, 20.3409942], [85.9928805, 20.340998], [85.9931553, 20.3410724], [85.9939715, 20.3412918], [85.9951236, 20.3419841], [85.9963901, 20.3426212], [85.997153, 20.3432582], [85.997359, 20.343428], [85.997794, 20.3438228], [85.9978244, 20.3439945], [85.9978625, 20.3442406], [85.9979007, 20.3444714], [85.9979312, 20.3446334], [85.9979694, 20.3447499], [85.9980763, 20.3449291], [85.9986713, 20.3455681], [85.9990909, 20.3460354], [85.9994494, 20.3461517], [86.0001818, 20.3460431], [86.0008532, 20.3455262], [86.0015247, 20.344954], [86.0021349, 20.3446698], [86.0024937, 20.3446717], [86.0029742, 20.3450798], [86.0034549, 20.3456044], [86.0038746, 20.3461842], [86.004111, 20.3468232], [86.0042178, 20.347632], [86.0041796, 20.3480019], [86.0041568, 20.3482098], [86.0041262, 20.3483242], [86.0039661, 20.348845], [86.0035999, 20.349131], [86.0031115, 20.3496479], [86.0024402, 20.3500465], [86.0018908, 20.3502163], [86.0005023, 20.3502067], [85.9998385, 20.3502011], [85.998984, 20.3502526], [85.9983812, 20.3504795], [85.9979616, 20.350676], [85.9978584, 20.3507101], [85.9977251, 20.3507541], [85.9974505, 20.3508915], [85.9973055, 20.3510499], [85.9971376, 20.3512462], [85.9969393, 20.3514808], [85.9967867, 20.3517535], [85.9967028, 20.3523525], [85.9971834, 20.3530983], [85.9975496, 20.3537869], [85.997664, 20.3543037], [85.9976106, 20.3547711], [85.9972826, 20.3548951], [85.9983201, 20.356028], [85.9988618, 20.3568406], [85.9994568, 20.3575386], [85.9998765, 20.3582939], [86.0003495, 20.3593373], [86.0008226, 20.3600354], [86.0012421, 20.3609052], [86.0017762, 20.3620076], [86.0023713, 20.3627057], [86.0032715, 20.3632894], [86.0040574, 20.3635849], [86.0047211, 20.3637624], [86.0060486, 20.3642354], [86.0063946, 20.3646679], [86.0063996, 20.3646741], [86.0064683, 20.3647581], [86.0068267, 20.3653379], [86.0069412, 20.3658585], [86.007109, 20.3680254], [86.0091995, 20.3691088], [86.011943, 20.3710692], [86.0119347, 20.3711449], [86.0118869, 20.3715772], [86.0119797, 20.3728156], [86.012071, 20.3742663], [86.011948, 20.3747806], [86.0114801, 20.3755115], [86.011193, 20.3759598], [86.0108844, 20.3770198], [86.0109253, 20.3781223], [86.0116116, 20.3801863], [86.011867, 20.3811662], [86.0118922, 20.3812631], [86.0119298, 20.3813399], [86.0119365, 20.3813535], [86.0121406, 20.3817709], [86.0123133, 20.3821238], [86.0129828, 20.3830673], [86.0135963, 20.3837755], [86.0143153, 20.384464], [86.0150344, 20.3851524], [86.0155616, 20.3858827], [86.0160679, 20.386884], [86.0169087, 20.3887681], [86.0177382, 20.3901958], [86.0183424, 20.3916449], [86.0190054, 20.3928594], [86.0200248, 20.3938138], [86.020438, 20.3942886], [86.0209333, 20.3948579], [86.0218756, 20.3963845], [86.0218819, 20.3963947], [86.0227043, 20.3974113], [86.0233878, 20.3982145], [86.0236699, 20.398546], [86.0246319, 20.4002275], [86.0247215, 20.4003828], [86.0258838, 20.4023989], [86.0259068, 20.4024389], [86.0259071, 20.4024393], [86.0264844, 20.402063], [86.0287197, 20.4011798], [86.0302839, 20.4005618], [86.0282973, 20.3987528], [86.0291969, 20.3981749], [86.0278854, 20.3964148], [86.0286071, 20.3959354], [86.0294415, 20.3950682], [86.0313082, 20.3938316], [86.0332643, 20.3959523], [86.0334813, 20.3961707], [86.034807, 20.3975058], [86.0355178, 20.3980338], [86.0370837, 20.3973874], [86.0393414, 20.3964963], [86.0414823, 20.3958666], [86.0427151, 20.3956294], [86.0435671, 20.3956373], [86.043932, 20.3956406], [86.0452095, 20.3959367], [86.0458542, 20.3955247], [86.0466438, 20.3949055], [86.0483089, 20.3937129], [86.049284, 20.3931666], [86.0496503, 20.3929613], [86.0523966, 20.3912505], [86.054139, 20.3899588], [86.0546101, 20.3896664], [86.0551564, 20.3893272], [86.055827, 20.3889109], [86.057463, 20.3877677], [86.0581402, 20.3875093], [86.0588174, 20.387251], [86.0600193, 20.3865572], [86.0613117, 20.3859588], [86.0636846, 20.3849777], [86.0656028, 20.3838992], [86.0672812, 20.3828375], [86.0676432, 20.3824102], [86.0676441, 20.3824051], [86.0678662, 20.3811736], [86.0683889, 20.3794867], [86.0689681, 20.3779809], [86.0701708, 20.3763383], [86.0706856, 20.3751891], [86.0710155, 20.3747979], [86.0713418, 20.3744109], [86.0729593, 20.3730959], [86.0736035, 20.3727289], [86.0744524, 20.3725708], [86.0748458, 20.3724735], [86.0752393, 20.3723762], [86.0753427, 20.3723319], [86.0757581, 20.3721542], [86.076272, 20.3719344], [86.0781466, 20.3716687], [86.0785953, 20.3719467], [86.0791803, 20.3726681], [86.0794355, 20.3732612], [86.0794494, 20.3737024], [86.0794637, 20.3741604], [86.0799585, 20.3739463], [86.0806334, 20.3732224], [86.081495, 20.371745], [86.0814989, 20.3717372], [86.0820478, 20.3706186], [86.0829185, 20.3691911], [86.0839989, 20.3679724], [86.0842882, 20.3676667], [86.0856282, 20.3662507], [86.0874545, 20.3636309], [86.0883652, 20.3625805], [86.0887374, 20.3621513], [86.0893334, 20.3618291], [86.0904314, 20.3616541], [86.0927363, 20.3615264], [86.0928896, 20.3615179], [86.0939275, 20.3618034], [86.0945709, 20.3623849], [86.0953559, 20.3632926], [86.0962378, 20.3640516], [86.0964152, 20.3643504], [86.0969589, 20.3652661], [86.0977698, 20.3658756], [86.0988067, 20.3663236], [86.1010557, 20.3667871], [86.1018682, 20.3687701], [86.1024976, 20.3701015], [86.1029669, 20.3714537], [86.1031196, 20.3718938], [86.1032409, 20.3723892], [86.1033677, 20.372907], [86.1039506, 20.3740168], [86.1049247, 20.3737463], [86.1074383, 20.3731764], [86.1099192, 20.3722865], [86.1099347, 20.3722809], [86.1114936, 20.3711098], [86.1125915, 20.3696483], [86.1125992, 20.3696381], [86.1127959, 20.3695369], [86.1138206, 20.3697322], [86.1142038, 20.3703901], [86.1150811, 20.3699018], [86.115928, 20.3694975], [86.1166527, 20.3692095], [86.1173242, 20.3689195], [86.1180489, 20.3686887], [86.1188959, 20.368458], [86.1197428, 20.3682845], [86.1205972, 20.36817], [86.1213831, 20.3680537], [86.1219248, 20.3680537], [86.1221079, 20.3686907], [86.1223521, 20.3691524], [86.1226496, 20.3697284], [86.1228327, 20.3703082], [86.122947, 20.3710577], [86.1233133, 20.3718093], [86.1236719, 20.3725017], [86.124038, 20.3733104], [86.1247018, 20.3742354], [86.1253655, 20.3751015], [86.1257852, 20.3755496], [86.125541, 20.3757937], [86.1251825, 20.3760264], [86.1246331, 20.3762], [86.1239693, 20.3763144], [86.1232445, 20.3763145], [86.1224511, 20.3763716], [86.1219705, 20.3764307], [86.1216042, 20.3767188], [86.1215432, 20.3771803], [86.1216041, 20.3777583], [86.1216042, 20.3783363], [86.1215966, 20.3787977], [86.1214745, 20.3792594], [86.1211159, 20.3794349], [86.1206886, 20.3794921], [86.1201469, 20.3794348], [86.1197808, 20.3793472], [86.1197807, 20.3805887], [86.1197807, 20.3809512], [86.1202003, 20.3812831], [86.120803, 20.3816855], [86.1214134, 20.3819754], [86.1218329, 20.3820917], [86.1223824, 20.3823798], [86.1226798, 20.3827841], [86.1231071, 20.3835928], [86.1237707, 20.384806], [86.1242515, 20.3862498], [86.1247321, 20.3875202], [86.1253349, 20.3890803], [86.1257544, 20.390467], [86.126113, 20.3913902], [86.126235, 20.3922581], [86.1264715, 20.3933547], [86.1266546, 20.3942208], [86.1267767, 20.3946251], [86.1269522, 20.396069], [86.1271352, 20.3971656], [86.1271886, 20.3979743], [86.1266469, 20.3980907], [86.1261587, 20.3985543], [86.1256779, 20.3989567], [86.1248846, 20.3997673], [86.1241597, 20.4006331], [86.1235494, 20.4013846], [86.1229467, 20.4018462], [86.1221532, 20.4020769], [86.1211841, 20.4021361], [86.1204899, 20.4020922], [86.1199101, 20.4025976], [86.1180332, 20.4034064], [86.1162173, 20.4042151], [86.1149432, 20.4049665], [86.113669, 20.4057181], [86.1125171, 20.4064695], [86.111304, 20.4071619], [86.1108156, 20.4076824], [86.1103274, 20.4084912], [86.1104494, 20.4093], [86.1104494, 20.4097043], [86.1103273, 20.410166], [86.1100908, 20.4102116], [86.1094804, 20.4102251], [86.1088091, 20.4102251], [86.1082063, 20.410225], [86.107657, 20.4102822], [86.1073594, 20.4106865], [86.1072908, 20.4113217], [86.107474, 20.4118996], [86.1074128, 20.4123612], [86.1072298, 20.412882], [86.1065659, 20.4131127], [86.1058335, 20.4134026], [86.1051088, 20.4138643], [86.1044983, 20.4146157], [86.1037125, 20.4154816], [86.1029419, 20.4157639], [86.1027458, 20.4158356], [86.1021332, 20.4160596], [86.1008591, 20.4163494], [86.0998291, 20.4167538], [86.0993407, 20.4172744], [86.0992186, 20.4181977], [86.0994628, 20.4193535], [86.1000655, 20.4205665], [86.1001037, 20.4206142], [86.1009124, 20.4217224], [86.1014542, 20.4231072], [86.1018126, 20.4238014], [86.1021179, 20.4244957], [86.1027816, 20.4251309], [86.1035293, 20.4253216], [86.1030791, 20.4257088], [86.1025984, 20.4261112], [86.1021102, 20.4265748], [86.1016218, 20.4270363], [86.1011946, 20.4277305], [86.1011793, 20.4278297], [86.1006529, 20.4277878], [86.0997449, 20.4277878], [86.0988982, 20.4279041], [86.0982268, 20.428192], [86.097563, 20.4286556], [86.0967161, 20.4290599], [86.0956175, 20.4295807], [86.0945264, 20.4301586], [86.0935574, 20.4304485], [86.0927717, 20.4308528], [86.0922146, 20.4313831], [86.0915585, 20.4320086], [86.0910092, 20.4325274], [86.0902234, 20.4332217], [86.0896129, 20.4337997], [86.088705, 20.4342039], [86.0879726, 20.4344367], [86.0873088, 20.4346675], [86.0862178, 20.4348982], [86.0854931, 20.4349554], [86.0850735, 20.4348772], [86.0845851, 20.4347838], [86.0839748, 20.4346673], [86.083311, 20.4346673], [86.0823421, 20.4347264], [86.0814342, 20.4349001], [86.0806408, 20.4350163], [86.0797938, 20.4351308], [86.0788249, 20.4352472], [86.0772533, 20.4354207], [86.0759791, 20.4354226], [86.0750102, 20.4354226], [86.0739193, 20.4353062], [86.0731943, 20.4354225], [86.0724619, 20.4354797], [86.071554, 20.4355961], [86.0704019, 20.4356552], [86.069967, 20.4355903], [86.0696162, 20.4355388], [86.0690745, 20.4354244], [86.0684641, 20.4354815], [86.0679758, 20.4356895], [86.0674545, 20.4359525], [86.0671289, 20.4361167], [86.0663431, 20.4364066], [86.0656182, 20.4366946], [86.0648248, 20.4369273], [86.0639168, 20.4371581], [86.063131, 20.4373907], [86.0626427, 20.4375052], [86.0614907, 20.4377951], [86.0605827, 20.438085], [86.0593697, 20.438373], [86.058706, 20.4386058], [86.0584254, 20.4388041], [86.0582176, 20.4389509], [86.0576684, 20.43901], [86.0562798, 20.4394144], [86.0543343, 20.4398206], [86.0520378, 20.4402248], [86.0497337, 20.4405721], [86.0486197, 20.4412491], [86.0483908, 20.4423057], [86.0479636, 20.4443867], [86.0471091, 20.4459488], [86.0460181, 20.4470456], [86.0448659, 20.4473354], [86.0433478, 20.4473946], [86.0412877, 20.4476844], [86.0390447, 20.4482051], [86.0372899, 20.4484359], [86.0346272, 20.4483214], [86.03214, 20.4478618], [86.0297825, 20.4475144], [86.0279057, 20.4469957], [86.0259678, 20.4464769], [86.0242131, 20.4463032], [86.0215961, 20.4462937], [86.0213979, 20.4461144], [86.0213443, 20.4459924], [86.0213368, 20.445834], [86.0213977, 20.4456377], [86.0216877, 20.4451473], [86.0228093, 20.4437264], [86.0230916, 20.4435452], [86.0232746, 20.4433373], [86.0250905, 20.4410428], [86.0254262, 20.4406518], [86.0249075, 20.440648], [86.0236333, 20.4403524], [86.0223745, 20.4395341], [86.0212911, 20.4388913], [86.0195973, 20.4383038], [86.0177891, 20.4377143], [86.0174764, 20.4376819], [86.015424, 20.4374683], [86.013532, 20.4374073], [86.0131276, 20.4373939], [86.0111822, 20.4374395], [86.0090993, 20.4374263], [86.0074895, 20.4374167], [86.0043384, 20.4376284], [86.0006992, 20.4380078], [85.9995396, 20.438107], [85.9995351, 20.4380839], [85.9994945, 20.438111], [85.9988223, 20.43817], [85.9981662, 20.4381432], [85.9979144, 20.4380593], [85.9976704, 20.4379601], [85.9959155, 20.4378571], [85.9954349, 20.4381985], [85.9941532, 20.4387058], [85.9927493, 20.4393868], [85.9912845, 20.4399532], [85.9899493, 20.4400028], [85.9875765, 20.4401057], [85.9864245, 20.4403861], [85.9843492, 20.4408896], [85.9818544, 20.4414523], [85.9797868, 20.4418986], [85.9784516, 20.4414904], [85.9778108, 20.441437], [85.9769944, 20.4413701], [85.9758347, 20.4419367], [85.9750413, 20.4421922], [85.974614, 20.4423315], [85.9738435, 20.4425145], [85.9722412, 20.4428922], [85.9703492, 20.4439699], [85.9667556, 20.4453831], [85.9634597, 20.4468556], [85.9602324, 20.4479847], [85.9590727, 20.4483794], [85.9574933, 20.4485435], [85.9556089, 20.4487074], [85.9538388, 20.4493846], [85.9535336, 20.4502982], [85.9533505, 20.4507578], [85.9526028, 20.4529855], [85.9521756, 20.453842], [85.9513821, 20.4547537], [85.9506421, 20.455322], [85.9494289, 20.4558332], [85.9481473, 20.4563425], [85.9471095, 20.456909], [85.9453396, 20.4578168], [85.943516, 20.4583223], [85.9422343, 20.4591176], [85.9411661, 20.4595638], [85.9410136, 20.4596268], [85.9396099, 20.4597947], [85.9377863, 20.4604145], [85.9366266, 20.4608094], [85.9353448, 20.4616618], [85.9335138, 20.4626842], [85.9312021, 20.4636455], [85.9285775, 20.465179], [85.9271127, 20.4659743], [85.9249763, 20.4674524], [85.924717, 20.4681048], [85.9244804, 20.4687094], [85.9251442, 20.4698004], [85.9260521, 20.4711222], [85.9270133, 20.4724993], [85.9274329, 20.4738765], [85.9277304, 20.4753661], [85.9273566, 20.476108], [85.926441, 20.4764476], [85.9256476, 20.4769034], [85.9258918, 20.4778762], [85.9266088, 20.479198], [85.9273947, 20.480289], [85.9281119, 20.4820094], [85.9286458, 20.4841876], [85.9297902, 20.4868846], [85.9305684, 20.4880329], [85.9319036, 20.4892993], [85.9329945, 20.4902778], [85.9344441, 20.4912584], [85.936504, 20.4924123], [85.9383275, 20.4932801], [85.9389303, 20.4936368], [85.9405706, 20.4946076], [85.9422642, 20.4958742], [85.944019, 20.4973143], [85.9451024, 20.4990461], [85.9450947, 20.5002286], [85.9450947, 20.5004919], [85.9449955, 20.5006616], [85.9448429, 20.5010317], [85.9447666, 20.5011404], [85.9446903, 20.501232], [85.9445377, 20.5014303], [85.944347, 20.5016726], [85.9440342, 20.5020502], [85.9439503, 20.5021875], [85.9438359, 20.5026472], [85.9437518, 20.5062578], [85.9440112, 20.5078104], [85.9441256, 20.5079744], [85.9442477, 20.5081614], [85.9447589, 20.5095479], [85.9465244, 20.5119246], [85.9465212, 20.5120199], [85.9456743, 20.5120333], [85.945537, 20.5120275], [85.9420274, 20.511894], [85.9415393, 20.5119988], [85.9395098, 20.511953], [85.938373, 20.5119283], [85.9369157, 20.5120102], [85.9361832, 20.5121647], [85.9352067, 20.5121419], [85.9330095, 20.5124374]]]}}, {"type": "Feature", "properties": {"OBJECTID": 349, "state": "ODISHA", "district": "Cuttack", "stcode11": "21", "dtcode11": "381", "blkcode11": "0133", "block_name": "BARANGA", "code2011": "213810133", "block_lgd": 3336, "block_ver": 1, "dist_lgd": 350, "b_pan_code": 3699, "state_lgd": 21, "shape_Length": 66940.96662303335, "shape_Area": 77314610.31279755}, "geometry": {"type": "Polygon", "coordinates": [[[85.7704569, 20.4697505], [85.7696635, 20.4701472], [85.7688089, 20.4710608], [85.7683741, 20.4723197], [85.7685494, 20.472951], [85.768847, 20.4740973], [85.7690834, 20.4756461], [85.7694345, 20.4770233], [85.7702736, 20.4787457], [85.7709374, 20.4798957], [85.7710518, 20.4813854], [85.7707999, 20.4826462], [85.7703652, 20.4841338], [85.769564, 20.4859629], [85.7687552, 20.4877368], [85.768328, 20.4887076], [85.7682592, 20.489854], [85.7681829, 20.4915153], [85.7681219, 20.4929821], [85.768221, 20.4938842], [85.7682745, 20.494897], [85.7683431, 20.4958659], [85.7684651, 20.4963485], [85.7686406, 20.4969589], [85.7680364, 20.4983111], [85.7677464, 20.5000183], [85.7676777, 20.5007563], [85.7676701, 20.5008345], [85.767862, 20.501639], [85.7674504, 20.5015785], [85.7670994, 20.5013934], [85.7666035, 20.5011188], [85.7665653, 20.501092], [85.7660542, 20.5007488], [85.7655888, 20.5002699], [85.7653141, 20.4998102], [85.7650015, 20.4991294], [85.7648717, 20.496625], [85.7648717, 20.4963484], [85.7648074, 20.4961449], [85.764821, 20.4956434], [85.7649027, 20.4950702], [85.7649761, 20.494293], [85.7651187, 20.4930714], [85.7649286, 20.4921865], [85.7646933, 20.4912657], [85.7644139, 20.4886572], [85.7640248, 20.4858228], [85.7637921, 20.4844781], [85.7637368, 20.4841199], [85.7636927, 20.4838339], [85.7629531, 20.4815854], [85.7621704, 20.4800698], [85.7612778, 20.4786736], [85.7599836, 20.4768076], [85.7585323, 20.4751488], [85.757315, 20.4738733], [85.756841, 20.4731011], [85.7562456, 20.472341], [85.7558404, 20.4719526], [85.7549462, 20.4712171], [85.7547598, 20.4711469], [85.7546471, 20.4711044], [85.7545861, 20.4710606], [85.7526482, 20.4696624], [85.7500084, 20.4677609], [85.7487649, 20.467139], [85.7478722, 20.4671389], [85.746705, 20.4669444], [85.7464937, 20.4667484], [85.746415, 20.4666754], [85.746003, 20.4662844], [85.7457111, 20.4658039], [85.7456519, 20.4657066], [85.7453239, 20.4651591], [85.7447325, 20.464185], [85.7446755, 20.464091], [85.7445915, 20.4639555], [85.7431228, 20.4609792], [85.743078, 20.4608968], [85.7389495, 20.4532926], [85.737368, 20.4505432], [85.7365428, 20.4491086], [85.7358685, 20.4479699], [85.735139, 20.4467378], [85.7338192, 20.4448151], [85.7337891, 20.4447751], [85.7326136, 20.4432091], [85.7321991, 20.4425897], [85.7320354, 20.4423356], [85.7319439, 20.4422269], [85.7321577, 20.442064], [85.7334899, 20.4409128], [85.7350428, 20.4397225], [85.7371159, 20.4381926], [85.7383536, 20.4374697], [85.7421114, 20.435035], [85.7453448, 20.4328404], [85.7464514, 20.4323062], [85.7468764, 20.4323455], [85.7479359, 20.4324435], [85.7499999, 20.4314374], [85.7522434, 20.4313288], [85.7533318, 20.4312761], [85.7544395, 20.4311755], [85.7550826, 20.4322553], [85.7555463, 20.4341695], [85.756418, 20.4354451], [85.7585328, 20.4346696], [85.7582304, 20.4323457], [85.7582301, 20.4317719], [85.7600191, 20.4309942], [85.7597528, 20.4301475], [85.7612418, 20.4297019], [85.7612073, 20.4292362], [85.761075, 20.4284087], [85.7624176, 20.4282962], [85.7632691, 20.4278957], [85.7632629, 20.4278702], [85.7628702, 20.4262305], [85.7626193, 20.4252574], [85.7625222, 20.4242133], [85.7625928, 20.4237666], [85.7641481, 20.4228335], [85.7641439, 20.4227612], [85.7642139, 20.4217905], [85.7643226, 20.4207704], [85.7647484, 20.419653], [85.7648344, 20.4191026], [85.7647521, 20.4186051], [85.7637281, 20.4166147], [85.7634784, 20.4157398], [85.7632759, 20.4150304], [85.7645829, 20.4139827], [85.7650273, 20.4135475], [85.7653539, 20.4140423], [85.7654768, 20.4142375], [85.7650425, 20.4146456], [85.7651257, 20.4150165], [85.7659212, 20.4150175], [85.7660285, 20.4153752], [85.7661841, 20.4156925], [85.7664894, 20.4158709], [85.767486, 20.4158824], [85.7676353, 20.4157659], [85.7676988, 20.4156129], [85.7676528, 20.4147768], [85.7675767, 20.4143266], [85.7673417, 20.4129364], [85.7673114, 20.412474], [85.7672049, 20.4108481], [85.7672586, 20.4083324], [85.7672717, 20.40789], [85.7671461, 20.4055898], [85.7671537, 20.4054328], [85.7671634, 20.4052284], [85.7672269, 20.4050842], [85.7689519, 20.4044639], [85.7702764, 20.4042022], [85.7712792, 20.4040286], [85.7718384, 20.4042041], [85.7720569, 20.4044497], [85.7721626, 20.4050106], [85.7722305, 20.4061269], [85.7723152, 20.4069135], [85.7724458, 20.4073752], [85.7724596, 20.4074293], [85.7724643, 20.4074476], [85.7728146, 20.4079966], [85.7730235, 20.4082195], [85.7732668, 20.4083657], [85.7735196, 20.4085075], [85.7761181, 20.4095377], [85.7772177, 20.4098526], [85.7785373, 20.4102142], [85.7804079, 20.4105797], [85.7814855, 20.4106595], [85.7831421, 20.4108292], [85.7842313, 20.4112162], [85.7852191, 20.4117471], [85.7852682, 20.4128271], [85.7855834, 20.4153998], [85.7858218, 20.4173845], [85.7859878, 20.4188222], [85.7841763, 20.4182225], [85.7828992, 20.4179381], [85.7817218, 20.4177492], [85.7815159, 20.4177523], [85.7810987, 20.4177764], [85.7809736, 20.4178523], [85.7807406, 20.4182256], [85.7806916, 20.4183699], [85.7801573, 20.419875], [85.7797065, 20.4211412], [85.7794625, 20.4223139], [85.7794871, 20.4234525], [85.7795043, 20.4235369], [85.7795563, 20.4237915], [85.7796027, 20.4239905], [85.7802909, 20.4252385], [85.780368, 20.4253782], [85.7804957, 20.4255959], [85.7816732, 20.4275918], [85.7825277, 20.429224], [85.7830395, 20.429955], [85.7835606, 20.4307265], [85.7839799, 20.4316329], [85.7841306, 20.4319863], [85.7842859, 20.4323488], [85.7852283, 20.4337919], [85.786751, 20.4327138], [85.7873684, 20.4322077], [85.7892349, 20.4306893], [85.7902326, 20.4299643], [85.7910712, 20.4293513], [85.7918633, 20.4285617], [85.7919405, 20.4284765], [85.7922596, 20.428131], [85.7927073, 20.427872], [85.7930812, 20.427852], [85.7935735, 20.428027], [85.79392, 20.4284495], [85.7942165, 20.4291382], [85.7945798, 20.4298815], [85.7948553, 20.4301862], [85.7951838, 20.430473], [85.7952505, 20.4305231], [85.7959507, 20.4310521], [85.7961708, 20.4311123], [85.796386, 20.4311725], [85.7964041, 20.4311744], [85.7968457, 20.4312164], [85.7972628, 20.4311878], [85.7969248, 20.4321296], [85.7969377, 20.4323192], [85.7970703, 20.4325189], [85.7973044, 20.4326154], [85.7975345, 20.4326034], [85.7980207, 20.4323357], [85.7988594, 20.4317136], [85.799168, 20.4314674], [85.7993742, 20.4314507], [85.7996299, 20.4318273], [85.7996718, 20.4319515], [85.7996955, 20.4320221], [85.7996165, 20.4323241], [85.7995014, 20.4329695], [85.7994837, 20.4333893], [85.7996034, 20.434027], [85.7997807, 20.4346382], [85.7999978, 20.4350734], [85.8004829, 20.4355601], [85.8006881, 20.4356699], [85.800851, 20.435671], [85.8013303, 20.4356654], [85.8020598, 20.4355257], [85.8028171, 20.4355264], [85.8035231, 20.4353235], [85.8037922, 20.4352214], [85.8039754, 20.4350691], [85.8042789, 20.4348634], [85.804666, 20.435006], [85.8049534, 20.4350216], [85.8051843, 20.4349147], [85.8053585, 20.4347081], [85.8054855, 20.4343838], [85.8059185, 20.4329323], [85.8059993, 20.4324223], [85.8058683, 20.4319878], [85.8059546, 20.4313693], [85.8063722, 20.4306585], [85.8066577, 20.4302991], [85.8070503, 20.4297461], [85.8076954, 20.4287251], [85.8078633, 20.4286117], [85.8080326, 20.4284971], [85.80833, 20.4284585], [85.8083826, 20.4284722], [85.8084591, 20.4284954], [85.8085786, 20.4285414], [85.8089896, 20.4286708], [85.8091386, 20.4286266], [85.8094965, 20.4282044], [85.8097383, 20.4279215], [85.8100084, 20.4276928], [85.8102631, 20.4275998], [85.8104541, 20.4276824], [85.810687, 20.4279189], [85.8109293, 20.4282052], [85.811096, 20.4283372], [85.8111864, 20.4284102], [85.8112675, 20.4284695], [85.8115116, 20.4285208], [85.8120665, 20.4286466], [85.8126756, 20.4285785], [85.8132511, 20.4285147], [85.8139418, 20.4284425], [85.8141529, 20.428417], [85.8141563, 20.4284755], [85.8141571, 20.4284892], [85.8142098, 20.4290993], [85.8142339, 20.4293672], [85.8142717, 20.4297865], [85.8145845, 20.4302357], [85.8147457, 20.4304673], [85.8153493, 20.4304985], [85.8155266, 20.4305088], [85.8158229, 20.4306101], [85.8162436, 20.4307485], [85.8164252, 20.4308085], [85.8164649, 20.430619], [85.8165545, 20.430195], [85.8165842, 20.4300777], [85.8166241, 20.4298746], [85.8166394, 20.4297984], [85.816644, 20.4297755], [85.8166595, 20.4296393], [85.8166697, 20.4295497], [85.8167108, 20.4291796], [85.8169103, 20.4275231], [85.8169919, 20.4262723], [85.8170176, 20.4254053], [85.8169774, 20.424855], [85.8168657, 20.4233306], [85.8169042, 20.4226941], [85.8168595, 20.4218909], [85.8168451, 20.4216319], [85.816856, 20.420837], [85.8168821, 20.4205752], [85.816931, 20.42044], [85.8170279, 20.4203051], [85.8179073, 20.4187255], [85.8181648, 20.4182574], [85.81863, 20.417583], [85.8188193, 20.4172545], [85.8188741, 20.4169974], [85.8188405, 20.4163737], [85.8188181, 20.4162832], [85.8187243, 20.4159032], [85.8185694, 20.4154865], [85.8183629, 20.414898], [85.8181551, 20.413871], [85.8180024, 20.4131652], [85.8184478, 20.4132043], [85.8186489, 20.4132056], [85.8187881, 20.4131751], [85.8189472, 20.4130677], [85.8190679, 20.412942], [85.8193441, 20.4125464], [85.8197029, 20.4119933], [85.8200128, 20.4115706], [85.8204954, 20.4111177], [85.8209812, 20.4108589], [85.8217386, 20.4101775], [85.8227427, 20.4092174], [85.8235731, 20.4083965], [85.8241363, 20.408057], [85.8248855, 20.4078315], [85.8254273, 20.40779], [85.8259221, 20.4076172], [85.8271873, 20.4069752], [85.8282844, 20.4063501], [85.8290724, 20.4066655], [85.8291108, 20.4066809], [85.82944, 20.4068638], [85.8296746, 20.4068924], [85.8303598, 20.4062601], [85.8309433, 20.4057626], [85.8318002, 20.4052263], [85.8321176, 20.4050839], [85.8327757, 20.4048534], [85.8330057, 20.4048504], [85.8332636, 20.4049605], [85.8334296, 20.405174], [85.8338031, 20.4058495], [85.8339696, 20.406027], [85.8342657, 20.4061373], [85.8345342, 20.4061255], [85.8351394, 20.4059218], [85.8357311, 20.4055749], [85.8361983, 20.4053009], [85.8363469, 20.4052883], [85.8366224, 20.4056154], [85.8375839, 20.4071171], [85.837949, 20.4076074], [85.8383095, 20.4081022], [85.8388706, 20.4086797], [85.8399223, 20.4096489], [85.84016, 20.4097652], [85.8401847, 20.4097771], [85.8412908, 20.409256], [85.8414184, 20.4101332], [85.8415492, 20.4105676], [85.8416873, 20.4106951], [85.8417975, 20.4106958], [85.8419178, 20.4106334], [85.8431029, 20.409783], [85.8439806, 20.4090208], [85.8449394, 20.4083135], [85.8455265, 20.4079437], [85.8460468, 20.4076161], [85.8464078, 20.4073881], [85.8466353, 20.4070869], [85.8474859, 20.4061077], [85.8479556, 20.4053412], [85.8481504, 20.4050234], [85.8489091, 20.4041611], [85.8497669, 20.4034982], [85.850591, 20.4028486], [85.8516633, 20.4021813], [85.852649, 20.401568], [85.8529112, 20.4014047], [85.8547449, 20.4002964], [85.8559975, 20.3993651], [85.8570727, 20.398446], [85.8590806, 20.3964625], [85.8603128, 20.3956845], [85.8610721, 20.3966878], [85.8614912, 20.3976979], [85.8618151, 20.398599], [85.8618659, 20.3986888], [85.8618899, 20.3987312], [85.8618734, 20.3987457], [85.8612067, 20.4032146], [85.8611417, 20.4036507], [85.8611361, 20.4052941], [85.8611909, 20.4053117], [85.8657726, 20.4158845], [85.8661235, 20.417973], [85.866299, 20.4183736], [85.8670161, 20.419579], [85.8673747, 20.4210707], [85.8679316, 20.4231344], [85.8690684, 20.4222245], [85.8699229, 20.4217134], [85.8705943, 20.4212004], [85.8713268, 20.4206319], [85.8722423, 20.4201208], [85.8727306, 20.4197222], [85.8734629, 20.4192682], [85.8739514, 20.4188697], [85.8743252, 20.4182403], [85.8747524, 20.4176126], [85.8748211, 20.4172427], [85.8754773, 20.4175593], [85.8765072, 20.4181372], [85.8768735, 20.4184825], [85.8769954, 20.4185969], [85.8774151, 20.4195735], [85.8775905, 20.4201476], [85.877888, 20.4216373], [85.8780635, 20.4221541], [85.8780635, 20.4232432], [85.8780559, 20.4239299], [85.8781168, 20.4245593], [85.8779872, 20.425532], [85.8777355, 20.4263904], [85.8773693, 20.427306], [85.8769953, 20.428105], [85.8766291, 20.4290205], [85.8760722, 20.4300486], [85.875767, 20.4305045], [85.8755228, 20.4310195], [85.8750268, 20.4317042], [85.8745386, 20.4322745], [85.8742334, 20.4329592], [85.8738596, 20.4338175], [85.8734322, 20.4346739], [85.8733102, 20.4351317], [85.8735467, 20.4354769], [85.8741571, 20.4357097], [85.8746377, 20.4357669], [85.8753091, 20.4355437], [85.8762246, 20.4354331], [85.8766518, 20.4354922], [85.8771937, 20.4356086], [85.8774987, 20.4358394], [85.8777963, 20.4361846], [85.8780405, 20.4366443], [85.8780938, 20.4372737], [85.8781549, 20.4379622], [85.8781472, 20.4384773], [85.8780862, 20.4391639], [85.877842, 20.4397361], [85.8775902, 20.4401919], [85.877163, 20.4404399], [85.8771707, 20.44019], [85.8770714, 20.4400375], [85.8768654, 20.4397303], [85.8762627, 20.4392706], [85.8755913, 20.4389235], [85.8746835, 20.4384028], [85.8738365, 20.4382274], [85.8735314, 20.4381682], [85.872921, 20.4383361], [85.8724327, 20.4386774], [85.8720054, 20.4393049], [85.8717003, 20.4398772], [85.8712655, 20.4403903], [85.870716, 20.4411894], [85.8704719, 20.4415899], [85.8701667, 20.4418742], [85.8699149, 20.4424463], [85.8697319, 20.4427324], [85.8694876, 20.44336], [85.8691825, 20.4439321], [85.8689918, 20.4442163], [85.8686256, 20.4449029], [85.8683203, 20.4455304], [85.8680762, 20.4459882], [85.8677634, 20.4463868], [85.8669699, 20.446898], [85.8664206, 20.4472966], [85.8658712, 20.4476953], [85.865444, 20.4480939], [85.8648336, 20.4487214], [85.8642843, 20.4492917], [85.8594968, 20.4558431], [85.8594972, 20.45593], [85.8603397, 20.4576916], [85.8603701, 20.4592995], [85.8603245, 20.4600415], [85.8601413, 20.4608406], [85.8597675, 20.4615273], [85.858913, 20.4621529], [85.8586917, 20.4623398], [85.8581194, 20.4628358], [85.8572649, 20.4635205], [85.8559832, 20.4637989], [85.854648, 20.4639076], [85.8530078, 20.4630398], [85.8515582, 20.462231], [85.8493762, 20.4605028], [85.8480487, 20.4592364], [85.8467135, 20.4581988], [85.845386, 20.4570467], [85.8438143, 20.4558355], [85.8426014, 20.454857], [85.8412127, 20.4537622], [85.8398852, 20.4524937], [85.8360095, 20.4501268], [85.8347889, 20.4500637], [85.8346439, 20.4502469], [85.8341175, 20.4509202], [85.8335604, 20.4518909], [85.8324618, 20.4526883], [85.8308214, 20.4532528], [85.8300279, 20.4541893], [85.8300736, 20.4550819], [85.8305544, 20.4561157], [85.8314622, 20.4570369], [85.8323091, 20.4576721], [85.8312105, 20.4580098], [85.8291506, 20.4578265], [85.8270829, 20.4576454], [85.8253206, 20.4577521], [85.8230088, 20.4577979], [85.8215516, 20.4576186], [85.8210023, 20.4572142], [85.8202852, 20.4557227], [85.8193849, 20.4537352], [85.8193696, 20.4537085], [85.8192704, 20.4536856], [85.8181718, 20.4534205], [85.8171953, 20.4536456], [85.8156694, 20.4542101], [85.8140901, 20.454374], [85.8118393, 20.4541338], [85.8107484, 20.4534413], [85.8094819, 20.4524037], [85.8085739, 20.4515397], [85.807483, 20.4506185], [85.806514, 20.4500977], [85.8063843, 20.4500577], [85.805362, 20.4497486], [85.8039658, 20.4496857], [85.8026917, 20.449678], [85.8013489, 20.4497868], [85.8001358, 20.4498955], [85.7993423, 20.4504638], [85.798793, 20.4510341], [85.7985564, 20.4513182], [85.7971603, 20.4535213], [85.7968856, 20.4541775], [85.7963285, 20.4553771], [85.7959547, 20.4570937], [85.7955199, 20.4584097], [85.7955046, 20.4588657], [85.7954435, 20.4603571], [85.7952527, 20.4615589], [85.795001, 20.4632773], [85.7945661, 20.4645934], [85.7936429, 20.4660793], [85.7926664, 20.467277], [85.7917507, 20.4680761], [85.790469, 20.4688715], [85.788821, 20.4690928], [85.7871807, 20.469085], [85.7856014, 20.4689058], [85.7835338, 20.4686083], [85.7811687, 20.4682534], [85.7790782, 20.4683373], [85.7786128, 20.4683564], [85.7776285, 20.469556], [85.7771404, 20.4701264], [85.7759195, 20.4705784], [85.7750726, 20.470403], [85.7738596, 20.4698802], [85.7727075, 20.4696456], [85.7715555, 20.4695254], [85.7704569, 20.4697505]]]}}, {"type": "Feature", "properties": {"OBJECTID": 396, "state": "ODISHA", "district": "Khordha", "stcode11": "21", "dtcode11": "386", "blkcode11": "0177", "block_name": "BHUBANESWAR", "code2011": "213860177", "block_lgd": 3460, "block_ver": 1, "dist_lgd": 362, "b_pan_code": 3823, "state_lgd": 21, "shape_Length": 169279.087148526, "shape_Area": 519654186.4334143}, "geometry": {"type": "Polygon", "coordinates": [[[85.8013303, 20.4356654], [85.800851, 20.435671], [85.8006881, 20.4356699], [85.8004829, 20.4355601], [85.7999978, 20.4350734], [85.7997807, 20.4346382], [85.7996034, 20.434027], [85.7994837, 20.4333893], [85.7995014, 20.4329695], [85.7996165, 20.4323241], [85.7996955, 20.4320221], [85.7996718, 20.4319515], [85.7996299, 20.4318273], [85.7993742, 20.4314507], [85.799168, 20.4314674], [85.7988594, 20.4317136], [85.7980207, 20.4323357], [85.7975345, 20.4326034], [85.7973044, 20.4326154], [85.7970703, 20.4325189], [85.7969377, 20.4323192], [85.7969248, 20.4321296], [85.7972628, 20.4311878], [85.7968457, 20.4312164], [85.7964041, 20.4311744], [85.796386, 20.4311725], [85.7961708, 20.4311123], [85.7959507, 20.4310521], [85.7952505, 20.4305231], [85.7951838, 20.430473], [85.7948553, 20.4301862], [85.7945798, 20.4298815], [85.7942165, 20.4291382], [85.79392, 20.4284495], [85.7935735, 20.428027], [85.7930812, 20.427852], [85.7927073, 20.427872], [85.7922596, 20.428131], [85.7919405, 20.4284765], [85.7918633, 20.4285617], [85.7910712, 20.4293513], [85.7902326, 20.4299643], [85.7892349, 20.4306893], [85.7873684, 20.4322077], [85.786751, 20.4327138], [85.7852283, 20.4337919], [85.7842859, 20.4323488], [85.7841306, 20.4319863], [85.7839799, 20.4316329], [85.7835606, 20.4307265], [85.7830395, 20.429955], [85.7825277, 20.429224], [85.7816732, 20.4275918], [85.7804957, 20.4255959], [85.780368, 20.4253782], [85.7802909, 20.4252385], [85.7796027, 20.4239905], [85.7795563, 20.4237915], [85.7795043, 20.4235369], [85.7794871, 20.4234525], [85.7794625, 20.4223139], [85.7797065, 20.4211412], [85.7801573, 20.419875], [85.7806916, 20.4183699], [85.7807406, 20.4182256], [85.7809736, 20.4178523], [85.7810987, 20.4177764], [85.7815159, 20.4177523], [85.7817218, 20.4177492], [85.7828992, 20.4179381], [85.7841763, 20.4182225], [85.7859878, 20.4188222], [85.7858218, 20.4173845], [85.7855834, 20.4153998], [85.7852682, 20.4128271], [85.7852191, 20.4117471], [85.7842313, 20.4112162], [85.7831421, 20.4108292], [85.7814855, 20.4106595], [85.7804079, 20.4105797], [85.7785373, 20.4102142], [85.7772177, 20.4098526], [85.7761181, 20.4095377], [85.7735196, 20.4085075], [85.7732668, 20.4083657], [85.7730235, 20.4082195], [85.7728146, 20.4079966], [85.7724643, 20.4074476], [85.7724596, 20.4074293], [85.7724458, 20.4073752], [85.7723152, 20.4069135], [85.7722305, 20.4061269], [85.7721626, 20.4050106], [85.7720569, 20.4044497], [85.7718384, 20.4042041], [85.7712792, 20.4040286], [85.7702764, 20.4042022], [85.7689519, 20.4044639], [85.7672269, 20.4050842], [85.7671634, 20.4052284], [85.7671537, 20.4054328], [85.7671461, 20.4055898], [85.7672717, 20.40789], [85.7672586, 20.4083324], [85.7672049, 20.4108481], [85.7673114, 20.412474], [85.7673417, 20.4129364], [85.7675767, 20.4143266], [85.7676528, 20.4147768], [85.7676988, 20.4156129], [85.7676353, 20.4157659], [85.767486, 20.4158824], [85.7664894, 20.4158709], [85.7661841, 20.4156925], [85.7660285, 20.4153752], [85.7659212, 20.4150175], [85.7651257, 20.4150165], [85.7650425, 20.4146456], [85.7654768, 20.4142375], [85.7653539, 20.4140423], [85.7650273, 20.4135475], [85.7649798, 20.413475], [85.7639053, 20.4118276], [85.7634742, 20.4112102], [85.7632848, 20.4109243], [85.7629946, 20.4106558], [85.7627379, 20.4104189], [85.7624239, 20.4101276], [85.7618531, 20.4095995], [85.7617154, 20.4094586], [85.7612256, 20.4089807], [85.760641, 20.4083983], [85.7604841, 20.4082391], [85.7597801, 20.4075927], [85.7595137, 20.4073513], [85.7593127, 20.4073184], [85.7592027, 20.407304], [85.7588916, 20.407261], [85.7564406, 20.4075734], [85.7547334, 20.4077599], [85.753941, 20.4067965], [85.7534208, 20.4065309], [85.7502773, 20.4065715], [85.7499992, 20.4065831], [85.7495248, 20.4065888], [85.7490785, 20.406685], [85.7487905, 20.4067507], [85.7481611, 20.4069585], [85.7478196, 20.4071277], [85.7464593, 20.4082382], [85.7452044, 20.4087803], [85.7437029, 20.4084172], [85.7423242, 20.4076617], [85.7422869, 20.4073845], [85.7421616, 20.4064545], [85.7394945, 20.4056447], [85.7378092, 20.4084377], [85.7362328, 20.4096144], [85.7359902, 20.4097025], [85.7338538, 20.410478], [85.7319052, 20.4103011], [85.7291471, 20.409486], [85.725671, 20.4080332], [85.7231222, 20.4068265], [85.7220035, 20.4065773], [85.7212139, 20.4064014], [85.7191515, 20.4054965], [85.7175088, 20.4048474], [85.7163026, 20.4041247], [85.7154764, 20.4034599], [85.7146938, 20.40283], [85.7134216, 20.4014111], [85.7129213, 20.4004952], [85.712836, 20.3998256], [85.7127819, 20.3994008], [85.7127648, 20.3974177], [85.7127449, 20.3970508], [85.7126568, 20.3954251], [85.7125905, 20.3949346], [85.7124942, 20.3942218], [85.7121943, 20.3934246], [85.711054, 20.3917177], [85.7097831, 20.3907237], [85.7078343, 20.3899954], [85.7066791, 20.3894899], [85.7058439, 20.3885395], [85.7051805, 20.3870937], [85.7046697, 20.3851523], [85.7045725, 20.3846812], [85.7042599, 20.3831659], [85.7042191, 20.3811736], [85.7042926, 20.3792589], [85.7043045, 20.3781787], [85.7043126, 20.377443], [85.7039498, 20.3760084], [85.703872, 20.3757006], [85.7033575, 20.3747933], [85.702564, 20.3740284], [85.702011, 20.3731073], [85.7019741, 20.3729848], [85.701708, 20.3721022], [85.7010237, 20.3703173], [85.7005326, 20.3683215], [85.699983, 20.366461], [85.6994067, 20.3643416], [85.6992581, 20.363795], [85.6991277, 20.3632417], [85.698837, 20.3620073], [85.6979981, 20.3603884], [85.6970591, 20.3586919], [85.6967869, 20.3568876], [85.6966641, 20.3561052], [85.6961326, 20.3549402], [85.6952117, 20.3533884], [85.6939067, 20.3519422], [85.6927818, 20.3501538], [85.6919368, 20.3486839], [85.6903802, 20.3469874], [85.6894865, 20.3461811], [85.6884551, 20.3458075], [85.6873835, 20.3456594], [85.6864796, 20.3455171], [85.6858756, 20.344442], [85.6853488, 20.3438688], [85.6844353, 20.3431392], [85.6827997, 20.3423138], [85.6820961, 20.3416941], [85.6811816, 20.3405398], [85.6805294, 20.3394959], [85.6800953, 20.3387474], [85.6789548, 20.337126], [85.6784967, 20.3363638], [85.6783747, 20.3358204], [85.6782153, 20.3351104], [85.678285, 20.3331008], [85.6783835, 20.3310869], [85.6783064, 20.330466], [85.6781639, 20.3293188], [85.6780546, 20.3283241], [85.6779906, 20.3277412], [85.6779076, 20.3275502], [85.677488, 20.3265854], [85.6773514, 20.3257529], [85.677214, 20.324451], [85.6766166, 20.3249936], [85.6763211, 20.325262], [85.6756877, 20.3259753], [85.6744918, 20.3274977], [85.6743032, 20.3277311], [85.672525, 20.3290275], [85.6717609, 20.329347], [85.6696012, 20.3298862], [85.6679266, 20.3302755], [85.6663677, 20.3311129], [85.6663672, 20.3311131], [85.6645953, 20.3317272], [85.6630839, 20.3315124], [85.6599511, 20.3315923], [85.6591221, 20.3316627], [85.6567048, 20.3298599], [85.6552836, 20.3286248], [85.6528798, 20.3269393], [85.6508455, 20.3251756], [85.6498219, 20.3239345], [85.64954, 20.3238601], [85.6486747, 20.3242372], [85.6469736, 20.3254754], [85.6465642, 20.3257387], [85.6443072, 20.325911], [85.6429871, 20.3257246], [85.6422786, 20.3251544], [85.6408671, 20.3233772], [85.6404264, 20.3228271], [85.6390374, 20.3223194], [85.6383589, 20.3216049], [85.636966, 20.3209979], [85.635704, 20.3196465], [85.6343839, 20.3178382], [85.6337257, 20.316993], [85.6340544, 20.3145252], [85.6362326, 20.3129165], [85.6382456, 20.3116532], [85.6391209, 20.3089912], [85.64057, 20.3029155], [85.6413087, 20.2970361], [85.6439277, 20.295241], [85.6458363, 20.2936424], [85.6457642, 20.2919491], [85.6484302, 20.2933746], [85.6516379, 20.2948646], [85.6529472, 20.2939669], [85.6547984, 20.2931336], [85.6554119, 20.292724], [85.6551784, 20.2914607], [85.6543816, 20.2896253], [85.655325, 20.2885719], [85.6568746, 20.2869867], [85.6640663, 20.28564], [85.6646797, 20.2852775], [85.6655439, 20.2844815], [85.6662434, 20.2840309], [85.668145, 20.2843828], [85.669214, 20.2841725], [85.6701464, 20.2828651], [85.6712978, 20.2824821], [85.673809, 20.2823867], [85.6757388, 20.2812956], [85.6785218, 20.2791546], [85.6830984, 20.276945], [85.6872021, 20.27628], [85.6888735, 20.2754529], [85.6897043, 20.2743766], [85.6900176, 20.2691069], [85.6901561, 20.2660488], [85.6909991, 20.264263], [85.6906395, 20.2621566], [85.6906068, 20.2613947], [85.6928088, 20.2603779], [85.6921231, 20.2590472], [85.6937045, 20.2582237], [85.6943638, 20.2568417], [85.6950812, 20.255365], [85.6975191, 20.2541277], [85.6987827, 20.2537617], [85.7001587, 20.2528829], [85.7018952, 20.2525622], [85.7039924, 20.2528], [85.7056754, 20.2527992], [85.7066655, 20.2539054], [85.7075316, 20.2544761], [85.7082092, 20.2545772], [85.7089994, 20.2541657], [85.7101983, 20.2538656], [85.7133064, 20.254128], [85.7146616, 20.2543303], [85.7141784, 20.2556201], [85.7128778, 20.2566868], [85.7117061, 20.2576216], [85.7110777, 20.2586627], [85.7114228, 20.2604292], [85.7108325, 20.2623587], [85.7110705, 20.2647649], [85.7112868, 20.2666635], [85.7105457, 20.2682174], [85.7109182, 20.2706186], [85.7118114, 20.2761303], [85.7123285, 20.2795429], [85.7126774, 20.2806101], [85.7145824, 20.2865439], [85.7157895, 20.2903434], [85.7167483, 20.2922771], [85.7196169, 20.2893068], [85.7207859, 20.289866], [85.7220365, 20.2899768], [85.7229003, 20.2889266], [85.724398, 20.2885197], [85.7255584, 20.2865365], [85.7258393, 20.2854034], [85.7260316, 20.2846271], [85.7257135, 20.2834953], [85.7250116, 20.2797083], [85.7242962, 20.2756041], [85.7237988, 20.271873], [85.7237703, 20.2696493], [85.7237823, 20.2696299], [85.7242107, 20.2689333], [85.7255224, 20.2681202], [85.7273744, 20.2673499], [85.7291537, 20.2664553], [85.7324118, 20.2655039], [85.7346535, 20.2644007], [85.735301, 20.2638038], [85.7352146, 20.2633622], [85.7338936, 20.262396], [85.7333848, 20.2615256], [85.7334273, 20.2609519], [85.7341421, 20.2603525], [85.7354672, 20.2598565], [85.7371902, 20.2592183], [85.7389529, 20.2579428], [85.7385099, 20.2573889], [85.7367395, 20.2551757], [85.7358933, 20.2534727], [85.7353832, 20.2525516], [85.7344198, 20.2508126], [85.7339462, 20.2490951], [85.7343924, 20.2483234], [85.7362026, 20.2476753], [85.7388913, 20.2463897], [85.7374302, 20.2434023], [85.7371516, 20.2429133], [85.7369113, 20.2424916], [85.735771, 20.2398314], [85.7356332, 20.2378747], [85.7360165, 20.2356464], [85.736704, 20.2324677], [85.736726, 20.2323664], [85.7375455, 20.2303729], [85.7381481, 20.2282872], [85.7384462, 20.2263926], [85.7384824, 20.2261613], [85.7381712, 20.225117], [85.7378271, 20.2233191], [85.7368132, 20.220875], [85.7366974, 20.2205956], [85.7364435, 20.2196497], [85.7356447, 20.2184227], [85.7350424, 20.2180434], [85.7336748, 20.2184482], [85.7318882, 20.2190198], [85.7304459, 20.2189243], [85.7303727, 20.2188835], [85.729518, 20.2184066], [85.7289048, 20.2177761], [85.7290583, 20.2172993], [85.7297683, 20.2164672], [85.7304141, 20.2153859], [85.7300466, 20.2130356], [85.7294771, 20.2109447], [85.729234, 20.2102497], [85.7288036, 20.2064431], [85.7281537, 20.2049588], [85.7278403, 20.2038642], [85.7280227, 20.2031528], [85.7291601, 20.2023546], [85.7303191, 20.2020586], [85.7319295, 20.2023489], [85.73271, 20.2019163], [85.7332916, 20.2005861], [85.7338592, 20.2001618], [85.7359992, 20.2003814], [85.7361097, 20.2003945], [85.7372841, 20.2005331], [85.7378028, 20.2002113], [85.7379938, 20.199701], [85.7376163, 20.1983573], [85.7377878, 20.1973949], [85.7384976, 20.1965627], [85.7398236, 20.1956294], [85.7400612, 20.1949662], [85.7395752, 20.1935764], [85.7389382, 20.1923936], [85.7393864, 20.1916721], [85.7406115, 20.1916753], [85.7424932, 20.1908483], [85.7439027, 20.1901903], [85.7461468, 20.1903553], [85.7467817, 20.1901205], [85.7467953, 20.1901735], [85.746803, 20.1902005], [85.7469783, 20.190803], [85.747108, 20.1913752], [85.7472301, 20.1918634], [85.7473598, 20.1924051], [85.747459, 20.1928306], [85.7479471, 20.1943659], [85.7481608, 20.1951632], [85.7483058, 20.1958479], [85.7483974, 20.1964773], [85.748588, 20.1968149], [85.7487788, 20.1970954], [85.7490381, 20.1973738], [85.7491983, 20.1974805], [85.7492823, 20.197536], [85.7495417, 20.1975665], [85.7497094, 20.1975207], [85.749885, 20.1974559], [85.7500605, 20.1972764], [85.7501673, 20.1969847], [85.7504038, 20.1967463], [85.7507014, 20.1965614], [85.7508769, 20.1965537], [85.751121, 20.1964869], [85.7513575, 20.196363], [85.7515863, 20.1961245], [85.7518229, 20.1959414], [85.7521204, 20.1958727], [85.7524256, 20.1958613], [85.7526698, 20.1958518], [85.7529139, 20.1959567], [85.7531581, 20.1959472], [85.7533946, 20.1959378], [85.753631, 20.1958137], [85.7539897, 20.1957412], [85.7542414, 20.1959052], [85.7543788, 20.1959949], [85.7544933, 20.1960673], [85.7548671, 20.1962829], [85.7551113, 20.196447], [85.7553554, 20.1964946], [85.7556071, 20.1965804], [85.7558131, 20.1972823], [85.7563548, 20.1987014], [85.7567744, 20.2000671], [85.7570719, 20.2014365], [85.7575067, 20.2033192], [85.7580408, 20.204393], [85.7582621, 20.2043529], [85.7584604, 20.2043186], [85.759704, 20.203695], [85.7605356, 20.2032009], [85.7614817, 20.2027622], [85.7626108, 20.2022016], [85.7637323, 20.2015817], [85.765098, 20.200895], [85.7658077, 20.2005422], [85.7661051, 20.2003954], [85.766746, 20.2012345], [85.7671427, 20.2020242], [85.7676768, 20.2032125], [85.7680201, 20.2042922], [85.7681956, 20.2055529], [85.7683405, 20.2061232], [85.7685541, 20.2069204], [85.7688898, 20.2077138], [85.7691644, 20.2085665], [85.769645, 20.2098158], [85.7699655, 20.2106798], [85.7705225, 20.2105292], [85.7706979, 20.210409], [85.7710489, 20.210222], [85.7714761, 20.2102049], [85.7718958, 20.2100733], [85.7726129, 20.2098159], [85.7732691, 20.2096747], [85.7741694, 20.2094668], [85.7750086, 20.2092628], [85.7756647, 20.2091216], [85.7762675, 20.2089824], [85.7766871, 20.2088507], [85.77716, 20.2086029], [85.7776407, 20.2084102], [85.7789835, 20.2077351], [85.7804332, 20.2072658], [85.7812801, 20.207119], [85.7818828, 20.2070427], [85.7823634, 20.2070198], [85.7827144, 20.2066594], [85.7830653, 20.206417], [85.7832485, 20.2064534], [85.783813, 20.2069054], [85.7843393, 20.2080364], [85.7849498, 20.2095109], [85.7855296, 20.2109719], [85.7864604, 20.2110062], [85.7877803, 20.2106667], [85.788505, 20.2105237], [85.7895197, 20.2103865], [85.7897029, 20.2103616], [85.7901361, 20.2102075], [85.7902446, 20.210169], [85.7915493, 20.2096006], [85.792976, 20.2089121], [85.7932583, 20.208851], [85.7936398, 20.2087709], [85.7943645, 20.2088568], [85.7947765, 20.2099936], [85.7950054, 20.2110216], [85.7952114, 20.2119391], [85.794517, 20.2124788], [85.7937541, 20.2130854], [85.7937693, 20.2133715], [85.7942652, 20.2151968], [85.7949519, 20.2170699], [85.7965616, 20.2172892], [85.7989115, 20.2161677], [85.7989879, 20.2162707], [85.7996821, 20.2171748], [85.8003458, 20.2187065], [85.8004297, 20.2192213], [85.800262, 20.2194579], [85.799972, 20.2198127], [85.7997431, 20.2202247], [85.799766, 20.2206862], [85.7998423, 20.2210277], [85.8004144, 20.22164], [85.8017953, 20.2228531], [85.8023675, 20.2234653], [85.8024972, 20.2238048], [85.8024591, 20.2243256], [85.8025049, 20.225304], [85.8025355, 20.226109], [85.8027031, 20.2271389], [85.8026727, 20.2276005], [85.8021615, 20.2287143], [85.8017723, 20.2294791], [85.8010551, 20.231234], [85.8008873, 20.2316439], [85.8022454, 20.2322829], [85.8033516, 20.2326435], [85.8040154, 20.2327962], [85.8043968, 20.2328343], [85.8057854, 20.2327789], [85.8071129, 20.2326702], [85.8075401, 20.2328285], [85.808036, 20.2329812], [85.8084709, 20.233252], [85.8087761, 20.233355], [85.8090737, 20.2332864], [85.8094856, 20.2329831], [85.8099587, 20.2325615], [85.8102333, 20.2320333], [85.81063, 20.2313257], [85.8110269, 20.2305608], [85.8114617, 20.229794], [85.8121027, 20.2289071], [85.8129495, 20.2288175], [85.8143151, 20.2282453], [85.8133462, 20.2267862], [85.8128274, 20.225884], [85.8124919, 20.2250905], [85.812202, 20.2240643], [85.8118739, 20.2233872], [85.8105311, 20.2217106], [85.8091655, 20.2195744], [85.8078151, 20.2176098], [85.8070446, 20.2165569], [85.8070063, 20.2163395], [85.8073879, 20.216187], [85.8082805, 20.2158074], [85.8090054, 20.2156643], [85.8095471, 20.2156433], [85.8101497, 20.2155614], [85.8107448, 20.2153077], [85.8108669, 20.2152448], [85.811279, 20.215056], [85.8115154, 20.2148747], [85.8113018, 20.2143274], [85.8109661, 20.2134557], [85.8102185, 20.2119564], [85.8094556, 20.2119603], [85.8087841, 20.2119279], [85.8087079, 20.21147], [85.8086185, 20.2106546], [85.8086011, 20.2104954], [85.8084686, 20.2100921], [85.808395, 20.2098679], [85.808334, 20.2096981], [85.8081892, 20.2093015], [85.8079603, 20.2082161], [85.8076322, 20.2066502], [85.8075863, 20.2064441], [85.808296, 20.2060704], [85.809242, 20.2055745], [85.8103178, 20.2051281], [85.8117445, 20.2046113], [85.8130109, 20.2043328], [85.8144148, 20.2039572], [85.8142393, 20.203364], [85.8138352, 20.2020223], [85.8138274, 20.2019964], [85.8133468, 20.2009206], [85.813133, 20.2002816], [85.8130873, 20.2001443], [85.8130035, 20.1998982], [85.8127669, 20.1986967], [85.8127898, 20.197846], [85.8131484, 20.1976439], [85.8138656, 20.1974454], [85.8144683, 20.1973635], [85.8152466, 20.1972185], [85.8157271, 20.1970258], [85.8157311, 20.1970257], [85.8156585, 20.1954732], [85.8156205, 20.1944967], [85.8158952, 20.192124], [85.8159867, 20.1917177], [85.8160782, 20.1910787], [85.8149262, 20.1894537], [85.8158037, 20.1888433], [85.8165131, 20.1884694], [85.8171693, 20.1881566], [85.8186646, 20.1877523], [85.8199846, 20.1874701], [85.8205872, 20.187388], [85.8216783, 20.1873022], [85.8217242, 20.1870562], [85.8217699, 20.186709], [85.8217622, 20.1865355], [85.8217546, 20.1863639], [85.821625, 20.1862532], [85.8213808, 20.1862054], [85.8209535, 20.1861655], [85.8207094, 20.1861158], [85.8207019, 20.1858869], [85.8206331, 20.1857172], [85.8204501, 20.1856085], [85.8202669, 20.185557], [85.8201982, 20.1854463], [85.8200685, 20.1852786], [85.820061, 20.1850477], [85.8199923, 20.1848188], [85.8198015, 20.1846548], [85.8194963, 20.184609], [85.819359, 20.184588], [85.8191911, 20.1845632], [85.8189471, 20.1843993], [85.8187563, 20.1842352], [85.8185656, 20.184012], [85.8183138, 20.1837908], [85.8180696, 20.1836839], [85.8179476, 20.1836324], [85.8176882, 20.1832968], [85.8176195, 20.1830679], [85.8175509, 20.1828409], [85.8175967, 20.182551], [85.81765, 20.1823775], [85.8176348, 20.181973], [85.8174441, 20.1818661], [85.8170169, 20.1816526], [85.8166431, 20.1814371], [85.8163913, 20.181273], [85.8162005, 20.1809355], [85.816109, 20.1803041], [85.8161624, 20.1801306], [85.8162692, 20.1798367], [85.816437, 20.1794859], [85.8164294, 20.1791979], [85.8161777, 20.1790337], [85.8159335, 20.1790452], [85.815697, 20.179112], [85.815407, 20.1794115], [85.8150561, 20.1797127], [85.8148196, 20.1797795], [85.8145143, 20.179791], [85.8143313, 20.1797986], [85.8140871, 20.1796918], [85.8138964, 20.1795259], [85.8138278, 20.1792417], [85.8138736, 20.1789518], [85.8141635, 20.1786522], [85.8142779, 20.1784748], [85.8142093, 20.1783052], [85.8140262, 20.1783128], [85.8137972, 20.1784939], [85.8135607, 20.1787343], [85.813454, 20.1787916], [85.8133242, 20.1788583], [85.8130267, 20.1788697], [85.8127749, 20.1787649], [85.8126528, 20.1786542], [85.8124621, 20.1783604], [85.8125014, 20.1783126], [85.8117602, 20.1779149], [85.8106056, 20.177832], [85.8099047, 20.1772838], [85.8080752, 20.1777386], [85.80777, 20.1777501], [85.8074648, 20.177647], [85.8071596, 20.1774868], [85.8069079, 20.1772655], [85.8068926, 20.1768631], [85.8070682, 20.1767411], [85.8073657, 20.1766723], [85.8077929, 20.1767124], [85.8081515, 20.1766419], [85.8085101, 20.1765121], [85.8086092, 20.1759896], [85.808533, 20.1756462], [85.8083957, 20.1752494], [85.807999, 20.1744007], [85.807732, 20.1738934], [85.8075869, 20.173264], [85.8075564, 20.1730733], [85.8074954, 20.1726345], [85.8075259, 20.1719421], [85.8074421, 20.1713699], [85.8071902, 20.1710343], [85.8068393, 20.1708625], [85.8063282, 20.1707214], [85.8057254, 20.1706871], [85.8052982, 20.1705898], [85.8051075, 20.1703667], [85.8049015, 20.1699127], [85.8047719, 20.1696303], [85.80452, 20.169411], [85.8042683, 20.1691898], [85.8040164, 20.1690257], [85.8038333, 20.1688598], [85.8038181, 20.1685737], [85.8038029, 20.1681713], [85.8037876, 20.1678833], [85.8037723, 20.167538], [85.8037571, 20.1671356], [85.8035588, 20.1666816], [85.8033069, 20.1665195], [85.8030019, 20.1663592], [85.802689, 20.1661399], [85.8024371, 20.1659206], [85.8023076, 20.1656383], [85.8022923, 20.1654075], [85.8023839, 20.165169], [85.8026357, 20.1648754], [85.8029256, 20.164633], [85.8036961, 20.1642002], [85.8041081, 20.1639541], [85.8045812, 20.1635898], [85.8049779, 20.1630557], [85.8051991, 20.1625865], [85.8052526, 20.1622966], [85.8052297, 20.1618942], [85.8051, 20.1616691], [85.8049169, 20.1616176], [85.8046193, 20.161629], [85.8043751, 20.1616958], [85.8041463, 20.1618788], [85.8037878, 20.1620085], [85.8034902, 20.1621916], [85.8030705, 20.1623252], [85.8027731, 20.1623348], [85.8025288, 20.1622871], [85.8023991, 20.162062], [85.8023915, 20.1618904], [85.8024449, 20.1617148], [85.8026128, 20.1615356], [85.8030934, 20.1613449], [85.8035666, 20.1611522], [85.8040395, 20.160847], [85.804566, 20.1603645], [85.8047109, 20.1602099], [85.8049804, 20.1597014], [85.8050169, 20.1596993], [85.8050398, 20.159698], [85.8052073, 20.1596901], [85.805346, 20.1596956], [85.8054604, 20.1597461], [85.8056512, 20.1598197], [85.8057653, 20.1599062], [85.8058555, 20.1600108], [85.8059637, 20.1602464], [85.8059913, 20.160391], [85.8059519, 20.1605352], [85.8057825, 20.160787], [85.8055079, 20.1610518], [85.8057307, 20.1613155], [85.8058165, 20.161262], [85.8059325, 20.1611901], [85.8060289, 20.1611297], [85.8061393, 20.1610608], [85.806389, 20.1609314], [85.8066435, 20.1608203], [85.8067532, 20.1607901], [85.8068543, 20.1607626], [85.8069162, 20.1607455], [85.8069681, 20.160731], [85.8070605, 20.1607053], [85.8076164, 20.1605736], [85.8076874, 20.1605546], [85.8079951, 20.1604722], [85.8083069, 20.1603862], [85.8083786, 20.1603664], [85.8088241, 20.1602971], [85.8088603, 20.1602952], [85.8091255, 20.1602811], [85.8093798, 20.1602638], [85.8094271, 20.1602606], [85.8097716, 20.1602629], [85.8103554, 20.1602307], [85.8108485, 20.1601798], [85.8115857, 20.1601351], [85.8127222, 20.1597678], [85.8128697, 20.1597159], [85.8143216, 20.1592048], [85.8143339, 20.1592004], [85.815677, 20.158735], [85.8163779, 20.1596569], [85.8172469, 20.1592607], [85.8175011, 20.1591766], [85.8178414, 20.159084], [85.8181818, 20.1589959], [85.818699, 20.1589045], [85.8189574, 20.1588971], [85.8193108, 20.1589809], [85.8193323, 20.1589886], [85.8195828, 20.1590776], [85.8198323, 20.1591607], [85.8198596, 20.1591698], [85.8202933, 20.1593942], [85.8204787, 20.1595399], [85.8206117, 20.1596582], [85.8207449, 20.1597766], [85.8210433, 20.1601715], [85.8214079, 20.1606755], [85.8218268, 20.1603169], [85.8220286, 20.1601827], [85.8225572, 20.1598745], [85.8229455, 20.1597687], [85.8237313, 20.1596158], [85.8243926, 20.1594576], [85.8254381, 20.1591077], [85.825602, 20.1597376], [85.8256373, 20.1598731], [85.8257078, 20.1601441], [85.8257589, 20.1604028], [85.8258231, 20.1607279], [85.8258616, 20.1613244], [85.8258976, 20.1615772], [85.8259343, 20.1618351], [85.8259408, 20.1619337], [85.8259515, 20.1620975], [85.8259262, 20.1624734], [85.8259193, 20.162576], [85.8259402, 20.1627], [85.8259559, 20.1627931], [85.8260361, 20.1629475], [85.8261359, 20.1630566], [85.8262883, 20.1631252], [85.8264981, 20.1632215], [85.826574, 20.1633033], [85.8266591, 20.1634485], [85.8266609, 20.163454], [85.8267525, 20.163747], [85.8268165, 20.1641359], [85.8268148, 20.1643619], [85.8268175, 20.1644023], [85.8268408, 20.164746], [85.8270702, 20.1647748], [85.8271537, 20.1651289], [85.8271906, 20.1652858], [85.8272105, 20.16538], [85.8272255, 20.165451], [85.8273848, 20.1662045], [85.8273357, 20.1667193], [85.8272862, 20.1672381], [85.827308, 20.1675096], [85.8273728, 20.1681253], [85.8274554, 20.1689107], [85.8274522, 20.1693535], [85.8274524, 20.16947], [85.8274533, 20.1698412], [85.8272379, 20.1698491], [85.8273846, 20.1707546], [85.8274666, 20.17126], [85.8280408, 20.1712369], [85.8280765, 20.1715088], [85.8281179, 20.1718244], [85.8281593, 20.172089], [85.8282183, 20.1724669], [85.8283324, 20.1730771], [85.8283655, 20.1732537], [85.8285371, 20.1739867], [85.8286167, 20.1742132], [85.8286689, 20.1742723], [85.8287929, 20.1743273], [85.8289337, 20.1744462], [85.8290354, 20.174532], [85.8293544, 20.1747419], [85.8294891, 20.1749024], [85.8295108, 20.1749282], [85.8296146, 20.1751367], [85.8301523, 20.1761612], [85.8304546, 20.1766963], [85.8307854, 20.1772361], [85.8311266, 20.177663], [85.8316721, 20.1783081], [85.8320559, 20.178803], [85.8324204, 20.179334], [85.832718, 20.1798465], [85.832845, 20.180141], [85.8330491, 20.18049], [85.8332561, 20.1808439], [85.8333744, 20.1810126], [85.8334217, 20.18108], [85.8338435, 20.1816203], [85.8340382, 20.1818339], [85.8341659, 20.1820289], [85.8342973, 20.1823597], [85.8344634, 20.1831965], [85.8345444, 20.1838792], [85.8345713, 20.1842949], [85.834583, 20.1844759], [85.834541, 20.1849995], [85.8345316, 20.1850824], [85.8345153, 20.1852255], [85.8345014, 20.1852841], [85.834466, 20.1854327], [85.8342378, 20.185883], [85.8339657, 20.1864368], [85.8337802, 20.1869189], [85.8337771, 20.1869799], [85.8337746, 20.1870276], [85.8340273, 20.1871422], [85.8339308, 20.1876179], [85.8338535, 20.1879994], [85.8348584, 20.187997], [85.8351453, 20.188026], [85.8353121, 20.1881038], [85.8354887, 20.1881548], [85.8356516, 20.1881423], [85.835848, 20.1881076], [85.8360976, 20.1880098], [85.8363615, 20.1879032], [85.8367165, 20.188416], [85.8369105, 20.1887109], [85.8370471, 20.1890099], [85.8371124, 20.1892406], [85.8371457, 20.1893791], [85.8372017, 20.1896109], [85.8372052, 20.189625], [85.8372535, 20.1902081], [85.8373459, 20.1912884], [85.8373246, 20.1915955], [85.8379876, 20.1912249], [85.8380573, 20.1908504], [85.838084, 20.1904936], [85.83811, 20.1902093], [85.8382262, 20.1900293], [85.8384292, 20.1897552], [85.838202, 20.1894149], [85.8384924, 20.188965], [85.8388558, 20.1890125], [85.8392424, 20.1884865], [85.8403138, 20.1885523], [85.8404211, 20.1882593], [85.8411434, 20.1883048], [85.8413922, 20.1882974], [85.8415735, 20.1883709], [85.8417263, 20.1884261], [85.8418598, 20.1884812], [85.8420128, 20.1884867], [85.842305, 20.1884615], [85.8426209, 20.188441], [85.8427886, 20.188415], [85.842899, 20.1883524], [85.8429761, 20.1882853], [85.8430009, 20.188168], [85.8429595, 20.1879328], [85.8428479, 20.1874939], [85.8428356, 20.1872318], [85.8428726, 20.1867532], [85.8428555, 20.186482], [85.8428292, 20.1861475], [85.842741, 20.1857855], [85.8426665, 20.1855004], [85.8426443, 20.1852744], [85.8426728, 20.1850233], [85.8426852, 20.1849133], [85.842756, 20.1843852], [85.8428931, 20.1839706], [85.8429161, 20.1838952], [85.8430305, 20.1835196], [85.8431092, 20.1832175], [85.8431963, 20.1830779], [85.8434035, 20.1828806], [85.8435861, 20.1827778], [85.8437397, 20.1827156], [85.843737, 20.1826463], [85.8437236, 20.1823], [85.8430783, 20.1822144], [85.8428903, 20.1811154], [85.8428872, 20.1808715], [85.8429273, 20.1806233], [85.8427608, 20.1805046], [85.8427721, 20.1796101], [85.8428085, 20.17924], [85.843355, 20.1790855], [85.8432286, 20.1774133], [85.8435955, 20.1769685], [85.8444309, 20.1772314], [85.8447049, 20.1770434], [85.8444075, 20.1759602], [85.8443321, 20.1756858], [85.8449891, 20.1754868], [85.845087, 20.1751757], [85.8453828, 20.1753086], [85.84555, 20.1753413], [85.8459275, 20.1754025], [85.8461054, 20.1759323], [85.8462234, 20.1761454], [85.8462947, 20.1762046], [85.8463708, 20.1762682], [85.8465614, 20.1763689], [85.8467238, 20.1764061], [85.8469539, 20.1763579], [85.8472705, 20.1762516], [85.8475243, 20.1762171], [85.8475349, 20.1760726], [85.8480204, 20.1760307], [85.8484063, 20.175997], [85.8484286, 20.1762005], [85.8488591, 20.1762123], [85.8490348, 20.1764167], [85.8499107, 20.1763592], [85.8503028, 20.1763844], [85.8510445, 20.1763847], [85.8518432, 20.1764306], [85.8522023, 20.1763923], [85.8527717, 20.176387], [85.8530638, 20.1763481], [85.8532266, 20.1763357], [85.853276, 20.1761056], [85.8537924, 20.1761678], [85.8539165, 20.1762047], [85.8540496, 20.176314], [85.8541254, 20.1764184], [85.8541878, 20.1770512], [85.8542872, 20.1780287], [85.8543395, 20.178543], [85.8543306, 20.1791168], [85.854367, 20.180034], [85.8544227, 20.1809198], [85.8544917, 20.1819503], [85.8544041, 20.1821394], [85.854334, 20.1825818], [85.8543381, 20.1833136], [85.8543388, 20.1833342], [85.8543843, 20.1848498], [85.8543342, 20.1851657], [85.8542923, 20.1856533], [85.8543055, 20.1858472], [85.8543313, 20.1862273], [85.8543964, 20.1867953], [85.8544256, 20.1870501], [85.8544767, 20.1872329], [85.8545002, 20.1873172], [85.8546276, 20.187571], [85.854654, 20.1878874], [85.8546938, 20.1883349], [85.8546626, 20.1886916], [85.8546312, 20.1890482], [85.8545759, 20.189252], [85.8545525, 20.1893369], [85.8544267, 20.1895258], [85.8543494, 20.1896427], [85.8542864, 20.1897416], [85.8542607, 20.1899811], [85.8544013, 20.1903839], [85.8544329, 20.1904747], [85.8545654, 20.1908552], [85.854795, 20.1921755], [85.8540645, 20.1926091], [85.8543207, 20.1928681], [85.8537122, 20.1930132], [85.8534916, 20.1930885], [85.8532084, 20.1932042], [85.8532033, 20.1932089], [85.8531216, 20.1932807], [85.852997, 20.1934092], [85.8529866, 20.1934195], [85.8528441, 20.1933012], [85.852188, 20.1933737], [85.851331, 20.1934268], [85.8504308, 20.1935157], [85.8498901, 20.1935168], [85.8498427, 20.1935158], [85.8492346, 20.1935034], [85.8486991, 20.1934593], [85.8483072, 20.1933935], [85.8478195, 20.1933406], [85.84737, 20.1933015], [85.8472075, 20.1932643], [85.8470833, 20.1932319], [85.8468654, 20.1935828], [85.8467397, 20.1937537], [85.8464795, 20.1940185], [85.8462575, 20.1942747], [85.8463943, 20.1945422], [85.8463764, 20.1946522], [85.8463591, 20.1947588], [85.8462423, 20.1950423], [85.8461484, 20.1953192], [85.8461445, 20.1953309], [85.8458969, 20.1958081], [85.8455184, 20.1958779], [85.8452399, 20.195352], [85.844842, 20.1954624], [85.8447334, 20.1952448], [85.8429635, 20.1958251], [85.8433946, 20.1976845], [85.8423691, 20.1979081], [85.8416983, 20.1954555], [85.8425192, 20.1950905], [85.8426453, 20.1948384], [85.8433796, 20.194563], [85.8434971, 20.1941979], [85.8437902, 20.1940508], [85.8441018, 20.193958], [85.844634, 20.1938124], [85.8449985, 20.1936882], [85.8449865, 20.1936375], [85.8448639, 20.1931224], [85.8445779, 20.1923299], [85.8435775, 20.1923821], [85.8430724, 20.1927266], [85.8429237, 20.1927979], [85.8427032, 20.1928417], [85.8423773, 20.1929163], [85.8421236, 20.1929372], [85.8419941, 20.1929769], [85.8418307, 20.1930707], [85.8415041, 20.1932358], [85.8410817, 20.1934183], [85.8407307, 20.1936238], [85.8404235, 20.1937753], [85.8402214, 20.1939186], [85.8400433, 20.1940619], [85.8395128, 20.1939726], [85.8374467, 20.1948731], [85.8374198, 20.194885], [85.8377429, 20.1951991], [85.8377633, 20.1952158], [85.8379663, 20.1953854], [85.8381736, 20.1955096], [85.8381951, 20.1955227], [85.8383856, 20.1956505], [85.8385851, 20.1958281], [85.8389028, 20.1962276], [85.8390541, 20.1964771], [85.839409, 20.1970171], [85.8396975, 20.1974662], [85.8397821, 20.1976699], [85.8398334, 20.1978462], [85.8398542, 20.198057], [85.8398691, 20.1982082], [85.8399104, 20.1984254], [85.840009, 20.198688], [85.8401825, 20.1991632], [85.8401963, 20.1992114], [85.8403458, 20.1997337], [85.8404302, 20.2000443], [85.8404338, 20.2000571], [85.8404344, 20.2000594], [85.8413584, 20.2000115], [85.8418001, 20.1997885], [85.8422949, 20.1995342], [85.8427845, 20.1993342], [85.842882, 20.1992987], [85.8431251, 20.19921], [85.8435189, 20.1990183], [85.8435501, 20.1986842], [85.8448081, 20.1981053], [85.8456857, 20.1991319], [85.8456869, 20.2002704], [85.8456938, 20.2004656], [85.8456987, 20.2006089], [85.8457402, 20.2008352], [85.8466487, 20.2009317], [85.8467573, 20.2017863], [85.8467664, 20.2017857], [85.8474754, 20.2017367], [85.84809, 20.2014516], [85.8483251, 20.2020269], [85.8494462, 20.201831], [85.8495779, 20.2021481], [85.8500623, 20.2020021], [85.8505662, 20.2018066], [85.8512036, 20.2016753], [85.8513952, 20.201654], [85.8516541, 20.2022294], [85.8516885, 20.2024408], [85.8517136, 20.2025954], [85.851692, 20.2029386], [85.8517114, 20.2030497], [85.8517424, 20.2032283], [85.8517797, 20.2033731], [85.8518937, 20.2034959], [85.8519934, 20.2035914], [85.8522105, 20.2033625], [85.8521984, 20.2032965], [85.8521599, 20.2030865], [85.8522132, 20.202992], [85.8523338, 20.2028663], [85.8525119, 20.2027184], [85.8527755, 20.2026568], [85.8529529, 20.2026172], [85.8528877, 20.2024282], [85.8528873, 20.2024269], [85.8528064, 20.202354], [85.8528069, 20.2023001], [85.8528695, 20.2022372], [85.8530995, 20.2022028], [85.8532144, 20.2021809], [85.8533585, 20.2021051], [85.8546172, 20.2014356], [85.8550155, 20.2012891], [85.8553265, 20.2012911], [85.8555039, 20.2012471], [85.8557538, 20.2011041], [85.8559266, 20.2010331], [85.8561468, 20.2010209], [85.856396, 20.2009729], [85.8565741, 20.2008294], [85.8572151, 20.2003011], [85.8572431, 20.200278], [85.8569788, 20.1997746], [85.8568661, 20.1994983], [85.8567353, 20.1990593], [85.85663, 20.1984172], [85.8569294, 20.198017], [85.8572029, 20.197915], [85.8575049, 20.1978671], [85.8577805, 20.1981219], [85.8581748, 20.1978536], [85.8580253, 20.1973782], [85.8583851, 20.1972448], [85.8586076, 20.197567], [85.8590644, 20.1972719], [85.8592182, 20.197169], [85.8595536, 20.197117], [85.8602903, 20.1984544], [85.8615728, 20.1984537], [85.8618165, 20.1978409], [85.8620695, 20.1972687], [85.8624134, 20.1966837], [85.862815, 20.196072], [85.8634191, 20.1952446], [85.8636827, 20.1949235], [85.8638102, 20.1947683], [85.8642609, 20.1946312], [85.8644115, 20.1943295], [85.8655111, 20.1924664], [85.8649595, 20.1920156], [85.865902, 20.191362], [85.8662481, 20.1911519], [85.8667427, 20.1909021], [85.8679046, 20.190363], [85.8687108, 20.1900383], [85.869781, 20.1896163], [85.8701311, 20.1894783], [85.8704096, 20.1893491], [85.8717281, 20.1910355], [85.871526, 20.19122], [85.8713261, 20.1914024], [85.8711087, 20.1916009], [85.8703113, 20.1923967], [85.8701383, 20.1925694], [85.8687883, 20.1939169], [85.8654825, 20.1981578], [85.8637552, 20.2017217], [85.8629771, 20.2039133], [85.8632094, 20.2061288], [85.8637104, 20.2083338], [85.8645783, 20.2112235], [85.8653929, 20.2144332], [85.8658268, 20.2166407], [85.8670436, 20.2196925], [85.8676322, 20.2211688], [85.8685899, 20.2245635], [85.8689595, 20.2268374], [85.8694719, 20.2277706], [85.8696707, 20.2307502], [85.8704744, 20.2321805], [85.8719676, 20.2371266], [85.872051, 20.2374033], [85.8733505, 20.2393864], [85.8746329, 20.2410188], [85.8756887, 20.2420579], [85.8773213, 20.2424386], [85.8791666, 20.243065], [85.8793565, 20.2431607], [85.8803371, 20.2436545], [85.8810428, 20.2443895], [85.8822583, 20.2459942], [85.8836083, 20.2475937], [85.8850505, 20.2495718], [85.8851851, 20.2497564], [85.8856026, 20.2515832], [85.8850989, 20.2538914], [85.8831188, 20.2542125], [85.8830268, 20.2542274], [85.8834866, 20.2585318], [85.8832432, 20.260639], [85.8836621, 20.262261], [85.8842183, 20.2644145], [85.8851178, 20.2680022], [85.885799, 20.2712173], [85.8871888, 20.2752306], [85.8870793, 20.2767707], [85.8870693, 20.276912], [85.8866105, 20.2802357], [85.8855048, 20.2841568], [85.8846004, 20.2865445], [85.8833814, 20.2875986], [85.8833681, 20.2876101], [85.8819929, 20.2884907], [85.8811078, 20.2897969], [85.8808979, 20.2911402], [85.8808533, 20.293176], [85.8803633, 20.294276], [85.8798985, 20.2959471], [85.8800471, 20.2977846], [85.8796802, 20.2986255], [85.8794652, 20.3014672], [85.8797009, 20.3037464], [85.8803705, 20.305182], [85.8812839, 20.306036], [85.8824522, 20.3065621], [85.883755, 20.3070828], [85.8844022, 20.3080109], [85.885453, 20.3089231], [85.8869127, 20.3099461], [85.8882074, 20.3118021], [85.889401, 20.3128993], [85.8904463, 20.3136844], [85.8904716, 20.3142555], [85.8902895, 20.3147077], [85.8900291, 20.3149087], [85.8894296, 20.3150596], [85.8892446, 20.3154482], [85.8891591, 20.3168032], [85.8895545, 20.3180291], [85.8905638, 20.3194947], [85.8906977, 20.3203171], [85.8912167, 20.3210323], [85.892763, 20.3207415], [85.8939871, 20.320877], [85.8947329, 20.3212153], [85.8955377, 20.3217813], [85.8961176, 20.3227701], [85.8959936, 20.3242293], [85.8960203, 20.3259295], [85.8964866, 20.3265548], [85.8974433, 20.3272528], [85.8984955, 20.327901], [85.8986598, 20.3283083], [85.8984958, 20.3290045], [85.8967146, 20.3305923], [85.895367, 20.332071], [85.8945424, 20.3332531], [85.894267, 20.3347354], [85.894762, 20.3360032], [85.8954633, 20.3364356], [85.896195, 20.3364526], [85.8969309, 20.3365614], [85.8970039, 20.3371103], [85.899512, 20.3381224], [85.8962494, 20.34147], [85.8951247, 20.3424801], [85.8949059, 20.3430405], [85.8958956, 20.3455765], [85.8966067, 20.3462666], [85.896818, 20.3477297], [85.8988615, 20.3487526], [85.8997658, 20.3493606], [85.900929, 20.3497975], [85.901649, 20.3500679], [85.9022006, 20.3504141], [85.9028231, 20.3512631], [85.9031482, 20.3526437], [85.9026286, 20.3524341], [85.9023559, 20.3523737], [85.9019969, 20.35234], [85.9015229, 20.3523232], [85.9012065, 20.352353], [85.9009281, 20.3524416], [85.900346, 20.3527992], [85.9001724, 20.3529607], [85.8998384, 20.3534601], [85.8996884, 20.353667], [85.8991348, 20.3547161], [85.8989068, 20.355144], [85.8986438, 20.3557385], [85.8983762, 20.3563331], [85.8982448, 20.356626], [85.8979651, 20.3575638], [85.8979139, 20.3577992], [85.8978611, 20.358042], [85.8977696, 20.3583481], [85.8975471, 20.3590925], [85.8974194, 20.3595436], [85.8971085, 20.3608291], [85.897086, 20.3610194], [85.8970371, 20.361434], [85.8969901, 20.3616644], [85.8969129, 20.3620433], [85.8969124, 20.3621154], [85.8968552, 20.3627474], [85.8968394, 20.3629552], [85.8969115, 20.3636107], [85.8970299, 20.3638146], [85.8972521, 20.3642002], [85.8975034, 20.3648513], [85.8976191, 20.3651511], [85.8976492, 20.365276], [85.8977447, 20.3656714], [85.8979279, 20.3661875], [85.8980086, 20.3664611], [85.8980213, 20.3665044], [85.8980627, 20.3666772], [85.8981936, 20.3672237], [85.8983559, 20.3679748], [85.898562, 20.3686175], [85.8985899, 20.3688129], [85.8986169, 20.3690019], [85.8986137, 20.3694489], [85.8985713, 20.3699179], [85.8985565, 20.3700811], [85.8984755, 20.3703643], [85.8984533, 20.370442], [85.8983067, 20.3708565], [85.8979699, 20.3715052], [85.8979278, 20.3715861], [85.897623, 20.3720133], [85.8973432, 20.3722915], [85.8971408, 20.372453], [85.8962683, 20.3718782], [85.8963095, 20.3715297], [85.8963345, 20.3713186], [85.8958027, 20.37087], [85.8957814, 20.370852], [85.8953631, 20.3704991], [85.8946616, 20.3701152], [85.893831, 20.3697169], [85.8941815, 20.3689241], [85.8942019, 20.3687435], [85.8941888, 20.3685582], [85.8942524, 20.3683735], [85.8942766, 20.3682309], [85.8944124, 20.3674303], [85.8943507, 20.3673621], [85.8939348, 20.3672239], [85.8932409, 20.3671337], [85.8931412, 20.3670021], [85.8931238, 20.3668977], [85.8930907, 20.366699], [85.89315, 20.3657733], [85.8931934, 20.3655188], [85.89321, 20.3654214], [85.8934906, 20.364366], [85.8935554, 20.3640141], [85.8935578, 20.3639751], [85.8935716, 20.3637567], [85.8935019, 20.3634536], [85.893337, 20.3630685], [85.8931991, 20.362923], [85.8928952, 20.3625281], [85.8928345, 20.3623291], [85.8928033, 20.3619809], [85.8927914, 20.3616511], [85.8927074, 20.3613387], [85.892608, 20.361153], [85.8922516, 20.3607758], [85.8919657, 20.3605481], [85.8918423, 20.3603982], [85.8917091, 20.3602708], [85.8916329, 20.3602117], [85.8907084, 20.3602058], [85.8901821, 20.3602351], [85.889908, 20.3602504], [85.8895531, 20.3603203], [85.8889961, 20.3605066], [85.8887323, 20.3605546], [85.8881955, 20.3605964], [85.8874009, 20.3605236], [85.8866551, 20.36032], [85.8863591, 20.3601735], [85.8859106, 20.3599132], [85.8856813, 20.3598395], [85.885389, 20.3598512], [85.8850577, 20.359962], [85.8839005, 20.3603567], [85.8832757, 20.3606372], [85.883088, 20.3607626], [85.8829536, 20.3607887], [85.882719, 20.3607872], [85.8825514, 20.3607727], [85.8823841, 20.3607174], [85.8822224, 20.3605718], [85.882072, 20.3601598], [85.8819568, 20.3595356], [85.8818869, 20.3591546], [85.8818415, 20.358907], [85.8813262, 20.3579685], [85.8810569, 20.3574474], [85.8810563, 20.3574468], [85.8808002, 20.3571746], [85.8807881, 20.3571759], [85.8798318, 20.3572813], [85.8788401, 20.3573021], [85.8778894, 20.3582853], [85.877618, 20.3587262], [85.876738, 20.3598363], [85.876419, 20.3602365], [85.8755071, 20.3611566], [85.8751111, 20.3615922], [85.8745891, 20.3622258], [85.8741807, 20.3630725], [85.8740866, 20.363483], [85.8741583, 20.3640836], [85.8742086, 20.3645048], [85.8742622, 20.3650472], [85.8738573, 20.3660475], [85.8736867, 20.3664574], [85.8734674, 20.3669756], [85.8734324, 20.3671652], [85.8734637, 20.3674724], [85.8738162, 20.3684098], [85.8739136, 20.3688534], [85.8738586, 20.36916], [85.8736399, 20.3702564], [85.8735886, 20.3706724], [85.8735687, 20.3708341], [85.8735751, 20.3712679], [85.8736291, 20.3717516], [85.8736766, 20.3720299], [85.8737118, 20.3722357], [85.8740174, 20.373028], [85.8744726, 20.3743275], [85.8745424, 20.3746189], [85.8747284, 20.3753953], [85.8748364, 20.3756942], [85.8749493, 20.3759885], [85.8753132, 20.376691], [85.8755314, 20.3769726], [85.8761553, 20.377478], [85.876947, 20.3779755], [85.8774287, 20.3782587], [85.878336, 20.378662], [85.8775849, 20.3789595], [85.8768995, 20.3792309], [85.8760359, 20.3796086], [85.8760355, 20.3796089], [85.8758711, 20.3796807], [85.8749291, 20.3800902], [85.8742317, 20.3804606], [85.8736769, 20.3809992], [85.8734546, 20.3812643], [85.8728379, 20.3824123], [85.8723276, 20.3834118], [85.8717451, 20.3844335], [85.8714443, 20.3849555], [85.8707802, 20.3860355], [85.8706434, 20.386387], [85.8706032, 20.3866444], [85.8706016, 20.3868611], [85.870651, 20.387313], [85.8706155, 20.3875885], [85.8705726, 20.3877252], [85.8705517, 20.3877916], [85.8703592, 20.3882977], [85.8700975, 20.3889854], [85.869888, 20.389454], [85.8694752, 20.3902328], [85.8690669, 20.3910118], [85.868979, 20.3912553], [85.8689776, 20.3914406], [85.8691404, 20.3923695], [85.8691892, 20.3926482], [85.8692814, 20.3937869], [85.8691216, 20.3947028], [85.8686618, 20.3959693], [85.8683953, 20.3963786], [85.8679716, 20.3966695], [85.867563, 20.3968521], [85.8672514, 20.3968817], [85.8668391, 20.3969196], [85.8667481, 20.3975696], [85.8663978, 20.398945], [85.8662117, 20.3995041], [85.8658529, 20.4000755], [85.8655977, 20.40025], [85.864973, 20.4005079], [85.8636215, 20.4011993], [85.8633928, 20.4010262], [85.8629749, 20.4005176], [85.8620516, 20.3990162], [85.8618899, 20.3987312], [85.8618659, 20.3986888], [85.8618151, 20.398599], [85.8614912, 20.3976979], [85.8610721, 20.3966878], [85.8603128, 20.3956845], [85.8590806, 20.3964625], [85.8570727, 20.398446], [85.8559975, 20.3993651], [85.8547449, 20.4002964], [85.8529112, 20.4014047], [85.852649, 20.401568], [85.8516633, 20.4021813], [85.850591, 20.4028486], [85.8497669, 20.4034982], [85.8489091, 20.4041611], [85.8481504, 20.4050234], [85.8479556, 20.4053412], [85.8474859, 20.4061077], [85.8466353, 20.4070869], [85.8464078, 20.4073881], [85.8460468, 20.4076161], [85.8455265, 20.4079437], [85.8449394, 20.4083135], [85.8439806, 20.4090208], [85.8431029, 20.409783], [85.8419178, 20.4106334], [85.8417975, 20.4106958], [85.8416873, 20.4106951], [85.8415492, 20.4105676], [85.8414184, 20.4101332], [85.8412908, 20.409256], [85.8401847, 20.4097771], [85.84016, 20.4097652], [85.8399223, 20.4096489], [85.8388706, 20.4086797], [85.8383095, 20.4081022], [85.837949, 20.4076074], [85.8375839, 20.4071171], [85.8366224, 20.4056154], [85.8363469, 20.4052883], [85.8361983, 20.4053009], [85.8357311, 20.4055749], [85.8351394, 20.4059218], [85.8345342, 20.4061255], [85.8342657, 20.4061373], [85.8339696, 20.406027], [85.8338031, 20.4058495], [85.8334296, 20.405174], [85.8332636, 20.4049605], [85.8330057, 20.4048504], [85.8327757, 20.4048534], [85.8321176, 20.4050839], [85.8318002, 20.4052263], [85.8309433, 20.4057626], [85.8303598, 20.4062601], [85.8296746, 20.4068924], [85.82944, 20.4068638], [85.8291108, 20.4066809], [85.8290724, 20.4066655], [85.8282844, 20.4063501], [85.8271873, 20.4069752], [85.8259221, 20.4076172], [85.8254273, 20.40779], [85.8248855, 20.4078315], [85.8241363, 20.408057], [85.8235731, 20.4083965], [85.8227427, 20.4092174], [85.8217386, 20.4101775], [85.8209812, 20.4108589], [85.8204954, 20.4111177], [85.8200128, 20.4115706], [85.8197029, 20.4119933], [85.8193441, 20.4125464], [85.8190679, 20.412942], [85.8189472, 20.4130677], [85.8187881, 20.4131751], [85.8186489, 20.4132056], [85.8184478, 20.4132043], [85.8180024, 20.4131652], [85.8181551, 20.413871], [85.8183629, 20.414898], [85.8185694, 20.4154865], [85.8187243, 20.4159032], [85.8188181, 20.4162832], [85.8188405, 20.4163737], [85.8188741, 20.4169974], [85.8188193, 20.4172545], [85.81863, 20.417583], [85.8181648, 20.4182574], [85.8179073, 20.4187255], [85.8170279, 20.4203051], [85.816931, 20.42044], [85.8168821, 20.4205752], [85.816856, 20.420837], [85.8168451, 20.4216319], [85.8168595, 20.4218909], [85.8169042, 20.4226941], [85.8168657, 20.4233306], [85.8169774, 20.424855], [85.8170176, 20.4254053], [85.8169919, 20.4262723], [85.8169103, 20.4275231], [85.8167108, 20.4291796], [85.8166697, 20.4295497], [85.8166595, 20.4296393], [85.816644, 20.4297755], [85.8166394, 20.4297984], [85.8166241, 20.4298746], [85.8165842, 20.4300777], [85.8165545, 20.430195], [85.8164649, 20.430619], [85.8164252, 20.4308085], [85.8162436, 20.4307485], [85.8158229, 20.4306101], [85.8155266, 20.4305088], [85.8153493, 20.4304985], [85.8147457, 20.4304673], [85.8145845, 20.4302357], [85.8142717, 20.4297865], [85.8142339, 20.4293672], [85.8142098, 20.4290993], [85.8141571, 20.4284892], [85.8141563, 20.4284755], [85.8141529, 20.428417], [85.8139418, 20.4284425], [85.8132511, 20.4285147], [85.8126756, 20.4285785], [85.8120665, 20.4286466], [85.8115116, 20.4285208], [85.8112675, 20.4284695], [85.8111864, 20.4284102], [85.811096, 20.4283372], [85.8109293, 20.4282052], [85.810687, 20.4279189], [85.8104541, 20.4276824], [85.8102631, 20.4275998], [85.8100084, 20.4276928], [85.8097383, 20.4279215], [85.8094965, 20.4282044], [85.8091386, 20.4286266], [85.8089896, 20.4286708], [85.8085786, 20.4285414], [85.8084591, 20.4284954], [85.8083826, 20.4284722], [85.80833, 20.4284585], [85.8080326, 20.4284971], [85.8078633, 20.4286117], [85.8076954, 20.4287251], [85.8070503, 20.4297461], [85.8066577, 20.4302991], [85.8063722, 20.4306585], [85.8059546, 20.4313693], [85.8058683, 20.4319878], [85.8059993, 20.4324223], [85.8059185, 20.4329323], [85.8054855, 20.4343838], [85.8053585, 20.4347081], [85.8051843, 20.4349147], [85.8049534, 20.4350216], [85.804666, 20.435006], [85.8042789, 20.4348634], [85.8039754, 20.4350691], [85.8037922, 20.4352214], [85.8035231, 20.4353235], [85.8028171, 20.4355264], [85.8020598, 20.4355257], [85.8013303, 20.4356654]]]}}, {"type": "Feature", "properties": {"OBJECTID": 392, "state": "ODISHA", "district": "Khordha", "stcode11": "21", "dtcode11": "386", "blkcode11": "0178", "block_name": "BALIANTA", "code2011": "213860178", "block_lgd": 3456, "block_ver": 1, "dist_lgd": 362, "b_pan_code": 3819, "state_lgd": 21, "shape_Length": 102334.940122052, "shape_Area": 154083078.46507323}, "geometry": {"type": "Polygon", "coordinates": [[[85.9220247, 20.332881], [85.9211701, 20.3331649], [85.9206047, 20.3333736], [85.9195328, 20.3337691], [85.9188986, 20.3340634], [85.9176949, 20.334973], [85.9171549, 20.3354937], [85.91671, 20.3361053], [85.9165295, 20.3364456], [85.916409, 20.3366728], [85.916189, 20.3373309], [85.9160206, 20.3381159], [85.9159358, 20.338367], [85.9157419, 20.3389408], [85.9156678, 20.339452], [85.9155758, 20.3400873], [85.9155259, 20.3404167], [85.9153598, 20.3415134], [85.9153125, 20.3421321], [85.915444, 20.3425124], [85.9154724, 20.3426354], [85.9154764, 20.3426526], [85.9155401, 20.3434619], [85.9155557, 20.3436606], [85.9157373, 20.3444025], [85.9158128, 20.3452028], [85.9158222, 20.3453022], [85.9158533, 20.3456321], [85.9158229, 20.3458486], [85.9157694, 20.3459794], [85.9156488, 20.3460916], [85.9153892, 20.3462435], [85.9147844, 20.346425], [85.9146213, 20.3464602], [85.9144583, 20.3464997], [85.9143131, 20.3467021], [85.9140278, 20.3470753], [85.9138789, 20.3475958], [85.9138756, 20.3476074], [85.9137378, 20.3481397], [85.9128575, 20.3486762], [85.9126456, 20.3488421], [85.9124631, 20.3489178], [85.9118869, 20.3491085], [85.9112096, 20.3493889], [85.911147, 20.3494335], [85.9105646, 20.3498411], [85.9101692, 20.3502137], [85.9096771, 20.3507254], [85.9085971, 20.3517308], [85.9077013, 20.3524208], [85.907263, 20.352757], [85.9067485, 20.3530383], [85.9062031, 20.3533296], [85.9059792, 20.3534491], [85.9054001, 20.3533731], [85.904893, 20.3532751], [85.90388, 20.352939], [85.9031482, 20.3526437], [85.9028231, 20.3512631], [85.9022006, 20.3504141], [85.901649, 20.3500679], [85.900929, 20.3497975], [85.8997658, 20.3493606], [85.8988615, 20.3487526], [85.896818, 20.3477297], [85.8966067, 20.3462666], [85.8958956, 20.3455765], [85.8949059, 20.3430405], [85.8951247, 20.3424801], [85.8962494, 20.34147], [85.899512, 20.3381224], [85.8970039, 20.3371103], [85.8969309, 20.3365614], [85.896195, 20.3364526], [85.8954633, 20.3364356], [85.894762, 20.3360032], [85.894267, 20.3347354], [85.8945424, 20.3332531], [85.895367, 20.332071], [85.8967146, 20.3305923], [85.8984958, 20.3290045], [85.8986598, 20.3283083], [85.8984955, 20.327901], [85.8974433, 20.3272528], [85.8964866, 20.3265548], [85.8960203, 20.3259295], [85.8959936, 20.3242293], [85.8961176, 20.3227701], [85.8955377, 20.3217813], [85.8947329, 20.3212153], [85.8939871, 20.320877], [85.892763, 20.3207415], [85.8912167, 20.3210323], [85.8906977, 20.3203171], [85.8905638, 20.3194947], [85.8895545, 20.3180291], [85.8891591, 20.3168032], [85.8892446, 20.3154482], [85.8894296, 20.3150596], [85.8900291, 20.3149087], [85.8902895, 20.3147077], [85.8904716, 20.3142555], [85.8904463, 20.3136844], [85.889401, 20.3128993], [85.8882074, 20.3118021], [85.8869127, 20.3099461], [85.885453, 20.3089231], [85.8844022, 20.3080109], [85.883755, 20.3070828], [85.8824522, 20.3065621], [85.8812839, 20.306036], [85.8803705, 20.305182], [85.8797009, 20.3037464], [85.8794652, 20.3014672], [85.8796802, 20.2986255], [85.8800471, 20.2977846], [85.8798985, 20.2959471], [85.8803633, 20.294276], [85.8808533, 20.293176], [85.8808979, 20.2911402], [85.8811078, 20.2897969], [85.8819929, 20.2884907], [85.8833681, 20.2876101], [85.8833814, 20.2875986], [85.8846004, 20.2865445], [85.8855048, 20.2841568], [85.8866105, 20.2802357], [85.8870693, 20.276912], [85.8870793, 20.2767707], [85.8871888, 20.2752306], [85.885799, 20.2712173], [85.8851178, 20.2680022], [85.8842183, 20.2644145], [85.8836621, 20.262261], [85.8832432, 20.260639], [85.8834866, 20.2585318], [85.8830268, 20.2542274], [85.8831188, 20.2542125], [85.8850989, 20.2538914], [85.8856026, 20.2515832], [85.8851851, 20.2497564], [85.8850505, 20.2495718], [85.8836083, 20.2475937], [85.8822583, 20.2459942], [85.8810428, 20.2443895], [85.8803371, 20.2436545], [85.8793565, 20.2431607], [85.8791666, 20.243065], [85.8773213, 20.2424386], [85.8756887, 20.2420579], [85.8746329, 20.2410188], [85.8733505, 20.2393864], [85.872051, 20.2374033], [85.8719676, 20.2371266], [85.8704744, 20.2321805], [85.8696707, 20.2307502], [85.8694719, 20.2277706], [85.8689595, 20.2268374], [85.8685899, 20.2245635], [85.8676322, 20.2211688], [85.8670436, 20.2196925], [85.8658268, 20.2166407], [85.8653929, 20.2144332], [85.8645783, 20.2112235], [85.8637104, 20.2083338], [85.8632094, 20.2061288], [85.8629771, 20.2039133], [85.8637552, 20.2017217], [85.8654825, 20.1981578], [85.8687883, 20.1939169], [85.8701383, 20.1925694], [85.8703113, 20.1923967], [85.8711087, 20.1916009], [85.8713261, 20.1914024], [85.871526, 20.19122], [85.8717281, 20.1910355], [85.8726143, 20.1921687], [85.8728198, 20.1922016], [85.8732565, 20.1920282], [85.8737121, 20.1918775], [85.8740679, 20.1916359], [85.8744629, 20.1912859], [85.8750881, 20.1908473], [85.8751836, 20.1907734], [85.8758965, 20.1902199], [85.8764442, 20.1899073], [85.8769728, 20.1895944], [85.8793216, 20.1879151], [85.8795045, 20.1877843], [85.8798537, 20.1875347], [85.8802907, 20.1873116], [85.881024, 20.1871266], [85.8820036, 20.1868949], [85.8822702, 20.1868318], [85.8832341, 20.1865353], [85.8838197, 20.1862815], [85.8845261, 20.1858477], [85.8849621, 20.1854968], [85.8854115, 20.1851351], [85.8861288, 20.1845388], [85.88664, 20.1840402], [85.887155, 20.1835378], [85.887604, 20.1829805], [85.888275, 20.1821264], [85.8886747, 20.1817811], [85.8891564, 20.1813233], [85.8898564, 20.1804558], [85.8903435, 20.1799078], [85.890903, 20.1792698], [85.8913842, 20.1788709], [85.8920365, 20.1779804], [85.8929813, 20.1769791], [85.8925633, 20.1765561], [85.8920157, 20.1761868], [85.8913007, 20.1757937], [85.8910726, 20.1755845], [85.8906315, 20.1750441], [85.8902377, 20.1745538], [85.8899446, 20.1740686], [85.889609, 20.1734972], [85.8892323, 20.1726229], [85.8889075, 20.1718799], [85.8886961, 20.171332], [85.8886881, 20.1712386], [85.8886806, 20.1711513], [85.8886651, 20.1709704], [85.8886592, 20.1704736], [85.8886806, 20.1701393], [85.8888669, 20.1700651], [85.8891939, 20.1699347], [85.8897755, 20.1695723], [85.8904097, 20.1691923], [85.8909913, 20.168794], [85.8918416, 20.1683024], [85.8924003, 20.1677999], [85.8925927, 20.1676386], [85.8926267, 20.1675711], [85.8926343, 20.1675168], [85.8926419, 20.1674627], [85.8927138, 20.1667448], [85.8927431, 20.1662705], [85.8927625, 20.1659546], [85.8927987, 20.1657785], [85.8928765, 20.1653997], [85.8928009, 20.1645815], [85.8928058, 20.1644803], [85.8928401, 20.163773], [85.8928204, 20.1631813], [85.8929849, 20.1622199], [85.8931318, 20.1617555], [85.8934779, 20.1608496], [85.8935484, 20.1603485], [85.8936173, 20.1600734], [85.8936851, 20.1599428], [85.8939993, 20.1594796], [85.8941677, 20.1593452], [85.89448, 20.1591709], [85.8951663, 20.1588454], [85.8964243, 20.1581892], [85.8972212, 20.1578102], [85.8978502, 20.1574753], [85.8982149, 20.1573241], [85.8982206, 20.157302], [85.8982542, 20.1571706], [85.8983243, 20.156659], [85.8983501, 20.156471], [85.8985552, 20.1558579], [85.8987738, 20.1553346], [85.8988375, 20.155182], [85.8990167, 20.1548535], [85.9014093, 20.1555589], [85.9032882, 20.1554069], [85.9040998, 20.1552199], [85.9049009, 20.154801], [85.9062573, 20.1538427], [85.9093838, 20.1524063], [85.911684, 20.1509052], [85.9123478, 20.1519485], [85.9124142, 20.1519404], [85.9135249, 20.1518045], [85.9145574, 20.1515167], [85.9150681, 20.1520003], [85.9167394, 20.1513993], [85.9172923, 20.1534193], [85.9181617, 20.1544543], [85.9177167, 20.154861], [85.9169057, 20.1551362], [85.916844, 20.1560622], [85.9184195, 20.1567777], [85.9208813, 20.1577494], [85.9219346, 20.1582911], [85.9233194, 20.1581875], [85.9246549, 20.1581344], [85.9265251, 20.1573794], [85.9297189, 20.1558185], [85.9306954, 20.1569464], [85.9308835, 20.1577545], [85.9320385, 20.160577], [85.9311408, 20.1619312], [85.9308224, 20.1628677], [85.9298572, 20.1631492], [85.9288789, 20.1631394], [85.9280354, 20.1626868], [85.9275369, 20.1630469], [85.9276121, 20.1635788], [85.9293889, 20.1641887], [85.9295154, 20.1647185], [85.9292801, 20.165214], [85.9288265, 20.1654265], [85.9283874, 20.1648119], [85.9278311, 20.1650286], [85.9279105, 20.1656574], [85.9278937, 20.1664358], [85.9266549, 20.1675061], [85.9246991, 20.1686535], [85.923306, 20.1697297], [85.9238742, 20.1708025], [85.9260898, 20.1708603], [85.9266358, 20.1715678], [85.9285951, 20.1728027], [85.9293489, 20.1735506], [85.9288206, 20.1743981], [85.9274081, 20.1750376], [85.9268306, 20.1759357], [85.9263022, 20.1767832], [85.9257565, 20.1772424], [85.9242155, 20.1780305], [85.9246974, 20.1784489], [85.9250938, 20.1792596], [85.9250641, 20.1797471], [85.9247796, 20.1802931], [85.9236304, 20.181068], [85.922995, 20.1818226], [85.9231772, 20.1824473], [85.9247894, 20.1828208], [85.9288821, 20.1822693], [85.9302522, 20.1822658], [85.9317217, 20.1840548], [85.932654, 20.1852603], [85.9327401, 20.1860347], [85.9326633, 20.1866211], [85.9320792, 20.1873737], [85.9325694, 20.191438], [85.9326149, 20.1924572], [85.9324332, 20.1929993], [85.9315857, 20.1936163], [85.9290317, 20.1940582], [85.9266385, 20.1946396], [85.9254806, 20.1952204], [85.9246843, 20.1958354], [85.9250457, 20.1993215], [85.9245945, 20.2007494], [85.9249359, 20.202632], [85.9253394, 20.2047552], [85.9262215, 20.2095334], [85.9275278, 20.2099676], [85.9301059, 20.2100597], [85.9320498, 20.2097879], [85.9331263, 20.2085297], [85.9342004, 20.2072228], [85.9356563, 20.2065523], [85.9365261, 20.2075873], [85.9369248, 20.2091614], [85.937026, 20.2095607], [85.9370889, 20.2109682], [85.9376331, 20.2116273], [85.9381601, 20.2118979], [85.9390141, 20.2114264], [85.9406578, 20.2101941], [85.9412702, 20.2100724], [85.9417369, 20.2101511], [85.9424056, 20.2112913], [85.9433821, 20.2112524], [85.9445871, 20.2105724], [85.9452659, 20.2107884], [85.9461425, 20.211969], [85.9470038, 20.2128097], [85.9475318, 20.2134196], [85.948202, 20.2134414], [85.9492254, 20.2133033], [85.9500751, 20.2127347], [85.9507987, 20.2105779], [85.9516434, 20.2087453], [85.9530046, 20.2081075], [85.9566936, 20.2077172], [85.958055, 20.2070795], [85.95878, 20.2060295], [85.9612185, 20.207525], [85.9615526, 20.2103803], [85.961806, 20.2114398], [85.9634764, 20.2119564], [85.9656478, 20.2121614], [85.9666705, 20.2120747], [85.9667633, 20.2141401], [85.9676327, 20.2150707], [85.9679531, 20.2157016], [85.9682338, 20.2132981], [85.970773, 20.2130993], [85.971573, 20.2119976], [85.9703874, 20.2113888], [85.9705044, 20.2105575], [85.9716872, 20.2088085], [85.9736453, 20.2088515], [85.9740327, 20.2100273], [85.9764971, 20.20988], [85.9794901, 20.2094683], [85.980644, 20.2095109], [85.9834357, 20.2088012], [85.9845836, 20.2083414], [85.9847894, 20.2075055], [85.9864126, 20.2067966], [85.9863931, 20.2052801], [85.9879699, 20.2046192], [85.9887763, 20.2052305], [85.9898402, 20.2039924], [85.9887583, 20.2016582], [85.9852451, 20.2036384], [85.9842482, 20.2031266], [85.9828699, 20.2038716], [85.9838904, 20.2059915], [85.9818121, 20.2074083], [85.9786898, 20.2029357], [85.9798531, 20.2017396], [85.9799084, 20.2016826], [85.9780248, 20.1999161], [85.9774251, 20.1995723], [85.9767934, 20.1995976], [85.9762868, 20.1991582], [85.9757711, 20.1974318], [85.9759254, 20.1954485], [85.9751926, 20.193225], [85.9741465, 20.1916117], [85.9760258, 20.1899409], [85.9787324, 20.1895107], [85.9799142, 20.1887277], [85.9811218, 20.1874379], [85.9825112, 20.1858649], [85.9844301, 20.1852361], [85.9847745, 20.1851719], [85.9875677, 20.1846505], [85.9905822, 20.1845754], [85.9921136, 20.1855678], [85.9916466, 20.1868712], [85.9911824, 20.1884531], [85.9902323, 20.1900545], [85.9882591, 20.1930819], [85.9927141, 20.2001214], [85.9935278, 20.2019738], [85.9911601, 20.2034483], [85.9910309, 20.2038212], [85.9914828, 20.2041249], [85.9951098, 20.2025079], [85.9962223, 20.2034287], [85.9940656, 20.2052626], [85.9943086, 20.2074137], [85.9956621, 20.208279], [85.9986906, 20.2074215], [85.9993101, 20.2092817], [85.9981179, 20.2098354], [85.9969154, 20.2101596], [85.9970779, 20.2126819], [85.9968568, 20.214254], [85.9944982, 20.2170156], [85.9940411, 20.2176776], [85.9941105, 20.2181347], [85.9951755, 20.2179999], [85.9982857, 20.2135529], [85.9986361, 20.2137686], [85.9986631, 20.2143653], [85.9979116, 20.2160507], [85.9979406, 20.2188543], [85.9985146, 20.2197047], [85.999924, 20.2196481], [86.000507, 20.2174637], [86.0014738, 20.2162293], [86.0019038, 20.2149707], [86.0023919, 20.2149969], [86.0026506, 20.2164119], [86.0032649, 20.2170768], [86.005582, 20.217477], [86.0052301, 20.218955], [86.0047599, 20.2206557], [86.0048242, 20.2210718], [86.0051613, 20.2215075], [86.0051693, 20.221765], [86.0051772, 20.2220177], [86.0043285, 20.2245157], [86.0038851, 20.2249831], [86.0032519, 20.2252325], [86.0025064, 20.225802], [86.0021358, 20.2258572], [86.0019793, 20.2258804], [86.0015219, 20.225566], [86.0011313, 20.2245338], [86.0008174, 20.2241976], [86.0002683, 20.2240001], [86.0000003, 20.2240077], [85.9994209, 20.2240315], [85.9983851, 20.2243691], [85.9977868, 20.2243747], [85.9975092, 20.2243774], [85.9969102, 20.224478], [85.9962825, 20.2245919], [85.9957692, 20.2247742], [85.9950294, 20.2252036], [85.994448, 20.2255617], [85.9938936, 20.225414], [85.9933396, 20.2252481], [85.9928566, 20.2251731], [85.9923972, 20.2251751], [85.9916638, 20.2253289], [85.9913561, 20.2254049], [85.991127, 20.2254615], [85.9905517, 20.2256162], [85.9900334, 20.22583], [85.9898553, 20.2259828], [85.9897191, 20.2263161], [85.9897026, 20.2266595], [85.9897495, 20.2268091], [85.9899253, 20.2269907], [85.9900769, 20.2272537], [85.9901807, 20.2274666], [85.9902076, 20.2277694], [85.990211, 20.2279769], [85.9899408, 20.2283097], [85.9896517, 20.2286016], [85.9893717, 20.2289796], [85.9891388, 20.2294572], [85.9891116, 20.2295938], [85.9890596, 20.2298544], [85.9890432, 20.2301931], [85.9890893, 20.2304511], [85.9893154, 20.2310306], [85.9893668, 20.2312116], [85.9893463, 20.2313457], [85.9893269, 20.2314731], [85.9892295, 20.2317255], [85.989042, 20.2318509], [85.9887733, 20.2319397], [85.9884811, 20.2319967], [85.9880788, 20.2320125], [85.987662, 20.2321005], [85.9873353, 20.2322838], [85.9870997, 20.2324316], [85.986888, 20.2325975], [85.9862589, 20.2329328], [85.9857928, 20.2332191], [85.9854751, 20.2335119], [85.9853883, 20.2335917], [85.9850988, 20.233956], [85.9847223, 20.2344327], [85.9844516, 20.2348286], [85.9842923, 20.2350537], [85.9841154, 20.2350075], [85.9839095, 20.2350424], [85.9834338, 20.2353017], [85.9829675, 20.2356107], [85.9826352, 20.2359431], [85.9825132, 20.2362947], [85.982404, 20.2367224], [85.9824002, 20.236737], [85.9823795, 20.236853], [85.9823308, 20.2371248], [85.9821606, 20.2375351], [85.9819733, 20.2379692], [85.9819467, 20.2380308], [85.9816257, 20.2380786], [85.9813335, 20.2381085], [85.9810601, 20.2381973], [85.9805792, 20.2385424], [85.980112, 20.238987], [85.9797322, 20.2392286], [85.9795594, 20.239309], [85.9794588, 20.23934], [85.9792144, 20.2393792], [85.9789511, 20.2393867], [85.9785443, 20.2393663], [85.9782712, 20.2394008], [85.9779599, 20.2394443], [85.9776147, 20.2395235], [85.9773366, 20.2396031], [85.9770629, 20.2397282], [85.9767689, 20.2398999], [85.976419, 20.2401038], [85.976227, 20.2401976], [85.9759678, 20.2403089], [85.9750892, 20.2406969], [85.9748687, 20.2407588], [85.9744366, 20.2409597], [85.9742493, 20.2410489], [85.9739042, 20.2411281], [85.9736639, 20.2412488], [85.973462, 20.2414057], [85.9732832, 20.2416441], [85.9731336, 20.241842], [85.972965, 20.2419991], [85.9727537, 20.2420928], [85.9722499, 20.242293], [85.9721909, 20.2423128], [85.9717846, 20.2424485], [85.9713674, 20.24255], [85.9711084, 20.2426207], [85.9707968, 20.2427048], [85.9705857, 20.2427848], [85.9702063, 20.2429543], [85.9699856, 20.2430568], [85.9698123, 20.2431915], [85.9696004, 20.2433889], [85.9695999, 20.2433895], [85.969475, 20.2435462], [85.9693009, 20.2437938], [85.9692231, 20.2440013], [85.9692269, 20.2440488], [85.9692451, 20.2442768], [85.9692662, 20.2443719], [85.9693195, 20.2446118], [85.9694464, 20.2449696], [85.9695073, 20.2451551], [85.9695251, 20.2453584], [85.9695071, 20.2456493], [85.9695038, 20.2457014], [85.9694735, 20.2459407], [85.9694247, 20.2460849], [85.969333, 20.2461928], [85.9690537, 20.2464487], [85.9688134, 20.2465963], [85.9684965, 20.2467437], [85.9682518, 20.2468281], [85.967993, 20.2468761], [85.967734, 20.2469604], [85.9676763, 20.2469963], [85.9675556, 20.2471401], [85.967314, 20.2474775], [85.967179, 20.2476393], [85.9670056, 20.2478055], [85.9668518, 20.2478995], [85.9665301, 20.2480557], [85.9661079, 20.2481978], [85.9656956, 20.2482947], [85.9655035, 20.2483884], [85.9652771, 20.2485769], [85.9650219, 20.2488238], [85.9647175, 20.2492557], [85.964519, 20.2495798], [85.9643782, 20.2498726], [85.9642768, 20.2500032], [85.965198, 20.2504244], [85.9655308, 20.2507607], [85.9655773, 20.2509552], [85.9655239, 20.2510901], [85.9654361, 20.251329], [85.9651854, 20.251603], [85.9647871, 20.2517408], [85.9642602, 20.2517919], [85.9641885, 20.2517869], [85.9636302, 20.2517386], [85.9634086, 20.2517191], [85.963045, 20.2517034], [85.9626813, 20.2516877], [85.9622595, 20.251744], [85.9617659, 20.2518449], [85.9614729, 20.2519923], [85.9611798, 20.2521397], [85.9606891, 20.2525297], [85.960203, 20.2529244], [85.9595676, 20.2534538], [85.9586481, 20.2542253], [85.9577713, 20.2550649], [85.9563883, 20.2564391], [85.9553463, 20.257621], [85.9548244, 20.2583453], [85.9542442, 20.2591867], [85.9537573, 20.2597168], [85.9528526, 20.2604387], [85.9527803, 20.2604969], [85.9519524, 20.2611607], [85.9516571, 20.2616199], [85.9513225, 20.2622818], [85.9512381, 20.2627285], [85.9511504, 20.2629629], [85.9510627, 20.2631973], [85.9507841, 20.2640862], [85.9506811, 20.2644149], [85.9505125, 20.264921], [85.9504123, 20.2652218], [85.9502318, 20.2657222], [85.9502417, 20.2658359], [85.9502452, 20.2658759], [85.9504016, 20.266821], [85.9507132, 20.2681782], [85.9507814, 20.2687252], [85.9507141, 20.2693086], [85.9506746, 20.2696507], [85.9506057, 20.2700086], [85.9505907, 20.2700867], [85.9505833, 20.2701249], [85.9505208, 20.2704496], [85.9503556, 20.2708188], [85.9500617, 20.2710927], [85.9498216, 20.2711996], [85.9495676, 20.2712162], [85.9489653, 20.271077], [85.9483354, 20.2707977], [85.9468746, 20.2701609], [85.9458754, 20.2699652], [85.9457231, 20.2698423], [85.9457078, 20.2698248], [85.9454238, 20.2694972], [85.9450293, 20.2690656], [85.9445, 20.2687599], [85.9435453, 20.2683294], [85.9430865, 20.2682272], [85.942749, 20.2688967], [85.9427323, 20.2689299], [85.9420847, 20.2698248], [85.9420026, 20.2699374], [85.9412917, 20.2709902], [85.940487, 20.2717533], [85.939685, 20.2721099], [85.9390905, 20.2722373], [85.9386308, 20.272239], [85.9381917, 20.2720331], [85.9372829, 20.2712415], [85.9367694, 20.2706963], [85.935492, 20.2684567], [85.9348305, 20.2678835], [85.9345156, 20.267746], [85.9342182, 20.2678122], [85.9340015, 20.268005], [85.9337979, 20.2683878], [85.9331922, 20.2694322], [85.9329653, 20.2697154], [85.9325997, 20.2699797], [85.9317592, 20.2703676], [85.9311926, 20.270608], [85.9310384, 20.2707426], [85.9309655, 20.2709186], [85.9310077, 20.2710456], [85.9311885, 20.2712138], [85.9315218, 20.2714778], [85.9315733, 20.2716588], [85.9316055, 20.2718396], [85.9313625, 20.2723756], [85.9310283, 20.2729383], [85.9309445, 20.273281], [85.9309424, 20.2732931], [85.9308448, 20.2738723], [85.9309089, 20.2742928], [85.9310266, 20.2745871], [85.931477, 20.2752134], [85.9318672, 20.2755726], [85.9320135, 20.2758672], [85.9320289, 20.2760123], [85.932036, 20.2760796], [85.9321165, 20.2762201], [85.932331, 20.276357], [85.9325259, 20.2765705], [85.9332113, 20.2771348], [85.9334924, 20.2773624], [85.9343735, 20.2780273], [85.9351454, 20.2785741], [85.9366777, 20.2799478], [85.9374762, 20.2807973], [85.937573, 20.2809327], [85.9378983, 20.2813872], [85.9382472, 20.2821844], [85.938315, 20.2827677], [85.937017, 20.2828275], [85.9366477, 20.2829383], [85.9365032, 20.2830639], [85.9363379, 20.2834334], [85.93628, 20.2838795], [85.9362318, 20.2842503], [85.936131, 20.2856954], [85.9360188, 20.2866795], [85.935951, 20.2867921], [85.9352819, 20.2873256], [85.9350547, 20.287654], [85.934564, 20.2886149], [85.934482, 20.2887753], [85.9344238, 20.288888], [85.9342207, 20.2891849], [85.9337206, 20.289489], [85.9332551, 20.2896488], [85.9330108, 20.2896474], [85.9323363, 20.2895664], [85.9319201, 20.2895052], [85.9309157, 20.289368], [85.9300109, 20.289349], [85.9293871, 20.2895259], [85.9284503, 20.2899764], [85.9280753, 20.2902], [85.9274503, 20.2905756], [85.9262722, 20.2913184], [85.9253294, 20.2919315], [85.925012, 20.292151], [85.9246896, 20.2923703], [85.9234299, 20.2931305], [85.9231269, 20.2933184], [85.9229872, 20.293435], [85.9228137, 20.2936146], [85.9227071, 20.2937721], [85.922648, 20.2940246], [85.922588, 20.2943949], [85.9225639, 20.2945958], [85.9225189, 20.2949713], [85.9224966, 20.2951577], [85.922436, 20.2956], [85.9224305, 20.2956187], [85.9223722, 20.2958165], [85.9222363, 20.2961002], [85.9220571, 20.2963837], [85.9219414, 20.2965006], [85.921291, 20.2970793], [85.9210452, 20.297308], [85.920881, 20.2975149], [85.9207447, 20.2978258], [85.9206077, 20.2982541], [85.9205248, 20.2984569], [85.9201997, 20.2990693], [85.9200736, 20.2993169], [85.9196796, 20.3002045], [85.9196594, 20.3003624], [85.919606, 20.3011212], [85.9195171, 20.3015317], [85.9194586, 20.3016849], [85.9191411, 20.3025819], [85.9186365, 20.3035501], [85.9184652, 20.3040641], [85.9184539, 20.3043216], [85.9184436, 20.3045038], [85.9183994, 20.3052789], [85.9184409, 20.305514], [85.9185423, 20.306067], [85.91863, 20.3065451], [85.9186985, 20.3070245], [85.918714, 20.3070911], [85.9189087, 20.3079311], [85.91901, 20.3083682], [85.9192459, 20.3088801], [85.9193301, 20.3091607], [85.9193505, 20.3094047], [85.9193611, 20.3095314], [85.9193265, 20.3096847], [85.9191716, 20.3099277], [85.9189986, 20.3100034], [85.9188309, 20.3100249], [85.9187395, 20.3100786], [85.9186135, 20.3102992], [85.9185313, 20.3104162], [85.9184496, 20.3104517], [85.9180048, 20.3103904], [85.917818, 20.310371], [85.9176456, 20.3103836], [85.9173667, 20.310549], [85.9171457, 20.310647], [85.9168581, 20.3106994], [85.9159616, 20.3108385], [85.9149556, 20.3109044], [85.9140889, 20.3108765], [85.9140881, 20.3108767], [85.9137677, 20.3109242], [85.9132113, 20.3110744], [85.913101, 20.3111008], [85.9125588, 20.311233], [85.9121551, 20.3114428], [85.9119335, 20.3116311], [85.9113303, 20.3123005], [85.9111078, 20.3126064], [85.9110156, 20.3127865], [85.9109568, 20.3129938], [85.9108871, 20.3133594], [85.9108817, 20.3134687], [85.9108536, 20.3140372], [85.9108382, 20.3141045], [85.9107598, 20.3144475], [85.9107497, 20.3152063], [85.910749, 20.3153147], [85.9108408, 20.3158847], [85.9108854, 20.3163322], [85.9108255, 20.3167067], [85.9105907, 20.3173918], [85.9103366, 20.3181175], [85.910154, 20.318889], [85.9101149, 20.3192156], [85.9100881, 20.3194397], [85.9100692, 20.3200542], [85.9101566, 20.3205788], [85.9102482, 20.3208188], [85.9102929, 20.3209362], [85.9103227, 20.3209839], [85.9106103, 20.3214444], [85.9107143, 20.3216439], [85.9109427, 20.3225352], [85.9112587, 20.3232238], [85.9113723, 20.3234052], [85.911477, 20.3235053], [85.9115535, 20.3235283], [85.9116732, 20.3235291], [85.9120133, 20.3235132], [85.9122144, 20.3235324], [85.9124297, 20.3235609], [85.9125634, 20.3236114], [85.9127112, 20.3237163], [85.9128914, 20.3239659], [85.9132402, 20.3247631], [85.9135864, 20.3259262], [85.9139458, 20.3266016], [85.9144537, 20.3272462], [85.9149443, 20.3276243], [85.9151878, 20.3277297], [85.9153555, 20.3277261], [85.9154849, 20.3277044], [85.9156293, 20.3276059], [85.9161344, 20.3272883], [85.91661, 20.3270608], [85.917373, 20.3268578], [85.9183816, 20.3264528], [85.9188098, 20.326171], [85.9196051, 20.325435], [85.9198859, 20.325003], [85.9199348, 20.3248496], [85.9199215, 20.3247819], [85.9199116, 20.324732], [85.9196128, 20.3243279], [85.9194981, 20.324282], [85.9193017, 20.3242808], [85.9191339, 20.3243295], [85.9189413, 20.3244729], [85.9188203, 20.3246528], [85.9187096, 20.3247333], [85.9186136, 20.3247509], [85.9185038, 20.324696], [85.9183616, 20.3245054], [85.9183105, 20.3242838], [85.9183669, 20.3237422], [85.9185638, 20.3229711], [85.9186339, 20.3225377], [85.9186644, 20.3222757], [85.9186014, 20.3216925], [85.918517, 20.3207478], [85.9185143, 20.3204677], [85.9185656, 20.3202183], [85.9185885, 20.320107], [85.9187356, 20.319602], [85.9188974, 20.3190564], [85.918908, 20.3189252], [85.9188952, 20.3186991], [85.9188867, 20.31855], [85.9187595, 20.3182375], [85.9187036, 20.3180203], [85.9187003, 20.3178036], [85.9187205, 20.3176546], [85.9187936, 20.3174696], [85.918939, 20.3172221], [85.9192672, 20.3168537], [85.9198891, 20.3162477], [85.9201254, 20.3160188], [85.9211511, 20.3151938], [85.9213825, 20.314974], [85.9219517, 20.3143765], [85.922797, 20.3133157], [85.9230871, 20.312938], [85.9234584, 20.3125607], [85.9236751, 20.312395], [85.9240601, 20.3121081], [85.9242332, 20.3120144], [85.924329, 20.3120104], [85.9244484, 20.3120474], [85.9251357, 20.3123859], [85.9256714, 20.3124569], [85.925772, 20.3124756], [85.9262214, 20.3125732], [85.9265318, 20.3127062], [85.9267102, 20.3128001], [85.9269135, 20.3129072], [85.927338, 20.3131629], [85.9274801, 20.3133715], [85.9275524, 20.3135144], [85.9276361, 20.3136797], [85.927792, 20.3139878], [85.9282172, 20.3148262], [85.9284664, 20.3154963], [85.9286355, 20.3159761], [85.9287004, 20.316293], [85.9286762, 20.317029], [85.92861, 20.3175889], [85.9285446, 20.3180492], [85.9284792, 20.3185142], [85.928362, 20.3188297], [85.9283138, 20.3188791], [85.9279556, 20.3194324], [85.9277125, 20.3199551], [85.9275851, 20.320388], [85.9274692, 20.3207158], [85.9274289, 20.3208297], [85.9274101, 20.3210633], [85.9274078, 20.3210917], [85.9274262, 20.3211957], [85.9274316, 20.3212366], [85.9274399, 20.3212996], [85.927393, 20.3218505], [85.9271564, 20.3228113], [85.9270643, 20.3236828], [85.9270798, 20.3242113], [85.9271601, 20.3250701], [85.9272761, 20.3256085], [85.9272997, 20.3263405], [85.9272703, 20.3268435], [85.9272617, 20.3269908], [85.927206, 20.327424], [85.9269008, 20.3286238], [85.9266503, 20.3295484], [85.9265148, 20.3297554], [85.9260637, 20.3305703], [85.9258801, 20.3307995], [85.9257403, 20.3309207], [85.9253691, 20.3312708], [85.924753, 20.3317369], [85.924128, 20.3320672], [85.9236277, 20.3323985], [85.9229974, 20.3328192], [85.9227957, 20.3328812], [85.9226472, 20.3328984], [85.9225086, 20.3328479], [85.9223366, 20.3327881], [85.9220247, 20.332881]]]}}, {"type": "Feature", "properties": {"OBJECTID": 393, "state": "ODISHA", "district": "Khordha", "stcode11": "21", "dtcode11": "386", "blkcode11": "0179", "block_name": "BALIPATNA", "code2011": "213860179", "block_lgd": 3457, "block_ver": 1, "dist_lgd": 362, "b_pan_code": 3820, "state_lgd": 21, "shape_Length": 111552.30521041605, "shape_Area": 161778271.6018796}, "geometry": {"type": "Polygon", "coordinates": [[[86.0014738, 20.2162293], [86.000507, 20.2174637], [85.999924, 20.2196481], [85.9985146, 20.2197047], [85.9979406, 20.2188543], [85.9979116, 20.2160507], [85.9986631, 20.2143653], [85.9986361, 20.2137686], [85.9982857, 20.2135529], [85.9951755, 20.2179999], [85.9941105, 20.2181347], [85.9940411, 20.2176776], [85.9944982, 20.2170156], [85.9968568, 20.214254], [85.9970779, 20.2126819], [85.9969154, 20.2101596], [85.9981179, 20.2098354], [85.9993101, 20.2092817], [85.9986906, 20.2074215], [85.9956621, 20.208279], [85.9943086, 20.2074137], [85.9940656, 20.2052626], [85.9962223, 20.2034287], [85.9951098, 20.2025079], [85.9914828, 20.2041249], [85.9910309, 20.2038212], [85.9911601, 20.2034483], [85.9935278, 20.2019738], [85.9927141, 20.2001214], [85.9882591, 20.1930819], [85.9902323, 20.1900545], [85.9911824, 20.1884531], [85.9916466, 20.1868712], [85.9921136, 20.1855678], [85.9905822, 20.1845754], [85.9875677, 20.1846505], [85.9847745, 20.1851719], [85.9844301, 20.1852361], [85.9825112, 20.1858649], [85.9811218, 20.1874379], [85.9799142, 20.1887277], [85.9787324, 20.1895107], [85.9760258, 20.1899409], [85.9741465, 20.1916117], [85.9751926, 20.193225], [85.9759254, 20.1954485], [85.9757711, 20.1974318], [85.9762868, 20.1991582], [85.9767934, 20.1995976], [85.9774251, 20.1995723], [85.9780248, 20.1999161], [85.9799084, 20.2016826], [85.9798531, 20.2017396], [85.9786898, 20.2029357], [85.9818121, 20.2074083], [85.9838904, 20.2059915], [85.9828699, 20.2038716], [85.9842482, 20.2031266], [85.9852451, 20.2036384], [85.9887583, 20.2016582], [85.9898402, 20.2039924], [85.9887763, 20.2052305], [85.9879699, 20.2046192], [85.9863931, 20.2052801], [85.9864126, 20.2067966], [85.9847894, 20.2075055], [85.9845836, 20.2083414], [85.9834357, 20.2088012], [85.980644, 20.2095109], [85.9794901, 20.2094683], [85.9764971, 20.20988], [85.9740327, 20.2100273], [85.9736453, 20.2088515], [85.9716872, 20.2088085], [85.9705044, 20.2105575], [85.9703874, 20.2113888], [85.971573, 20.2119976], [85.970773, 20.2130993], [85.9682338, 20.2132981], [85.9679531, 20.2157016], [85.9676327, 20.2150707], [85.9667633, 20.2141401], [85.9666705, 20.2120747], [85.9656478, 20.2121614], [85.9634764, 20.2119564], [85.961806, 20.2114398], [85.9615526, 20.2103803], [85.9612185, 20.207525], [85.95878, 20.2060295], [85.958055, 20.2070795], [85.9566936, 20.2077172], [85.9530046, 20.2081075], [85.9516434, 20.2087453], [85.9507987, 20.2105779], [85.9500751, 20.2127347], [85.9492254, 20.2133033], [85.948202, 20.2134414], [85.9475318, 20.2134196], [85.9470038, 20.2128097], [85.9461425, 20.211969], [85.9452659, 20.2107884], [85.9445871, 20.2105724], [85.9433821, 20.2112524], [85.9424056, 20.2112913], [85.9417369, 20.2101511], [85.9412702, 20.2100724], [85.9406578, 20.2101941], [85.9390141, 20.2114264], [85.9381601, 20.2118979], [85.9376331, 20.2116273], [85.9370889, 20.2109682], [85.937026, 20.2095607], [85.9369248, 20.2091614], [85.9365261, 20.2075873], [85.9356563, 20.2065523], [85.9342004, 20.2072228], [85.9331263, 20.2085297], [85.9320498, 20.2097879], [85.9301059, 20.2100597], [85.9275278, 20.2099676], [85.9262215, 20.2095334], [85.9253394, 20.2047552], [85.9249359, 20.202632], [85.9245945, 20.2007494], [85.9250457, 20.1993215], [85.9246843, 20.1958354], [85.9254806, 20.1952204], [85.9266385, 20.1946396], [85.9290317, 20.1940582], [85.9315857, 20.1936163], [85.9324332, 20.1929993], [85.9326149, 20.1924572], [85.9325694, 20.191438], [85.9320792, 20.1873737], [85.9326633, 20.1866211], [85.9327401, 20.1860347], [85.932654, 20.1852603], [85.9317217, 20.1840548], [85.9302522, 20.1822658], [85.9288821, 20.1822693], [85.9247894, 20.1828208], [85.9231772, 20.1824473], [85.922995, 20.1818226], [85.9236304, 20.181068], [85.9247796, 20.1802931], [85.9250641, 20.1797471], [85.9250938, 20.1792596], [85.9246974, 20.1784489], [85.9242155, 20.1780305], [85.9257565, 20.1772424], [85.9263022, 20.1767832], [85.9268306, 20.1759357], [85.9274081, 20.1750376], [85.9288206, 20.1743981], [85.9293489, 20.1735506], [85.9285951, 20.1728027], [85.9266358, 20.1715678], [85.9260898, 20.1708603], [85.9238742, 20.1708025], [85.923306, 20.1697297], [85.9246991, 20.1686535], [85.9266549, 20.1675061], [85.9278937, 20.1664358], [85.9279105, 20.1656574], [85.9278311, 20.1650286], [85.9283874, 20.1648119], [85.9288265, 20.1654265], [85.9292801, 20.165214], [85.9295154, 20.1647185], [85.9293889, 20.1641887], [85.9276121, 20.1635788], [85.9275369, 20.1630469], [85.9280354, 20.1626868], [85.9288789, 20.1631394], [85.9298572, 20.1631492], [85.9308224, 20.1628677], [85.9311408, 20.1619312], [85.9320385, 20.160577], [85.9308835, 20.1577545], [85.9306954, 20.1569464], [85.9297189, 20.1558185], [85.9265251, 20.1573794], [85.9246549, 20.1581344], [85.9233194, 20.1581875], [85.9219346, 20.1582911], [85.9208813, 20.1577494], [85.9184195, 20.1567777], [85.916844, 20.1560622], [85.9169057, 20.1551362], [85.9177167, 20.154861], [85.9181617, 20.1544543], [85.9172923, 20.1534193], [85.9167394, 20.1513993], [85.9150681, 20.1520003], [85.9145574, 20.1515167], [85.9135249, 20.1518045], [85.9124142, 20.1519404], [85.9123478, 20.1519485], [85.911684, 20.1509052], [85.9093838, 20.1524063], [85.9062573, 20.1538427], [85.9049009, 20.154801], [85.9040998, 20.1552199], [85.9032882, 20.1554069], [85.9014093, 20.1555589], [85.8990167, 20.1548535], [85.8988055, 20.1542782], [85.8985197, 20.1534182], [85.8984398, 20.1532279], [85.8983415, 20.152943], [85.8991795, 20.1527857], [85.899989, 20.1526777], [85.9009993, 20.1525078], [85.9025172, 20.1523095], [85.9036591, 20.1518285], [85.9035135, 20.151457], [85.9032077, 20.1507007], [85.9025981, 20.1496352], [85.9022346, 20.1489373], [85.9015346, 20.1478035], [85.9011608, 20.1472186], [85.9004167, 20.1462379], [85.8999426, 20.1456115], [85.8989004, 20.1443355], [85.8986336, 20.1440086], [85.8980257, 20.1433814], [85.8979478, 20.1432991], [85.8972897, 20.1426043], [85.8965005, 20.1419218], [85.8960116, 20.1413674], [85.8947148, 20.1400674], [85.8945392, 20.139881], [85.8933837, 20.1402713], [85.8926345, 20.1406912], [85.8921447, 20.1409682], [85.8916121, 20.1411772], [85.8912797, 20.1401633], [85.8910101, 20.1397233], [85.8904889, 20.1390378], [85.8900561, 20.1386602], [85.8894234, 20.1381728], [85.8882459, 20.1369501], [85.8875281, 20.1363086], [85.8867689, 20.13545], [85.8864752, 20.135037], [85.8864044, 20.1349429], [85.8859398, 20.1343245], [85.8855745, 20.1338929], [85.8854241, 20.133526], [85.8853348, 20.1333132], [85.8853641, 20.1331962], [85.8854701, 20.1330884], [85.8861411, 20.132912], [85.8868784, 20.1328035], [85.8864583, 20.1320191], [85.8858373, 20.1312246], [85.8855709, 20.1308852], [85.8853064, 20.1305481], [85.8847031, 20.1299706], [85.8842096, 20.1294118], [85.8837095, 20.1291286], [85.8829617, 20.1286539], [85.8819891, 20.1282276], [85.8812636, 20.1280062], [85.8802599, 20.1279185], [85.87994, 20.1279372], [85.8794225, 20.1279674], [85.8789099, 20.1280635], [85.8781217, 20.1280928], [85.8779722, 20.1280981], [85.8772303, 20.1281658], [85.8765846, 20.1281752], [85.8762883, 20.1281417], [85.875992, 20.1281082], [85.875758, 20.1280615], [85.8756101, 20.1280064], [85.8753956, 20.127883], [85.8751913, 20.127701], [85.8746637, 20.1272414], [85.8746612, 20.1272384], [85.8745263, 20.1270688], [85.8737391, 20.126106], [85.8736208, 20.1259245], [85.873418, 20.1255438], [85.873215, 20.1251631], [85.8728792, 20.1246233], [85.8722745, 20.1235894], [85.87205, 20.1229975], [85.8719225, 20.1226611], [85.8716835, 20.1219638], [85.8716449, 20.1217828], [85.8716372, 20.1217467], [85.8720961, 20.1216743], [85.8725182, 20.1216078], [85.8728879, 20.1214294], [85.8736116, 20.1212216], [85.874479, 20.1209788], [85.874944, 20.1208102], [85.8754184, 20.1207047], [85.8753213, 20.1195658], [85.8753003, 20.1191589], [85.875251, 20.1187024], [85.8753291, 20.1184679], [85.8753971, 20.1183329], [85.8756751, 20.1182442], [85.8765473, 20.1180058], [85.8770118, 20.1179139], [85.8774528, 20.1177812], [85.8776206, 20.1177144], [85.8777283, 20.1157545], [85.8777415, 20.1155152], [85.8778987, 20.1149334], [85.8779782, 20.1138407], [85.8784635, 20.1135411], [85.8799172, 20.1128862], [85.8809528, 20.1125449], [85.8826634, 20.1120679], [85.8837892, 20.1118085], [85.8848528, 20.1114839], [85.8849203, 20.1114633], [85.8855768, 20.1112822], [85.8859021, 20.1112842], [85.8860271, 20.1111902], [85.8861472, 20.1111008], [85.8861764, 20.1112662], [85.886207, 20.1114401], [85.8864896, 20.1120653], [85.8868941, 20.1130121], [85.8869937, 20.1131528], [85.8871165, 20.1133568], [85.8871875, 20.1134611], [85.8874507, 20.1134447], [85.8881266, 20.1132095], [85.8882895, 20.1131789], [85.8887858, 20.1133267], [85.8889625, 20.1133775], [85.8896155, 20.1136887], [85.8897541, 20.1136897], [85.8902665, 20.113616], [85.8911047, 20.1134361], [85.8913777, 20.1133837], [85.8917853, 20.1132235], [85.8921402, 20.1130813], [85.8926195, 20.1129441], [85.8936306, 20.1126613], [85.8947375, 20.1123386], [85.8958595, 20.1119435], [85.896593, 20.1116996], [85.8967588, 20.111754], [85.8970558, 20.1118515], [85.897303, 20.1120609], [85.8972986, 20.1126843], [85.8974062, 20.1130284], [85.8975667, 20.1133591], [85.8977746, 20.1137038], [85.8985675, 20.1145264], [85.8986146, 20.1146306], [85.8986172, 20.1146709], [85.8986275, 20.1148337], [85.8985581, 20.1151813], [85.8987086, 20.1155529], [85.8988531, 20.1160777], [85.8989904, 20.1165698], [85.8990071, 20.1166296], [85.8990176, 20.1166657], [85.8992079, 20.1173223], [85.8993686, 20.1176124], [85.899551, 20.1181919], [85.9002506, 20.1193663], [85.9007841, 20.120368], [85.9008771, 20.1206374], [85.9008778, 20.1206396], [85.9014391, 20.1203945], [85.9012609, 20.1199193], [85.9016057, 20.1198219], [85.901914, 20.1202079], [85.9022683, 20.1208335], [85.902376, 20.1211594], [85.9021534, 20.1215283], [85.9020334, 20.1222685], [85.9020168, 20.1226161], [85.9018327, 20.1236134], [85.9018304, 20.1239659], [85.9019196, 20.1248928], [85.9019171, 20.1252267], [85.901925, 20.1256772], [85.9019342, 20.1262121], [85.901965, 20.1264539], [85.901975, 20.1265329], [85.9021109, 20.1269494], [85.9023665, 20.1273351], [85.9027315, 20.1271114], [85.9033024, 20.1268529], [85.9040083, 20.1271601], [85.9048975, 20.1265332], [85.905436, 20.1261297], [85.9053283, 20.1257946], [85.9050086, 20.1250159], [85.9055026, 20.1248157], [85.9058381, 20.1247139], [85.9060977, 20.1246637], [85.9061111, 20.1246613], [85.9063066, 20.1247393], [85.9067571, 20.1246156], [85.9070974, 20.1245139], [85.9075194, 20.1243538], [85.9079469, 20.1240764], [85.9081775, 20.1239467], [85.9085945, 20.1238139], [85.9089781, 20.1236852], [85.9093523, 20.1235022], [85.9097417, 20.1232337], [85.9100829, 20.1230008], [85.9103715, 20.1227587], [85.9106936, 20.1225077], [85.9111228, 20.1220224], [85.9113543, 20.1217347], [85.9115178, 20.1215999], [85.9113714, 20.1213234], [85.9111604, 20.1214079], [85.9108342, 20.121546], [85.9105869, 20.1213547], [85.9102642, 20.1210094], [85.9108732, 20.1207692], [85.9111757, 20.1206041], [85.911327, 20.1208533], [85.911494, 20.120895], [85.9120073, 20.1206767], [85.9120069, 20.1206537], [85.9120037, 20.120496], [85.9122919, 20.1203396], [85.9126322, 20.1202243], [85.9130063, 20.1200776], [85.9130964, 20.120071], [85.9135183, 20.1200401], [85.9137723, 20.1199693], [85.9141745, 20.119904], [85.9143946, 20.1198828], [85.9144978, 20.1201771], [85.9146726, 20.1205035], [85.9148993, 20.1209114], [85.9152454, 20.1213699], [85.9156843, 20.1215216], [85.9161243, 20.1215379], [85.9162459, 20.121478], [85.9162777, 20.1214622], [85.9162602, 20.1212362], [85.9163562, 20.1211959], [85.9165522, 20.1211972], [85.9166326, 20.1213332], [85.9169197, 20.1213124], [85.91678, 20.1207784], [85.9164496, 20.1208261], [85.9163748, 20.1205727], [85.9161097, 20.1201736], [85.9161023, 20.1201267], [85.9160686, 20.1199113], [85.9165289, 20.1197152], [85.9168311, 20.1195861], [85.917448, 20.1196034], [85.9173263, 20.1192276], [85.9172248, 20.1186851], [85.9172927, 20.1185453], [85.9176532, 20.1182901], [85.9180663, 20.1180125], [85.918326, 20.1178289], [85.9186085, 20.1177719], [85.9188286, 20.1177642], [85.9193833, 20.1177857], [85.9198078, 20.1179419], [85.9199687, 20.1182003], [85.9199544, 20.1182554], [85.9199195, 20.1183899], [85.9199138, 20.1185343], [85.9200568, 20.1185939], [85.9201519, 20.1186714], [85.920155, 20.118701], [85.9201609, 20.1187573], [85.9199922, 20.1189595], [85.9197758, 20.1191343], [85.9196122, 20.119269], [85.9196306, 20.1193819], [85.9198158, 20.1195637], [85.9199938, 20.1194157], [85.9201189, 20.1192991], [85.9202338, 20.1192772], [85.92042, 20.1193461], [85.9206505, 20.1191984], [85.9207425, 20.1190498], [85.9209166, 20.1187664], [85.9209748, 20.1186403], [85.9208418, 20.1185084], [85.9206086, 20.1183488], [85.9203895, 20.1182165], [85.9203616, 20.1180988], [85.9203959, 20.1179637], [85.9200857, 20.1178803], [85.919806, 20.1175127], [85.9200331, 20.1171662], [85.92044, 20.1171234], [85.9205745, 20.1170475], [85.920643, 20.116804], [85.9210308, 20.1167431], [85.9213563, 20.1167135], [85.9214554, 20.1169173], [85.9221297, 20.116908], [85.9220825, 20.1166035], [85.9220428, 20.1163474], [85.9225402, 20.1163503], [85.9229042, 20.1162712], [85.9231917, 20.1161826], [85.9231928, 20.1160275], [85.9231934, 20.1159523], [85.9232514, 20.1158487], [85.9232092, 20.1157266], [85.9233295, 20.1156277], [85.9233654, 20.1152531], [85.9235821, 20.1150556], [85.9236976, 20.1150251], [85.9238169, 20.1149936], [85.9240666, 20.1148462], [85.9241769, 20.1147926], [85.9245223, 20.1146502], [85.924906, 20.1144944], [85.9255625, 20.1142861], [85.9256777, 20.1142326], [85.9256029, 20.1139926], [85.9255464, 20.1138523], [85.9254084, 20.1137385], [85.9252659, 20.1135976], [85.9250848, 20.1135016], [85.9249368, 20.1134962], [85.9248304, 20.1131505], [85.9247682, 20.1129485], [85.9250839, 20.1129504], [85.925873, 20.1129509], [85.9259409, 20.1133192], [85.9260205, 20.1137513], [85.9266811, 20.113683], [85.926547, 20.1130183], [85.92658, 20.1130155], [85.9268722, 20.1129931], [85.9269031, 20.1133862], [85.9270933, 20.1135545], [85.9274468, 20.1136249], [85.9277954, 20.1136942], [85.9281826, 20.1137058], [85.9281747, 20.1135593], [85.9281359, 20.112838], [85.9285863, 20.1127142], [85.9295208, 20.1124397], [85.9298657, 20.1123606], [85.929979, 20.1125961], [85.9302097, 20.1131081], [85.9300026, 20.1133281], [85.9299991, 20.1133345], [85.9299108, 20.113486], [85.9300427, 20.1137622], [85.9296097, 20.1141345], [85.9293317, 20.1142322], [85.9292691, 20.1143042], [85.9293877, 20.114427], [85.9293949, 20.1146037], [85.929396, 20.1146303], [85.929577, 20.1147399], [85.9296282, 20.114939], [85.9297209, 20.1153824], [85.9300709, 20.1152489], [85.930146, 20.1154618], [85.9302108, 20.1157873], [85.9303432, 20.1159915], [85.9304477, 20.1161096], [85.9306431, 20.1162192], [85.9308923, 20.1161439], [85.9314717, 20.1160391], [85.9317448, 20.1159504], [85.9325831, 20.1157746], [85.9327794, 20.1157397], [85.9329565, 20.1157272], [85.9331302, 20.1161982], [85.9331326, 20.1162699], [85.9331461, 20.1166723], [85.9331497, 20.1167623], [85.9331502, 20.1167763], [85.9332027, 20.1167814], [85.9333035, 20.1167323], [85.9334717, 20.1166204], [85.9339025, 20.1165687], [85.9340262, 20.1166508], [85.934169, 20.1167509], [85.9341444, 20.1168682], [85.9342193, 20.1170947], [85.934297, 20.1173614], [85.9343036, 20.1173842], [85.93449, 20.117399], [85.9348019, 20.1172382], [85.9356551, 20.1169724], [85.9363983, 20.1166967], [85.9373001, 20.1162956], [85.9377075, 20.1161806], [85.9382157, 20.1159985], [85.9383932, 20.1159001], [85.9387817, 20.1157488], [85.9398899, 20.115254], [85.9400429, 20.1152595], [85.9401667, 20.115337], [85.9402712, 20.1154281], [85.9407363, 20.1152682], [85.9410912, 20.1151032], [85.9417328, 20.1149986], [85.9420583, 20.1149779], [85.9426048, 20.1147779], [85.9429784, 20.1147123], [85.9429944, 20.114708], [85.9432226, 20.1146504], [85.9436447, 20.1145737], [85.9436903, 20.1145656], [85.9437303, 20.1145587], [85.9438805, 20.1149662], [85.9438838, 20.1152009], [85.9436718, 20.1154166], [85.9431391, 20.1156979], [85.9430851, 20.1159145], [85.9432135, 20.1160194], [85.9435346, 20.1159219], [85.9439236, 20.1156893], [85.94415, 20.1154468], [85.9443933, 20.1155205], [85.9448174, 20.115776], [85.9449351, 20.1160431], [85.9448174, 20.1164759], [85.9445628, 20.1173418], [85.9444488, 20.1179375], [85.9443656, 20.1182215], [85.9442307, 20.1183789], [85.9440873, 20.11836], [85.9435666, 20.1182709], [85.9432788, 20.1183958], [85.9431625, 20.1186165], [85.9430685, 20.1190949], [85.943392, 20.11935], [85.9440799, 20.1194807], [85.9446741, 20.1200127], [85.9457527, 20.1210809], [85.9464457, 20.120466], [85.9470608, 20.120018], [85.9477635, 20.1193627], [85.9480373, 20.1191743], [85.9479247, 20.1188573], [85.948036, 20.1186504], [85.9483532, 20.1183905], [85.9484543, 20.1184033], [85.9485733, 20.1184187], [85.9486782, 20.11846], [85.9487629, 20.1186593], [85.9487953, 20.1188222], [85.9488649, 20.1191433], [85.9492046, 20.1198365], [85.9493959, 20.1198557], [85.9495249, 20.119879], [85.9495909, 20.1200196], [85.9496884, 20.1203235], [85.949694, 20.1203407], [85.949981, 20.1203381], [85.9500723, 20.1202574], [85.9501021, 20.1201128], [85.9500359, 20.1200221], [85.9500746, 20.1199228], [85.9500753, 20.1198099], [85.9500332, 20.1196923], [85.9501005, 20.119634], [85.95034, 20.1195675], [85.9502787, 20.1194405], [85.9502691, 20.1194365], [85.9501166, 20.1193676], [85.950002, 20.1193539], [85.9499971, 20.1193531], [85.949898, 20.1191447], [85.9497906, 20.1187603], [85.9498453, 20.1184535], [85.9498128, 20.118295], [85.9496647, 20.1182758], [85.9495786, 20.1182708], [85.9494079, 20.118062], [85.9492897, 20.1178489], [85.9491943, 20.1178122], [85.9487489, 20.1178909], [85.9486297, 20.1178405], [85.9486173, 20.1177621], [85.9486068, 20.117696], [85.9487232, 20.1174483], [85.9491748, 20.1171438], [85.9492712, 20.1170495], [85.9495587, 20.1169516], [85.9494556, 20.116653], [85.950047, 20.1161777], [85.9502997, 20.1162922], [85.9505035, 20.1165645], [85.9507365, 20.1167782], [85.9512596, 20.1165057], [85.9516235, 20.1164356], [85.9516862, 20.1163817], [85.9515107, 20.1162221], [85.9514912, 20.116204], [85.9513059, 20.1160267], [85.9511918, 20.1159222], [85.9509909, 20.115921], [85.9504551, 20.1159268], [85.9502927, 20.1159123], [85.9502936, 20.1157677], [85.9502865, 20.1157297], [85.9502752, 20.1156685], [85.9504484, 20.1155251], [85.9505592, 20.11539], [85.9504466, 20.1150684], [85.9503097, 20.114783], [85.9501249, 20.1145379], [85.9498975, 20.1142113], [85.9498938, 20.1140579], [85.9500525, 20.1139189], [85.950063, 20.1139274], [85.9501334, 20.1139868], [85.9503457, 20.1141581], [85.9503759, 20.1141828], [85.9505945, 20.1144054], [85.9507777, 20.1141671], [85.9511144, 20.1138935], [85.9511208, 20.1138836], [85.9512341, 20.1137137], [85.9513895, 20.1134806], [85.9513995, 20.113466], [85.9516301, 20.1133139], [85.9517607, 20.1130933], [85.9521625, 20.1130821], [85.9524895, 20.1128129], [85.9527341, 20.1126924], [85.9529678, 20.1128022], [85.9534059, 20.113103], [85.9540112, 20.1134002], [85.954326, 20.1135421], [85.9548833, 20.1138752], [85.9552739, 20.1141125], [85.9555958, 20.1146158], [85.955899, 20.1150784], [85.9560693, 20.1153642], [85.9563341, 20.1157948], [85.9566725, 20.1166914], [85.9573466, 20.118168], [85.9577967, 20.1180985], [85.958511, 20.1178543], [85.9587457, 20.1185196], [85.9590966, 20.1196874], [85.9595892, 20.1211631], [85.9598484, 20.1217429], [85.9601183, 20.1214327], [85.9603465, 20.1209235], [85.9603848, 20.1208957], [85.9607212, 20.1206544], [85.9612687, 20.1204795], [85.9613875, 20.1204418], [85.9616605, 20.1203937], [85.9617429, 20.1202225], [85.9619594, 20.120034], [85.9619285, 20.1197785], [85.9619141, 20.1196585], [85.9618406, 20.1191793], [85.9619913, 20.1188096], [85.962341, 20.1187304], [85.9626604, 20.1189039], [85.962736, 20.1190982], [85.962745, 20.1191214], [85.9632237, 20.1190699], [85.9637461, 20.1188967], [85.9642933, 20.1185882], [85.9653666, 20.1183055], [85.9659505, 20.1182365], [85.9667345, 20.1183179], [85.9672276, 20.1180924], [85.967622, 20.117912], [85.9678907, 20.1177736], [85.9685704, 20.1176781], [85.9689779, 20.1175404], [85.9689174, 20.1172964], [85.9691566, 20.1172799], [85.9698612, 20.1177628], [85.970484, 20.1183401], [85.9707328, 20.1183416], [85.9709963, 20.1182574], [85.9713223, 20.1181463], [85.9716823, 20.1179497], [85.9722781, 20.1175194], [85.9726247, 20.1172007], [85.9731247, 20.116806], [85.9732263, 20.1166259], [85.9732991, 20.1164682], [85.9735145, 20.1164288], [85.973673, 20.1163258], [85.9736838, 20.1161496], [85.9736841, 20.1160906], [85.9736845, 20.116032], [85.9738481, 20.1159473], [85.9740301, 20.1158532], [85.9743185, 20.1156289], [85.9746793, 20.1153103], [85.9750246, 20.1151633], [85.9752736, 20.115115], [85.9756267, 20.1152481], [85.9759322, 20.1153131], [85.976402, 20.1151622], [85.9769539, 20.1148673], [85.9779231, 20.114403], [85.9780298, 20.1141687], [85.9782267, 20.1140298], [85.9784715, 20.1139138], [85.9786532, 20.1139103], [85.9789445, 20.1139843], [85.979006, 20.1140499], [85.979068, 20.114116], [85.9794934, 20.1141682], [85.9798615, 20.114184], [85.9799514, 20.1142053], [85.9801528, 20.1142533], [85.9803241, 20.1143808], [85.9807878, 20.1144287], [85.982033, 20.1141739], [85.9826317, 20.1140417], [85.9834364, 20.1138386], [85.9854291, 20.1133575], [85.9859511, 20.1132748], [85.986895, 20.113], [85.9873114, 20.1129528], [85.9877337, 20.1127384], [85.9890509, 20.1124297], [85.9893196, 20.1123047], [85.9895007, 20.1123872], [85.989624, 20.1125459], [85.9907697, 20.1121324], [85.9905039, 20.1118371], [85.9902332, 20.1115465], [85.9903356, 20.1112082], [85.9901991, 20.1108775], [85.9899346, 20.1103566], [85.9896319, 20.1098398], [85.9895942, 20.109607], [85.9895858, 20.1095549], [85.9897827, 20.1094386], [85.9902135, 20.1093868], [85.9902916, 20.1091479], [85.9907799, 20.1090603], [85.991159, 20.1088546], [85.9913604, 20.1087879], [85.9915703, 20.1088705], [85.9917272, 20.1089979], [85.9919431, 20.1088908], [85.9924563, 20.1086678], [85.9936736, 20.1082862], [85.9940135, 20.1082249], [85.9940593, 20.1082148], [85.9941141, 20.1082028], [85.9945155, 20.1082639], [85.9952319, 20.108399], [85.9960009, 20.1085571], [85.996346, 20.1084508], [85.9966687, 20.1080822], [85.9971252, 20.1077415], [85.9975045, 20.1075267], [85.9980325, 20.1072135], [85.9990003, 20.1069569], [85.9995163, 20.1077866], [86.0000003, 20.1076448], [86.00012, 20.1076048], [86.0006073, 20.107707], [86.0009103, 20.1081785], [86.0009683, 20.108843], [86.0013236, 20.1093645], [86.0022354, 20.1096363], [86.0027017, 20.1100274], [86.0028943, 20.1113161], [86.0030757, 20.1128803], [86.003468, 20.1136098], [86.0039583, 20.1139966], [86.0047562, 20.114123], [86.0052455, 20.1138999], [86.0057319, 20.1126107], [86.0062028, 20.1122654], [86.0078515, 20.1124689], [86.0096811, 20.1128135], [86.0098972, 20.1127967], [86.0101091, 20.1127845], [86.0101166, 20.1127841], [86.0103087, 20.1117773], [86.010344, 20.1115975], [86.0107045, 20.1105424], [86.0112577, 20.1092804], [86.0114612, 20.1088705], [86.0125028, 20.108488], [86.0127458, 20.1083988], [86.0130433, 20.1082514], [86.0136183, 20.1065557], [86.0142311, 20.1049326], [86.0149862, 20.1038864], [86.0150559, 20.1037897], [86.0154266, 20.1036031], [86.0179489, 20.102333], [86.021414, 20.1012243], [86.0218604, 20.1024274], [86.0231703, 20.104052], [86.0242271, 20.1048349], [86.0247234, 20.1050003], [86.0258697, 20.1047499], [86.0270973, 20.1055587], [86.0272302, 20.1056463], [86.0284338, 20.1059195], [86.0288752, 20.1064687], [86.0290395, 20.10698], [86.0290391, 20.1069838], [86.0289681, 20.1076753], [86.0289687, 20.1076754], [86.029738, 20.1077067], [86.0301126, 20.1066787], [86.0324085, 20.1066461], [86.0338102, 20.106577], [86.034309, 20.1065525], [86.0352166, 20.1065079], [86.0366085, 20.1064929], [86.037667, 20.1062231], [86.038112, 20.1062029], [86.0388152, 20.1069658], [86.0394904, 20.1069381], [86.0408579, 20.106882], [86.041676, 20.1068368], [86.0435526, 20.1057356], [86.0446568, 20.1053252], [86.0454213, 20.1050412], [86.045422, 20.1050409], [86.0463928, 20.1050416], [86.0486352, 20.1051667], [86.0488649, 20.1052063], [86.0490937, 20.105246], [86.0497237, 20.1058032], [86.0506303, 20.1066051], [86.0515802, 20.1077034], [86.0521, 20.1071823], [86.0529475, 20.1054022], [86.0541416, 20.1057236], [86.054146, 20.1057248], [86.0543366, 20.1042758], [86.0547471, 20.1035957], [86.0556798, 20.1027829], [86.0563069, 20.1026824], [86.057509, 20.1031903], [86.0575213, 20.1032011], [86.0595074, 20.1049268], [86.059896, 20.105063], [86.0607768, 20.1053718], [86.0620023, 20.1057931], [86.0625523, 20.1059821], [86.0639332, 20.1061838], [86.0654624, 20.1064177], [86.067527, 20.1074542], [86.069281, 20.108489], [86.0712169, 20.1078622], [86.0726317, 20.1071829], [86.0739562, 20.1064173], [86.0744539, 20.1061286], [86.075276, 20.1056517], [86.0757812, 20.1051393], [86.0771106, 20.1051417], [86.0771585, 20.1051366], [86.0775926, 20.1050895], [86.0780248, 20.1050427], [86.0790545, 20.1052875], [86.0791708, 20.1053153], [86.078765, 20.1060494], [86.0785142, 20.10683], [86.0774448, 20.1101582], [86.0772469, 20.1104736], [86.074578, 20.1121176], [86.0741876, 20.1122305], [86.0737634, 20.1123528], [86.0733579, 20.1122015], [86.0729533, 20.1118696], [86.0720814, 20.1104825], [86.071395, 20.1109126], [86.0709478, 20.1113169], [86.0700054, 20.1121522], [86.0694319, 20.1128901], [86.0694319, 20.1128906], [86.0693905, 20.1134322], [86.0695359, 20.114002], [86.0695867, 20.1142012], [86.0702443, 20.1154199], [86.070876, 20.1168769], [86.0709805, 20.117118], [86.071343, 20.1180867], [86.0708761, 20.1185767], [86.0691771, 20.1195886], [86.0685799, 20.1200474], [86.0685283, 20.1200871], [86.067756, 20.121289], [86.0670634, 20.1219359], [86.0663575, 20.1223884], [86.0653013, 20.1235076], [86.065212, 20.1236022], [86.0648426, 20.1237808], [86.0642399, 20.1238003], [86.0628547, 20.1234948], [86.0624277, 20.1236823], [86.0614223, 20.1246302], [86.0609146, 20.1247449], [86.059709, 20.1248108], [86.0571776, 20.1249735], [86.0561563, 20.1254062], [86.0546916, 20.1263742], [86.0524887, 20.1283998], [86.0504637, 20.1304185], [86.04771, 20.133163], [86.0471642, 20.133541], [86.0469847, 20.1336651], [86.0460894, 20.1337958], [86.0454352, 20.1336115], [86.0443917, 20.1329282], [86.0435943, 20.1327116], [86.042159, 20.132758], [86.0402721, 20.1333985], [86.0393166, 20.1337229], [86.0357577, 20.1345031], [86.0353163, 20.1347175], [86.0352808, 20.1350563], [86.0359306, 20.1367223], [86.0356156, 20.1373711], [86.0346293, 20.1383144], [86.0318896, 20.1404318], [86.0316959, 20.1408012], [86.0316943, 20.1418376], [86.0316943, 20.1418585], [86.0319254, 20.1423795], [86.0323316, 20.142463], [86.0331149, 20.1422316], [86.035485, 20.1415315], [86.0360343, 20.1416611], [86.0363274, 20.1422319], [86.0367143, 20.142329], [86.0376038, 20.1415928], [86.0383898, 20.1413486], [86.0407512, 20.141601], [86.0414932, 20.1415327], [86.0435949, 20.1404824], [86.0441446, 20.1405351], [86.044497, 20.1408171], [86.0450716, 20.1414979], [86.0478302, 20.1456829], [86.0479566, 20.1461488], [86.0477465, 20.1477476], [86.0477009, 20.1480943], [86.0475972, 20.1486088], [86.0466777, 20.1495617], [86.0465897, 20.1498955], [86.046689, 20.1503236], [86.0467481, 20.1505784], [86.0467392, 20.1512457], [86.0467385, 20.1512992], [86.0467306, 20.1518932], [86.0465363, 20.1523934], [86.0458512, 20.1531352], [86.0453323, 20.1536971], [86.0449847, 20.154224], [86.0449821, 20.1546532], [86.045246, 20.1552869], [86.0473762, 20.1590345], [86.0474353, 20.159078], [86.0478525, 20.1593851], [86.049125, 20.1593874], [86.0501839, 20.1591356], [86.0508868, 20.1592027], [86.0522063, 20.1609357], [86.0533467, 20.1630334], [86.0534586, 20.1635176], [86.0533318, 20.1639189], [86.0529468, 20.1642827], [86.0525193, 20.1645695], [86.0505602, 20.1654581], [86.0502549, 20.1655964], [86.0450993, 20.1683967], [86.043869, 20.1692937], [86.0438535, 20.169506], [86.0443443, 20.1698295], [86.0446099, 20.1702104], [86.0445744, 20.1705262], [86.0442609, 20.1709582], [86.0425835, 20.1721734], [86.0417893, 20.1729733], [86.0412621, 20.1739012], [86.0412301, 20.1740601], [86.0411189, 20.1746142], [86.0412463, 20.1757009], [86.0413145, 20.1762822], [86.0411532, 20.1768234], [86.0409279, 20.1771119], [86.0408543, 20.1772058], [86.040129, 20.1776672], [86.0374638, 20.1792474], [86.0370574, 20.1791955], [86.0367958, 20.1789457], [86.0365262, 20.1784291], [86.0362895, 20.178016], [86.0343816, 20.1746856], [86.0343001, 20.173967], [86.0345036, 20.1735478], [86.0355513, 20.17279], [86.0358841, 20.1723403], [86.0335442, 20.1700729], [86.0331573, 20.1700178], [86.0315315, 20.1697863], [86.0307581, 20.168752], [86.0297525, 20.1681185], [86.0286258, 20.1677282], [86.0280227, 20.1677791], [86.0271917, 20.168303], [86.0259723, 20.1689514], [86.0247135, 20.1690529], [86.0239346, 20.1688814], [86.0217097, 20.167392], [86.0224711, 20.1703464], [86.022523, 20.1712274], [86.0224338, 20.1717148], [86.0217048, 20.1727498], [86.0213034, 20.1734434], [86.0212815, 20.1738951], [86.0216255, 20.1745859], [86.0216311, 20.1745972], [86.0217605, 20.1749028], [86.0219188, 20.1752765], [86.022095, 20.1761629], [86.0221141, 20.1775666], [86.0221217, 20.1781294], [86.0221246, 20.1783408], [86.022324, 20.1785724], [86.0229594, 20.178743], [86.0238069, 20.1786529], [86.0260099, 20.1783082], [86.0267707, 20.178326], [86.0270848, 20.1785943], [86.0273356, 20.1790608], [86.0274287, 20.1794981], [86.0276284, 20.1804361], [86.0277179, 20.1822117], [86.027559, 20.1823734], [86.0274417, 20.1823708], [86.0260855, 20.1823382], [86.0230627, 20.1821362], [86.0226408, 20.1822649], [86.0223226, 20.1826516], [86.0219681, 20.1834809], [86.0215109, 20.1846846], [86.0211177, 20.1848134], [86.0202328, 20.1847803], [86.0201708, 20.184778], [86.0198452, 20.1847657], [86.0187242, 20.1849581], [86.0178983, 20.185428], [86.0173438, 20.186116], [86.0167676, 20.1871881], [86.0162341, 20.1890916], [86.0155443, 20.1930001], [86.0154571, 20.1934843], [86.015107, 20.1954269], [86.0146651, 20.1978783], [86.0143444, 20.1996573], [86.0126104, 20.2052628], [86.0126032, 20.2052801], [86.011871, 20.207028], [86.0116532, 20.2075478], [86.010653, 20.2090557], [86.0098939, 20.2095076], [86.0092045, 20.2095534], [86.0076757, 20.2091518], [86.0064151, 20.2139786], [86.005582, 20.217477], [86.0032649, 20.2170768], [86.0026506, 20.2164119], [86.0023919, 20.2149969], [86.0019038, 20.2149707], [86.0014738, 20.2162293]]]}}, {"type": "Feature", "properties": {"OBJECTID": 399, "state": "ODISHA", "district": "Khordha", "stcode11": "21", "dtcode11": "386", "blkcode11": "0176", "block_name": "JATNI", "code2011": "213860176", "block_lgd": 3463, "block_ver": 1, "dist_lgd": 362, "b_pan_code": 3826, "state_lgd": 21, "shape_Length": 155251.25709311914, "shape_Area": 256937870.50434178}, "geometry": {"type": "Polygon", "coordinates": [[[85.6458363, 20.2936424], [85.6439277, 20.295241], [85.6413087, 20.2970361], [85.64057, 20.3029155], [85.6391209, 20.3089912], [85.6382456, 20.3116532], [85.6362326, 20.3129165], [85.6340544, 20.3145252], [85.6337257, 20.316993], [85.6320197, 20.3155114], [85.6304887, 20.3137243], [85.6297736, 20.3128198], [85.6297258, 20.3117308], [85.6297416, 20.3115016], [85.629863, 20.3097397], [85.6299141, 20.3077437], [85.6297335, 20.3068648], [85.6296155, 20.3062913], [85.6287212, 20.3045541], [85.6286317, 20.3038353], [85.6292181, 20.3030356], [85.6315111, 20.3020056], [85.6336239, 20.3012994], [85.6333312, 20.300841], [85.6319279, 20.2997999], [85.630769, 20.2992804], [85.6292622, 20.2980264], [85.6266923, 20.2962582], [85.6245497, 20.2954508], [85.623654, 20.2949513], [85.623467, 20.2939635], [85.6234665, 20.2939607], [85.6235032, 20.2925202], [85.6235384, 20.2917843], [85.62143, 20.2887321], [85.6214246, 20.2887205], [85.6202834, 20.2862883], [85.6205615, 20.2846236], [85.6217849, 20.2810872], [85.6225529, 20.2792278], [85.6233052, 20.2781597], [85.6239104, 20.2773006], [85.6240117, 20.2766553], [85.6231288, 20.2730933], [85.6233499, 20.271907], [85.6244474, 20.2690472], [85.6249198, 20.2648861], [85.6245752, 20.2637947], [85.6224661, 20.2586827], [85.6209507, 20.2552152], [85.6206799, 20.2533565], [85.6206285, 20.2521409], [85.6208685, 20.2515285], [85.6212062, 20.2512194], [85.6213847, 20.2510582], [85.6213904, 20.250959], [85.6213631, 20.2507961], [85.6212304, 20.2506459], [85.621012, 20.2504456], [85.6202117, 20.2500056], [85.6203721, 20.2497222], [85.6201849, 20.24926], [85.6198775, 20.248833], [85.6190663, 20.2480181], [85.6182075, 20.2471666], [85.6174965, 20.2463749], [85.6185461, 20.2456785], [85.6192855, 20.2454043], [85.6198852, 20.2452689], [85.6204839, 20.2452104], [85.6211129, 20.2449896], [85.6217663, 20.2447011], [85.6222948, 20.2444748], [85.6228484, 20.2441132], [85.6233843, 20.2435844], [85.623691, 20.2430041], [85.6238637, 20.2424137], [85.6243829, 20.2410671], [85.6247251, 20.2397101], [85.6251052, 20.2383941], [85.6254907, 20.2370058], [85.6257744, 20.2357658], [85.6260406, 20.2343359], [85.6261705, 20.2337136], [85.6262781, 20.2334668], [85.6264294, 20.2331192], [85.6267792, 20.2325122], [85.6272064, 20.2318289], [85.6277373, 20.2313181], [85.6282724, 20.2308796], [85.6289842, 20.2304877], [85.6295371, 20.2302028], [85.6308679, 20.229617], [85.6315018, 20.2293645], [85.6322295, 20.2293384], [85.632968, 20.2291725], [85.6341582, 20.2288025], [85.6348066, 20.2285229], [85.635451, 20.228171], [85.6360825, 20.2281895], [85.6373224, 20.2281359], [85.637967, 20.2277614], [85.6384549, 20.2272502], [85.6389226, 20.2268473], [85.6396267, 20.2267759], [85.6402022, 20.2266404], [85.6407494, 20.226455], [85.6412802, 20.2264906], [85.641705, 20.2277271], [85.6433229, 20.2282365], [85.6439103, 20.2283901], [85.6445183, 20.2283633], [85.6459045, 20.2280035], [85.6466391, 20.2277291], [85.6475056, 20.2274423], [85.6481462, 20.2272302], [85.6501518, 20.2266269], [85.6508949, 20.2264655], [85.6514182, 20.2262888], [85.651342, 20.2251317], [85.6512908, 20.2244131], [85.6512785, 20.223618], [85.6512584, 20.2220683], [85.651262, 20.2205371], [85.6511114, 20.2191175], [85.6509796, 20.2177567], [85.6508555, 20.2160664], [85.6507978, 20.2144307], [85.6505198, 20.2128248], [85.6503951, 20.2111977], [85.6503456, 20.210435], [85.6503021, 20.2097606], [85.6499824, 20.2090986], [85.6498552, 20.2083071], [85.6505434, 20.2050734], [85.6510501, 20.2034736], [85.6514324, 20.2018684], [85.6518892, 20.2004987], [85.6523801, 20.1990659], [85.6528478, 20.1975291], [85.6532523, 20.1961049], [85.6536761, 20.1946851], [85.6539302, 20.1935306], [85.6539213, 20.1928846], [85.6543552, 20.1924994], [85.6548727, 20.1924085], [85.6550923, 20.1919088], [85.6556391, 20.1917593], [85.6561098, 20.1915416], [85.6558937, 20.1910793], [85.6555574, 20.1906791], [85.6551853, 20.1904013], [85.6551722, 20.1903916], [85.6554513, 20.1891017], [85.6556484, 20.1884302], [85.6567062, 20.1878194], [85.6567983, 20.1871425], [85.6570289, 20.1864668], [85.6572698, 20.1857186], [85.6572473, 20.1849867], [85.6570478, 20.1836932], [85.6572641, 20.1830353], [85.6573223, 20.1823762], [85.6570255, 20.1818409], [85.6573694, 20.1813512], [85.6560351, 20.1807221], [85.6557534, 20.1801057], [85.6555625, 20.1794853], [85.6553134, 20.1789548], [85.6548793, 20.1777047], [85.6546684, 20.1771837], [85.6538747, 20.1754656], [85.6536127, 20.1747769], [85.6534659, 20.1740394], [85.653405, 20.1733434], [85.6532434, 20.1720863], [85.6532412, 20.1712415], [85.6531177, 20.1705765], [85.6527605, 20.1692864], [85.6526946, 20.1685902], [85.6540328, 20.1687495], [85.6546969, 20.168854], [85.6553865, 20.1687645], [85.6567065, 20.1682505], [85.656842, 20.1680709], [85.6581268, 20.1677463], [85.6594614, 20.16721], [85.6602236, 20.167035], [85.6605649, 20.1668253], [85.6608723, 20.1666921], [85.6614418, 20.1661092], [85.6617389, 20.1654835], [85.661956, 20.1647128], [85.6618957, 20.1639354], [85.6616608, 20.1634231], [85.6612089, 20.1631441], [85.6600588, 20.1627965], [85.6594344, 20.1625252], [85.6588955, 20.1617759], [85.6589893, 20.1608686], [85.6594936, 20.1600819], [85.6597765, 20.1600072], [85.6598574, 20.1594928], [85.6604288, 20.158684], [85.6605593, 20.1579669], [85.6608429, 20.1572371], [85.6600498, 20.1565716], [85.6596241, 20.1560038], [85.6591346, 20.1556206], [85.6581767, 20.154651], [85.6576583, 20.1542902], [85.6571271, 20.1537621], [85.6550836, 20.1538686], [85.6539012, 20.1539634], [85.6531556, 20.1539035], [85.6525732, 20.1537544], [85.651819, 20.1535635], [85.6513218, 20.1535371], [85.6506103, 20.1533916], [85.6452207, 20.1532192], [85.644789, 20.1530749], [85.643561, 20.1526643], [85.6403845, 20.1499249], [85.639243, 20.1480777], [85.6341669, 20.1465385], [85.6317929, 20.1461542], [85.6308271, 20.1450129], [85.6303077, 20.1425967], [85.628525, 20.1402384], [85.6279391, 20.1392754], [85.6271717, 20.1380143], [85.6278604, 20.1358287], [85.6285184, 20.1344245], [85.6291052, 20.1312941], [85.6301752, 20.1309003], [85.6321828, 20.1315891], [85.6326321, 20.1310685], [85.6332203, 20.1277845], [85.6346676, 20.1257901], [85.6348041, 20.1231365], [85.6348748, 20.1217622], [85.635943, 20.1210115], [85.6367381, 20.1208777], [85.637807, 20.1211434], [85.6379757, 20.1210346], [85.6388794, 20.1204514], [85.639255, 20.1196051], [85.6396717, 20.1184294], [85.6395345, 20.1171589], [85.6396755, 20.1157867], [85.6408834, 20.1149062], [85.6423626, 20.1141858], [85.6431888, 20.1137766], [85.6452879, 20.1121438], [85.6480517, 20.111623], [85.6503007, 20.1109039], [85.6505686, 20.1103412], [85.6509741, 20.1087814], [85.6513129, 20.1083052], [85.6512042, 20.1081508], [85.6511525, 20.1080374], [85.6510484, 20.1079192], [85.6509339, 20.1078821], [85.6508148, 20.1078406], [85.6506958, 20.107772], [85.6505534, 20.1076353], [85.6503355, 20.1074214], [85.650284, 20.1072809], [85.6503007, 20.1064499], [85.650273, 20.1063277], [85.6501502, 20.1061461], [85.6500793, 20.106046], [85.6497671, 20.1056643], [85.6497059, 20.1055464], [85.6497129, 20.1052798], [85.6497216, 20.1048327], [85.6496776, 20.1043852], [85.6496078, 20.1041543], [85.64958, 20.1040546], [85.6494574, 20.1038505], [85.6494158, 20.1036875], [85.6494317, 20.1035023], [85.649505, 20.1033087], [85.6496265, 20.1030928], [85.6496662, 20.1029259], [85.6496506, 20.1025057], [85.6495757, 20.1023289], [85.649496, 20.1021342], [85.6494259, 20.101953], [85.6494077, 20.1018398], [85.6494047, 20.1016366], [85.6494022, 20.1013654], [85.6494002, 20.1010402], [85.6494558, 20.1006837], [85.6495491, 20.1004044], [85.6495886, 20.1002646], [85.6496702, 20.1002246], [85.649766, 20.1002027], [85.6499392, 20.1000867], [85.650055, 20.0999656], [85.6501375, 20.0998261], [85.6502058, 20.0996595], [85.6501981, 20.0994471], [85.6501272, 20.0993427], [85.6499708, 20.0991835], [85.6498908, 20.0990474], [85.6497009, 20.0988697], [85.6495925, 20.0986791], [85.6494603, 20.0984974], [85.6493381, 20.098248], [85.6493111, 20.0980445], [85.6492891, 20.097832], [85.6492864, 20.0975791], [85.6492829, 20.0974299], [85.6492811, 20.0970911], [85.6493059, 20.0969829], [85.6492463, 20.0966889], [85.6492315, 20.0965532], [85.6492197, 20.0964444], [85.6490442, 20.0958223], [85.6490154, 20.0957202], [85.6485545, 20.0948311], [85.6482241, 20.0943137], [85.6481087, 20.0938386], [85.6478797, 20.093227], [85.6476504, 20.0926423], [85.6475089, 20.0924153], [85.6474569, 20.0923472], [85.6469194, 20.0914578], [85.6469073, 20.0913833], [85.6468922, 20.0912904], [85.6468533, 20.0902559], [85.6470233, 20.0893763], [85.6477139, 20.0874616], [85.6477133, 20.0874573], [85.6475787, 20.0865166], [85.6474394, 20.0855438], [85.6474389, 20.0855396], [85.6475502, 20.084253], [85.6474506, 20.0824996], [85.647928, 20.0803576], [85.6479278, 20.0803534], [85.6479279, 20.0803528], [85.6478812, 20.0793276], [85.6478196, 20.0779672], [85.6478195, 20.0779664], [85.6481659, 20.0760274], [85.6481989, 20.0749706], [85.6486468, 20.07459], [85.6486988, 20.0741025], [85.6486986, 20.0741002], [85.6486988, 20.0740978], [85.648616, 20.0731484], [85.6485771, 20.0721227], [85.6487684, 20.0718606], [85.6487706, 20.0718576], [85.649468, 20.0714096], [85.6494724, 20.0714067], [85.6496497, 20.0701574], [85.6496556, 20.0701162], [85.6495164, 20.067938], [85.6496926, 20.0674647], [85.6500685, 20.0671288], [85.6517502, 20.0667034], [85.65452, 20.0659387], [85.6551561, 20.0659118], [85.6552562, 20.0658992], [85.6560368, 20.0658012], [85.6566188, 20.0659454], [85.6570818, 20.066595], [85.6578679, 20.0669217], [85.658781, 20.0669197], [85.6598821, 20.0667337], [85.6611197, 20.0662643], [85.6628572, 20.0660155], [85.6641463, 20.0662104], [85.6647799, 20.0664772], [85.6653963, 20.0670827], [85.6682546, 20.0694262], [85.6697684, 20.0702192], [85.6709343, 20.0703045], [85.6726039, 20.0701771], [85.6736553, 20.0696565], [85.6749612, 20.069576], [85.6756612, 20.069079], [85.6759183, 20.0688965], [85.6764053, 20.0689769], [85.6767704, 20.0691517], [85.6771244, 20.0693211], [85.6771752, 20.0693702], [85.678087, 20.0702498], [85.6795487, 20.0726956], [85.6805791, 20.0741218], [85.6812522, 20.0759746], [85.6798919, 20.0762444], [85.6782656, 20.0763406], [85.6768027, 20.0763071], [85.6760258, 20.0765858], [85.6752421, 20.0771131], [85.6746221, 20.0780571], [85.6739869, 20.0796831], [85.6738634, 20.080143], [85.6735197, 20.0812335], [85.6726116, 20.0823109], [85.6713919, 20.0840816], [85.6709109, 20.0855506], [85.6708104, 20.0867019], [85.6711711, 20.0875811], [85.6724045, 20.0887468], [85.6729237, 20.0889811], [85.6747638, 20.0896319], [85.6751983, 20.0897255], [85.676738, 20.0897145], [85.6776221, 20.0897753], [85.6776407, 20.0897957], [85.6781147, 20.0903208], [85.678278, 20.0913648], [85.6782873, 20.0914246], [85.6787346, 20.0922366], [85.6799534, 20.0928871], [85.6811381, 20.0930135], [85.6820525, 20.0928893], [85.6845253, 20.0922392], [85.6863608, 20.0923206], [85.6871945, 20.0926972], [85.6885974, 20.0936247], [85.6905776, 20.0952792], [85.6919716, 20.0955426], [85.6928293, 20.0953095], [85.6923323, 20.0958747], [85.6922506, 20.0962835], [85.6921726, 20.0966732], [85.6924498, 20.0981787], [85.6925524, 20.0987357], [85.6922102, 20.0987688], [85.6916815, 20.0988197], [85.6913818, 20.0968886], [85.6907842, 20.0968885], [85.6908019, 20.0970035], [85.6908295, 20.0971826], [85.6904177, 20.0972653], [85.6902152, 20.0968709], [85.6902112, 20.0968725], [85.6902105, 20.0968712], [85.6899779, 20.0969655], [85.689937, 20.0969817], [85.6899208, 20.0971466], [85.6898742, 20.0976184], [85.6885469, 20.0979564], [85.6886233, 20.0986343], [85.6886538, 20.0989056], [85.6876192, 20.0991193], [85.6873803, 20.0985213], [85.6869155, 20.0986307], [85.6868595, 20.0981754], [85.6868438, 20.0980476], [85.6864997, 20.0980359], [85.6863975, 20.097674], [85.6869146, 20.0975965], [85.6869039, 20.0975511], [85.6868453, 20.0973021], [85.6864342, 20.0972809], [85.6863255, 20.0965485], [85.6856076, 20.0966335], [85.6860529, 20.0977076], [85.6863828, 20.0994263], [85.6859182, 20.0995268], [85.6856589, 20.0979302], [85.6850201, 20.0982597], [85.6834617, 20.0987676], [85.6834269, 20.100082], [85.6843706, 20.0998904], [85.6844955, 20.1004181], [85.6845783, 20.1007681], [85.6844733, 20.1013277], [85.684498, 20.101705], [85.6845624, 20.102688], [85.6852289, 20.1030319], [85.6852732, 20.1037877], [85.6852834, 20.1039629], [85.6858449, 20.1042878], [85.685877, 20.1045872], [85.6859025, 20.1048256], [85.6852644, 20.104919], [85.6842316, 20.1050706], [85.6832385, 20.1054562], [85.6832164, 20.1057995], [85.6832038, 20.1061697], [85.6827229, 20.1064915], [85.6827054, 20.1066388], [85.6826664, 20.1069652], [85.6826653, 20.1082301], [85.6822245, 20.1083262], [85.6812573, 20.1090598], [85.6805043, 20.1093116], [85.6793187, 20.1098448], [85.6791965, 20.1101556], [85.6791296, 20.1107063], [85.6783525, 20.1109849], [85.6779779, 20.1111765], [85.6776186, 20.1118333], [85.677115, 20.1120056], [85.6767242, 20.1118401], [85.6757781, 20.1117517], [85.6753119, 20.1120328], [85.6746213, 20.1128274], [85.6750855, 20.1133641], [85.6761228, 20.1139816], [85.6765013, 20.1144587], [85.6764439, 20.1150409], [85.6761754, 20.1156803], [85.6756547, 20.1161778], [85.675608, 20.1166203], [85.6757093, 20.1170269], [85.6757468, 20.117177], [85.6761223, 20.1180112], [85.6762423, 20.119096], [85.6760565, 20.1195869], [85.6755724, 20.120288], [85.6753353, 20.1211626], [85.6752421, 20.1214602], [85.6754047, 20.1220124], [85.6751737, 20.122765], [85.674799, 20.1235122], [85.6745936, 20.1240481], [85.6745945, 20.1240506], [85.6749715, 20.1251848], [85.6755419, 20.125591], [85.6758166, 20.1259319], [85.6760428, 20.1263267], [85.6768459, 20.1269381], [85.6785279, 20.127678], [85.6802646, 20.1282015], [85.6807684, 20.1285621], [85.6807698, 20.1285633], [85.6829969, 20.130481], [85.6830811, 20.1305535], [85.6836268, 20.13105], [85.68339, 20.1313554], [85.6829707, 20.1317227], [85.6827649, 20.132026], [85.6825666, 20.1323181], [85.6822783, 20.1327429], [85.6817883, 20.133463], [85.681581, 20.1337677], [85.6808427, 20.1351083], [85.6805987, 20.1356756], [85.6803597, 20.1362387], [85.6804129, 20.1367452], [85.6805846, 20.1373605], [85.6806465, 20.1378828], [85.6807186, 20.1384911], [85.6807006, 20.1386947], [85.6804869, 20.1411118], [85.6804756, 20.1412403], [85.6805638, 20.1438341], [85.6828788, 20.1432686], [85.6828793, 20.1432691], [85.683616, 20.1446798], [85.6836179, 20.1446836], [85.6842501, 20.1463056], [85.6842537, 20.1463332], [85.6844028, 20.1474854], [85.6845574, 20.1486485], [85.6845603, 20.1486704], [85.6846427, 20.1508304], [85.6847272, 20.1529183], [85.6847299, 20.1529855], [85.6847919, 20.1530551], [85.6848152, 20.1530812], [85.6849494, 20.1530462], [85.6856411, 20.1527215], [85.6857992, 20.1526637], [85.6878339, 20.1519243], [85.6879921, 20.1518672], [85.6880774, 20.1519581], [85.6881628, 20.1520492], [85.6882077, 20.152389], [85.6882481, 20.1526955], [85.6887033, 20.1548259], [85.6887131, 20.1548721], [85.6888691, 20.1551127], [85.689247, 20.155102], [85.6894881, 20.1548734], [85.6896599, 20.1543507], [85.6898054, 20.1541122], [85.6899509, 20.1538694], [85.6907539, 20.1539476], [85.6909613, 20.154315], [85.6909161, 20.1545629], [85.6908758, 20.1548157], [85.6906099, 20.1551615], [85.6903439, 20.1555073], [85.6903734, 20.155682], [85.6904623, 20.1562087], [85.6903894, 20.1569747], [85.6903575, 20.15731], [85.6905501, 20.1583189], [85.6928118, 20.1578703], [85.6922204, 20.1553454], [85.6922884, 20.1546457], [85.6928531, 20.1540445], [85.6936606, 20.1535762], [85.6941779, 20.1535079], [85.6950333, 20.153609], [85.6952066, 20.1534793], [85.6956701, 20.1529451], [85.6960658, 20.1525415], [85.6970062, 20.1522051], [85.6991502, 20.1520855], [85.7010061, 20.1521037], [85.7013653, 20.152043], [85.7013633, 20.1520031], [85.701353, 20.1517989], [85.701142, 20.1512912], [85.7009551, 20.1507433], [85.7007634, 20.1501998], [85.7003105, 20.1471247], [85.7003458, 20.1463299], [85.7005843, 20.1458392], [85.7008407, 20.1454978], [85.7010988, 20.1443613], [85.701388, 20.1440969], [85.7018858, 20.1440554], [85.7037552, 20.1441595], [85.7040839, 20.1443201], [85.7041181, 20.1445233], [85.7041523, 20.1447271], [85.7041424, 20.144946], [85.7041348, 20.1451154], [85.7042883, 20.1456316], [85.7046683, 20.1459597], [85.705132, 20.1459902], [85.705325, 20.1457973], [85.7054378, 20.1454594], [85.7057303, 20.144793], [85.7060238, 20.1445828], [85.7062864, 20.1446254], [85.7064049, 20.1447754], [85.7063649, 20.1449692], [85.7063591, 20.144986], [85.7063013, 20.145154], [85.7062354, 20.1453361], [85.7062328, 20.1453433], [85.7063657, 20.1454571], [85.7070231, 20.1452134], [85.7070705, 20.1452196], [85.7074633, 20.1452708], [85.7075008, 20.1452757], [85.7079081, 20.1452065], [85.7081159, 20.1449369], [85.7083239, 20.1446674], [85.7087843, 20.1445082], [85.7097699, 20.1444928], [85.7107601, 20.144473], [85.7119043, 20.1443639], [85.7133518, 20.143995], [85.7133713, 20.1439871], [85.7138822, 20.1437812], [85.7139133, 20.1437687], [85.7141042, 20.143829], [85.7140516, 20.1444157], [85.7140448, 20.1445299], [85.7140238, 20.1448843], [85.7140238, 20.1448853], [85.7141411, 20.1451572], [85.7144347, 20.1455162], [85.7147776, 20.145713], [85.7148019, 20.1457007], [85.7151664, 20.145516], [85.7151907, 20.1455037], [85.7156179, 20.1453125], [85.7157883, 20.1449523], [85.7157852, 20.1447401], [85.7157869, 20.1445277], [85.7158946, 20.1442394], [85.7160813, 20.1442182], [85.716352, 20.1444641], [85.7165611, 20.1446283], [85.7167146, 20.1445752], [85.7168309, 20.1443818], [85.7169192, 20.1441249], [85.7169204, 20.1439668], [85.716917, 20.1438189], [85.7169169, 20.1438132], [85.7172436, 20.1436304], [85.7176656, 20.1435069], [85.7180875, 20.1433835], [85.7185295, 20.1431428], [85.7188021, 20.1430787], [85.7190137, 20.1430289], [85.7192226, 20.1429791], [85.7194929, 20.1429148], [85.7198647, 20.1424885], [85.7201122, 20.1420385], [85.7200935, 20.1414061], [85.7198997, 20.1411199], [85.719256, 20.1408623], [85.7186125, 20.1406046], [85.7177751, 20.1400654], [85.7170156, 20.1393372], [85.7166047, 20.139289], [85.7161938, 20.1392408], [85.7161776, 20.1392354], [85.7159028, 20.1391438], [85.7158972, 20.1391357], [85.7152504, 20.138195], [85.7152283, 20.1381698], [85.7149045, 20.1377994], [85.714598, 20.1374442], [85.7145633, 20.1374039], [85.7145151, 20.1371255], [85.7145092, 20.1370912], [85.7144765, 20.1369018], [85.7145743, 20.1366406], [85.7153301, 20.1360543], [85.7163087, 20.1357136], [85.7166547, 20.1355038], [85.7167338, 20.1351881], [85.7168708, 20.1336442], [85.7173327, 20.132717], [85.7183271, 20.1321911], [85.7183975, 20.1321494], [85.7199996, 20.1312004], [85.7216722, 20.1302097], [85.7218241, 20.1300994], [85.7218262, 20.1300979], [85.7218509, 20.1300913], [85.7219106, 20.1300753], [85.7221972, 20.1299978], [85.7222816, 20.1299747], [85.7224013, 20.1299395], [85.7224947, 20.1299119], [85.7225213, 20.1299041], [85.7225903, 20.1298579], [85.7226415, 20.1298237], [85.7227106, 20.1297767], [85.7227664, 20.1297388], [85.7229036, 20.1299386], [85.7232432, 20.1299229], [85.7232858, 20.1299391], [85.7233768, 20.1299736], [85.7234711, 20.1300082], [85.7235151, 20.1300243], [85.7236249, 20.1300567], [85.7237394, 20.1300937], [85.7239637, 20.1301361], [85.7239055, 20.1302349], [85.7238474, 20.1303339], [85.7238299, 20.1303476], [85.7237271, 20.1304279], [85.7236288, 20.1305016], [85.7236019, 20.1305218], [85.7235893, 20.1305364], [85.7235247, 20.1306116], [85.723456, 20.1306868], [85.7234426, 20.1307016], [85.7235223, 20.1309007], [85.7236181, 20.1308743], [85.7239492, 20.1307457], [85.7240545, 20.1307465], [85.7241597, 20.1307471], [85.7241737, 20.130797], [85.7241876, 20.1308469], [85.7241339, 20.1309865], [85.7241159, 20.1309998], [85.7240377, 20.1310581], [85.7239521, 20.1311186], [85.7239365, 20.1311296], [85.7238781, 20.1312692], [85.7240741, 20.1312706], [85.724194, 20.1312444], [85.7242751, 20.1312631], [85.7243563, 20.1312816], [85.72437, 20.1313541], [85.7242251, 20.1315247], [85.7239948, 20.1316224], [85.723975, 20.1317036], [85.7239553, 20.1317848], [85.7239657, 20.1317923], [85.7240122, 20.1318257], [85.7240635, 20.1318599], [85.7240741, 20.1318669], [85.7242508, 20.1319089], [85.7243702, 20.1319144], [85.7241915, 20.1321253], [85.724195, 20.1323015], [85.7242085, 20.132392], [85.7242242, 20.1324055], [85.7245494, 20.1326857], [85.7245838, 20.1327154], [85.7247364, 20.1327571], [85.7247847, 20.1327961], [85.7248267, 20.1328301], [85.7248666, 20.132862], [85.7249123, 20.1328985], [85.7249135, 20.1329006], [85.7249501, 20.132962], [85.7249895, 20.1330209], [85.7249926, 20.1330255], [85.7250243, 20.1332471], [85.7250285, 20.1332724], [85.7250637, 20.133486], [85.7250653, 20.1334959], [85.725203, 20.1336188], [85.7254557, 20.133711], [85.7257395, 20.1341062], [85.7257096, 20.1342775], [85.7258612, 20.1344277], [85.7258674, 20.1344358], [85.7259512, 20.1345458], [85.7260306, 20.1346461], [85.7260411, 20.1346594], [85.726083, 20.1348133], [85.7260839, 20.1348318], [85.7260871, 20.1348991], [85.7260573, 20.1350345], [85.7262031, 20.1353382], [85.7260242, 20.1355808], [85.7257595, 20.1357778], [85.7257987, 20.1362568], [85.7258217, 20.1363609], [85.7258344, 20.1364475], [85.7258443, 20.1365139], [85.7257034, 20.136713], [85.7254525, 20.1370674], [85.7253653, 20.1371933], [85.7253625, 20.1372013], [85.7252968, 20.1373917], [85.7251906, 20.1375128], [85.7248342, 20.1378038], [85.7240045, 20.1380824], [85.7230276, 20.1382334], [85.7224849, 20.1384915], [85.7222388, 20.1387652], [85.7220876, 20.1391211], [85.7219822, 20.1397301], [85.7215174, 20.1404269], [85.7208336, 20.1409686], [85.7205957, 20.1414006], [85.7205392, 20.1418881], [85.7207659, 20.142242], [85.7212284, 20.1424306], [85.722063, 20.1427303], [85.7224821, 20.1429502], [85.7226088, 20.1433382], [85.7226314, 20.1434075], [85.7227192, 20.1437921], [85.7227982, 20.1441337], [85.7228071, 20.1441722], [85.7228933, 20.1453249], [85.7230821, 20.1456288], [85.7235152, 20.1458985], [85.7235163, 20.1459017], [85.7235993, 20.1461566], [85.7236847, 20.1464046], [85.7236881, 20.1464147], [85.7240646, 20.1465802], [85.7243715, 20.1464965], [85.724683, 20.1464129], [85.7250271, 20.146447], [85.72523, 20.1468008], [85.7252324, 20.1468107], [85.7253318, 20.1472262], [85.7254359, 20.1476373], [85.7254384, 20.1476474], [85.7255695, 20.1480052], [85.7260194, 20.1479723], [85.7262616, 20.1481683], [85.7263314, 20.1484264], [85.7265726, 20.1487488], [85.7271906, 20.1492367], [85.7283925, 20.1496745], [85.7293706, 20.1499843], [85.7303487, 20.1502894], [85.7307284, 20.1503477], [85.7324128, 20.1506069], [85.7340925, 20.1505105], [85.7379712, 20.1500051], [85.7402343, 20.1493573], [85.7420668, 20.1489743], [85.7439765, 20.1485755], [85.7449365, 20.1481533], [85.7477047, 20.1465422], [85.7487554, 20.1461431], [85.7491548, 20.1458524], [85.7492083, 20.1445336], [85.7491868, 20.1442354], [85.7491733, 20.1441368], [85.7491732, 20.1441355], [85.749173, 20.1441343], [85.7491232, 20.1438757], [85.7491227, 20.1438732], [85.749071, 20.1437599], [85.7490143, 20.1436691], [85.7489291, 20.1435601], [85.748882, 20.1434694], [85.7488817, 20.1434681], [85.7488681, 20.1434061], [85.7488592, 20.1433442], [85.7488591, 20.1433429], [85.7488748, 20.143176], [85.7489139, 20.1424491], [85.7489378, 20.1418661], [85.7489614, 20.1412882], [85.7489529, 20.141157], [85.7489397, 20.1410258], [85.7488978, 20.1408765], [85.7488648, 20.1408131], [85.748861, 20.1408104], [85.7486745, 20.1406807], [85.7485908, 20.1406244], [85.7485794, 20.1406168], [85.7486233, 20.1404299], [85.748713, 20.1400485], [85.7495735, 20.1401088], [85.749975, 20.140157], [85.7499945, 20.14023], [85.7500028, 20.140261], [85.7500397, 20.1404419], [85.7500587, 20.140445], [85.7501256, 20.140456], [85.7502088, 20.1403616], [85.7502126, 20.1403573], [85.7505677, 20.1403206], [85.7507416, 20.1403027], [85.7507439, 20.1403025], [85.7507518, 20.1403235], [85.7507954, 20.1404383], [85.7508151, 20.1405641], [85.7508272, 20.1406418], [85.7508279, 20.1406525], [85.7508483, 20.1410123], [85.7508645, 20.1413874], [85.7509525, 20.1417405], [85.7510366, 20.1419985], [85.7510371, 20.1420019], [85.7510956, 20.1423919], [85.7520491, 20.1421954], [85.7520484, 20.1421423], [85.7520401, 20.1415132], [85.7520701, 20.1413463], [85.7520802, 20.1412831], [85.7520903, 20.1412244], [85.7520897, 20.141211], [85.7520862, 20.1411297], [85.7519385, 20.1410608], [85.7519659, 20.1406272], [85.7520583, 20.1404156], [85.7523737, 20.140472], [85.753528, 20.1408822], [85.7536489, 20.1407024], [85.7544496, 20.141083], [85.7544873, 20.1410343], [85.7546235, 20.1408584], [85.7557028, 20.1410783], [85.7558275, 20.1410385], [85.7559087, 20.1410346], [85.7560089, 20.1410714], [85.756104, 20.1411534], [85.7563072, 20.1414756], [85.7568425, 20.1415291], [85.7570036, 20.1417153], [85.7571361, 20.1418925], [85.7572543, 20.1420741], [85.757306, 20.142192], [85.7573573, 20.1423549], [85.7574085, 20.1425359], [85.7574038, 20.1425671], [85.7573984, 20.1426036], [85.7573693, 20.1426576], [85.7573161, 20.142725], [85.7573061, 20.1427883], [85.7573477, 20.1429603], [85.7573701, 20.1431501], [85.7573406, 20.1432402], [85.7573116, 20.1432987], [85.7572823, 20.1433572], [85.7571952, 20.1435012], [85.7573937, 20.1437872], [85.757371, 20.1438022], [85.7571292, 20.1439615], [85.7572704, 20.1442697], [85.7574026, 20.1444874], [85.7574782, 20.1445964], [85.7576017, 20.1447192], [85.7577203, 20.144842], [85.757796, 20.1449375], [85.7578813, 20.1450555], [85.7579331, 20.1451553], [85.7579415, 20.1451921], [85.7579886, 20.1453996], [85.7580944, 20.1459244], [85.7576971, 20.1459532], [85.7573047, 20.145982], [85.7570843, 20.1460211], [85.7563794, 20.146233], [85.7561588, 20.1463082], [85.756015, 20.1463569], [85.7559047, 20.1463742], [85.7556319, 20.1463949], [85.7554838, 20.1463893], [85.7553753, 20.1461762], [85.7544644, 20.1464452], [85.7539228, 20.1465815], [85.7534535, 20.146646], [85.7531777, 20.1464408], [85.7527024, 20.1466679], [85.7532905, 20.1478916], [85.7534693, 20.1482679], [85.7535353, 20.1483859], [85.7536063, 20.1484766], [85.7536824, 20.1485404], [85.7537444, 20.148577], [85.7537675, 20.14858], [85.7538542, 20.1485913], [85.7540456, 20.1485791], [85.7541541, 20.1487787], [85.7542074, 20.1489478], [85.7543407, 20.1493718], [85.7547613, 20.149411], [85.7549579, 20.1499499], [85.7546751, 20.1500382], [85.7546076, 20.1507018], [85.7546634, 20.1509145], [85.7548277, 20.1512906], [85.7548795, 20.1513949], [85.7549314, 20.1514991], [85.75495, 20.1515761], [85.7549955, 20.1518655], [85.7546885, 20.1519537], [85.7546878, 20.1519583], [85.7546534, 20.1521703], [85.7546135, 20.1523823], [85.7546127, 20.1524772], [85.7546495, 20.1526491], [85.7547999, 20.1530025], [85.7548011, 20.1530045], [85.7548424, 20.1530751], [85.7548534, 20.1530815], [85.7549375, 20.1531299], [85.7550047, 20.1531079], [85.7550627, 20.1530407], [85.7551156, 20.1529958], [85.7551207, 20.1529964], [85.7551963, 20.1530053], [85.7551969, 20.1530055], [85.7551977, 20.1530062], [85.7552633, 20.153069], [85.7552868, 20.1530703], [85.7553589, 20.1530742], [85.7554553, 20.1529981], [85.7555524, 20.1528046], [85.75564, 20.1526245], [85.7556837, 20.1525435], [85.7557509, 20.1525077], [85.7562585, 20.1524436], [85.7564069, 20.1524447], [85.7568373, 20.1524613], [85.7571187, 20.153159], [85.7573007, 20.1531422], [85.757459, 20.153071], [85.7575307, 20.153076], [85.7578066, 20.1532858], [85.7579638, 20.1533682], [85.7585269, 20.1535258], [85.7590717, 20.1536019], [85.7600136, 20.1536718], [85.7601932, 20.153953], [85.7605723, 20.1537841], [85.7609554, 20.1537371], [85.7616448, 20.1536742], [85.7623388, 20.1536158], [85.7624654, 20.1533367], [85.7635514, 20.1533352], [85.7636069, 20.1535705], [85.7644869, 20.1536038], [85.7644496, 20.1538598], [85.7643475, 20.1545623], [85.7642289, 20.1553773], [85.7641158, 20.1557741], [85.7641152, 20.1557776], [85.7640139, 20.1562928], [85.7640111, 20.1563064], [85.7639337, 20.1564143], [85.7637552, 20.1565938], [85.763529, 20.1567864], [85.7634329, 20.15684], [85.7633368, 20.1568934], [85.7629604, 20.1573019], [85.7625174, 20.1576783], [85.7625016, 20.1576937], [85.7621579, 20.1580252], [85.762122, 20.1580594], [85.7620014, 20.1581942], [85.7619044, 20.1583651], [85.7618263, 20.1585543], [85.7617531, 20.1587436], [85.7616389, 20.1592577], [85.7616335, 20.1592715], [85.7615854, 20.1593886], [85.7615392, 20.1595119], [85.7615364, 20.159519], [85.7614448, 20.1596267], [85.7613672, 20.1597392], [85.7613464, 20.1598454], [85.7613423, 20.1598659], [85.7613487, 20.1598914], [85.7613841, 20.1600375], [85.7615689, 20.1605914], [85.761585, 20.16064], [85.7616465, 20.1607308], [85.7616932, 20.1608709], [85.7616933, 20.1608773], [85.7616957, 20.1611693], [85.7617044, 20.1613838], [85.7617073, 20.1615169], [85.7617237, 20.1618603], [85.7617269, 20.1618875], [85.7617775, 20.1623173], [85.7619302, 20.1629734], [85.7619316, 20.1629785], [85.7620602, 20.1634845], [85.7622567, 20.1640553], [85.7622658, 20.1640826], [85.7623163, 20.1642091], [85.762491, 20.1646485], [85.7627123, 20.1652005], [85.7627163, 20.1652105], [85.7628192, 20.1655139], [85.7629075, 20.1658443], [85.7631087, 20.1670111], [85.7632707, 20.1676991], [85.7635473, 20.1684238], [85.7638002, 20.1683638], [85.7652201, 20.1680288], [85.7666406, 20.1676896], [85.7668929, 20.1676293], [85.7670657, 20.1675628], [85.767155, 20.1675334], [85.7674018, 20.1674524], [85.7674157, 20.1674478], [85.7675834, 20.1674218], [85.767751, 20.1673959], [85.7681385, 20.1673986], [85.7683922, 20.1673914], [85.7684185, 20.1673942], [85.7694086, 20.1675019], [85.7694581, 20.1675072], [85.7701267, 20.167652], [85.77107, 20.1679085], [85.7710816, 20.1679116], [85.7710911, 20.1679136], [85.7714301, 20.1679863], [85.7720181, 20.1680627], [85.7722132, 20.1680954], [85.7725532, 20.1681523], [85.7726527, 20.1681601], [85.7731795, 20.1682018], [85.774139, 20.1682166], [85.7742367, 20.1682181], [85.7749877, 20.168228], [85.7752031, 20.1682159], [85.7754185, 20.1682084], [85.7758401, 20.1681164], [85.7766076, 20.1678507], [85.7769245, 20.1677129], [85.7770242, 20.1677017], [85.7772214, 20.1676792], [85.7772692, 20.1676778], [85.7785277, 20.1676518], [85.7789821, 20.1676435], [85.7790683, 20.1676423], [85.77937, 20.1676172], [85.7797243, 20.1675609], [85.7801704, 20.1674104], [85.7806173, 20.1671787], [85.7810543, 20.1669649], [85.7812371, 20.1668351], [85.7813079, 20.1667609], [85.7814299, 20.1666331], [85.7815239, 20.1665152], [85.7816666, 20.1663363], [85.7817735, 20.1662018], [85.7818985, 20.1660443], [85.7822226, 20.1656038], [85.7827881, 20.1642299], [85.7831943, 20.164305], [85.7831798, 20.1636951], [85.7834724, 20.163584], [85.7834458, 20.1633854], [85.7834228, 20.1632134], [85.7832829, 20.1627471], [85.782867, 20.1627036], [85.7828645, 20.1623964], [85.782867, 20.1620893], [85.7828125, 20.1617093], [85.7827043, 20.1614827], [85.7825194, 20.1612646], [85.7823297, 20.1610509], [85.782021, 20.1607551], [85.7817733, 20.1606044], [85.7817526, 20.1605972], [85.7810641, 20.1603599], [85.7810244, 20.1603462], [85.7807239, 20.1602132], [85.7805718, 20.1601037], [85.7804485, 20.1599672], [85.7802923, 20.1597494], [85.7801784, 20.1596131], [85.7801028, 20.1594951], [85.7801008, 20.1594676], [85.7800941, 20.1593776], [85.7801011, 20.1591022], [85.7798252, 20.1588923], [85.77975, 20.1587337], [85.7797482, 20.1587243], [85.7797395, 20.1586773], [85.779672, 20.158313], [85.7793276, 20.1583107], [85.7792628, 20.1580302], [85.7816635, 20.1575001], [85.7817966, 20.1574816], [85.7823638, 20.1574029], [85.7826548, 20.1573624], [85.7830618, 20.1573111], [85.7841397, 20.1571288], [85.7850446, 20.157013], [85.7851629, 20.157181], [85.7851944, 20.1574568], [85.7852023, 20.157476], [85.7855269, 20.1582587], [85.7855325, 20.1582723], [85.7864613, 20.1581612], [85.7872853, 20.1580314], [85.7876973, 20.1579438], [85.7877623, 20.1579265], [85.7878459, 20.1579042], [85.7879166, 20.1578847], [85.7879898, 20.1578645], [85.7883011, 20.157646], [85.7884804, 20.1575201], [85.7886533, 20.1573646], [85.7889042, 20.157139], [85.7894294, 20.1566458], [85.7888265, 20.1560589], [85.7896393, 20.1554997], [85.7896754, 20.1554683], [85.7898607, 20.155307], [85.7900217, 20.1551643], [85.790063, 20.1551277], [85.7904728, 20.1547239], [85.7907011, 20.1549061], [85.7910476, 20.1546149], [85.7911852, 20.154783], [85.7914493, 20.1546313], [85.7913457, 20.1544274], [85.7918352, 20.1542318], [85.7925448, 20.1540198], [85.7933316, 20.1537135], [85.7940612, 20.1533978], [85.7955157, 20.1527572], [85.7961639, 20.1524228], [85.7964763, 20.1522398], [85.7966732, 20.1521462], [85.7969033, 20.1520755], [85.7970853, 20.1520587], [85.7972672, 20.1520419], [85.7976984, 20.1519544], [85.798542, 20.1529182], [85.7988839, 20.1533088], [85.7996482, 20.1528396], [85.7999844, 20.15328], [85.800042, 20.1533569], [85.8003676, 20.1537913], [85.8004682, 20.1539371], [85.8007837, 20.1544342], [85.8007888, 20.1544424], [85.8010059, 20.1548098], [85.8011766, 20.1550278], [85.8014803, 20.155337], [85.8015643, 20.1554289], [85.8016123, 20.1554816], [85.8017745, 20.1556599], [85.8018831, 20.1558412], [85.801889, 20.1558488], [85.8019636, 20.1559499], [85.8020428, 20.1560468], [85.8020489, 20.1560547], [85.8020865, 20.1561362], [85.8021108, 20.1562753], [85.8021949, 20.1568108], [85.8021961, 20.1568191], [85.8022375, 20.1570318], [85.8022758, 20.1571761], [85.8022794, 20.15719], [85.8024306, 20.1574532], [85.8026623, 20.1577981], [85.8026817, 20.1578226], [85.8028328, 20.1580158], [85.8029858, 20.1582071], [85.8030035, 20.1582296], [85.8034546, 20.1586708], [85.8039576, 20.1592118], [85.8041614, 20.1594617], [85.8042756, 20.1595438], [85.8043851, 20.1596033], [85.8046523, 20.159691], [85.8048292, 20.1597102], [85.8049804, 20.1597014], [85.8047109, 20.1602099], [85.804566, 20.1603645], [85.8040395, 20.160847], [85.8035666, 20.1611522], [85.8030934, 20.1613449], [85.8026128, 20.1615356], [85.8024449, 20.1617148], [85.8023915, 20.1618904], [85.8023991, 20.162062], [85.8025288, 20.1622871], [85.8027731, 20.1623348], [85.8030705, 20.1623252], [85.8034902, 20.1621916], [85.8037878, 20.1620085], [85.8041463, 20.1618788], [85.8043751, 20.1616958], [85.8046193, 20.161629], [85.8049169, 20.1616176], [85.8051, 20.1616691], [85.8052297, 20.1618942], [85.8052526, 20.1622966], [85.8051991, 20.1625865], [85.8049779, 20.1630557], [85.8045812, 20.1635898], [85.8041081, 20.1639541], [85.8036961, 20.1642002], [85.8029256, 20.164633], [85.8026357, 20.1648754], [85.8023839, 20.165169], [85.8022923, 20.1654075], [85.8023076, 20.1656383], [85.8024371, 20.1659206], [85.802689, 20.1661399], [85.8030019, 20.1663592], [85.8033069, 20.1665195], [85.8035588, 20.1666816], [85.8037571, 20.1671356], [85.8037723, 20.167538], [85.8037876, 20.1678833], [85.8038029, 20.1681713], [85.8038181, 20.1685737], [85.8038333, 20.1688598], [85.8040164, 20.1690257], [85.8042683, 20.1691898], [85.80452, 20.169411], [85.8047719, 20.1696303], [85.8049015, 20.1699127], [85.8051075, 20.1703667], [85.8052982, 20.1705898], [85.8057254, 20.1706871], [85.8063282, 20.1707214], [85.8068393, 20.1708625], [85.8071902, 20.1710343], [85.8074421, 20.1713699], [85.8075259, 20.1719421], [85.8074954, 20.1726345], [85.8075564, 20.1730733], [85.8075869, 20.173264], [85.807732, 20.1738934], [85.807999, 20.1744007], [85.8083957, 20.1752494], [85.808533, 20.1756462], [85.8086092, 20.1759896], [85.8085101, 20.1765121], [85.8081515, 20.1766419], [85.8077929, 20.1767124], [85.8073657, 20.1766723], [85.8070682, 20.1767411], [85.8068926, 20.1768631], [85.8069079, 20.1772655], [85.8071596, 20.1774868], [85.8074648, 20.177647], [85.80777, 20.1777501], [85.8080752, 20.1777386], [85.8099047, 20.1772838], [85.8106056, 20.177832], [85.8117602, 20.1779149], [85.8125014, 20.1783126], [85.8124621, 20.1783604], [85.8126528, 20.1786542], [85.8127749, 20.1787649], [85.8130267, 20.1788697], [85.8133242, 20.1788583], [85.813454, 20.1787916], [85.8135607, 20.1787343], [85.8137972, 20.1784939], [85.8140262, 20.1783128], [85.8142093, 20.1783052], [85.8142779, 20.1784748], [85.8141635, 20.1786522], [85.8138736, 20.1789518], [85.8138278, 20.1792417], [85.8138964, 20.1795259], [85.8140871, 20.1796918], [85.8143313, 20.1797986], [85.8145143, 20.179791], [85.8148196, 20.1797795], [85.8150561, 20.1797127], [85.815407, 20.1794115], [85.815697, 20.179112], [85.8159335, 20.1790452], [85.8161777, 20.1790337], [85.8164294, 20.1791979], [85.816437, 20.1794859], [85.8162692, 20.1798367], [85.8161624, 20.1801306], [85.816109, 20.1803041], [85.8162005, 20.1809355], [85.8163913, 20.181273], [85.8166431, 20.1814371], [85.8170169, 20.1816526], [85.8174441, 20.1818661], [85.8176348, 20.181973], [85.81765, 20.1823775], [85.8175967, 20.182551], [85.8175509, 20.1828409], [85.8176195, 20.1830679], [85.8176882, 20.1832968], [85.8179476, 20.1836324], [85.8180696, 20.1836839], [85.8183138, 20.1837908], [85.8185656, 20.184012], [85.8187563, 20.1842352], [85.8189471, 20.1843993], [85.8191911, 20.1845632], [85.819359, 20.184588], [85.8194963, 20.184609], [85.8198015, 20.1846548], [85.8199923, 20.1848188], [85.820061, 20.1850477], [85.8200685, 20.1852786], [85.8201982, 20.1854463], [85.8202669, 20.185557], [85.8204501, 20.1856085], [85.8206331, 20.1857172], [85.8207019, 20.1858869], [85.8207094, 20.1861158], [85.8209535, 20.1861655], [85.8213808, 20.1862054], [85.821625, 20.1862532], [85.8217546, 20.1863639], [85.8217622, 20.1865355], [85.8217699, 20.186709], [85.8217242, 20.1870562], [85.8216783, 20.1873022], [85.8205872, 20.187388], [85.8199846, 20.1874701], [85.8186646, 20.1877523], [85.8171693, 20.1881566], [85.8165131, 20.1884694], [85.8158037, 20.1888433], [85.8149262, 20.1894537], [85.8160782, 20.1910787], [85.8159867, 20.1917177], [85.8158952, 20.192124], [85.8156205, 20.1944967], [85.8156585, 20.1954732], [85.8157311, 20.1970257], [85.8157271, 20.1970258], [85.8152466, 20.1972185], [85.8144683, 20.1973635], [85.8138656, 20.1974454], [85.8131484, 20.1976439], [85.8127898, 20.197846], [85.8127669, 20.1986967], [85.8130035, 20.1998982], [85.8130873, 20.2001443], [85.813133, 20.2002816], [85.8133468, 20.2009206], [85.8138274, 20.2019964], [85.8138352, 20.2020223], [85.8142393, 20.203364], [85.8144148, 20.2039572], [85.8130109, 20.2043328], [85.8117445, 20.2046113], [85.8103178, 20.2051281], [85.809242, 20.2055745], [85.808296, 20.2060704], [85.8075863, 20.2064441], [85.8076322, 20.2066502], [85.8079603, 20.2082161], [85.8081892, 20.2093015], [85.808334, 20.2096981], [85.808395, 20.2098679], [85.8084686, 20.2100921], [85.8086011, 20.2104954], [85.8086185, 20.2106546], [85.8087079, 20.21147], [85.8087841, 20.2119279], [85.8094556, 20.2119603], [85.8102185, 20.2119564], [85.8109661, 20.2134557], [85.8113018, 20.2143274], [85.8115154, 20.2148747], [85.811279, 20.215056], [85.8108669, 20.2152448], [85.8107448, 20.2153077], [85.8101497, 20.2155614], [85.8095471, 20.2156433], [85.8090054, 20.2156643], [85.8082805, 20.2158074], [85.8073879, 20.216187], [85.8070063, 20.2163395], [85.8070446, 20.2165569], [85.8078151, 20.2176098], [85.8091655, 20.2195744], [85.8105311, 20.2217106], [85.8118739, 20.2233872], [85.812202, 20.2240643], [85.8124919, 20.2250905], [85.8128274, 20.225884], [85.8133462, 20.2267862], [85.8143151, 20.2282453], [85.8129495, 20.2288175], [85.8121027, 20.2289071], [85.8114617, 20.229794], [85.8110269, 20.2305608], [85.81063, 20.2313257], [85.8102333, 20.2320333], [85.8099587, 20.2325615], [85.8094856, 20.2329831], [85.8090737, 20.2332864], [85.8087761, 20.233355], [85.8084709, 20.233252], [85.808036, 20.2329812], [85.8075401, 20.2328285], [85.8071129, 20.2326702], [85.8057854, 20.2327789], [85.8043968, 20.2328343], [85.8040154, 20.2327962], [85.8033516, 20.2326435], [85.8022454, 20.2322829], [85.8008873, 20.2316439], [85.8010551, 20.231234], [85.8017723, 20.2294791], [85.8021615, 20.2287143], [85.8026727, 20.2276005], [85.8027031, 20.2271389], [85.8025355, 20.226109], [85.8025049, 20.225304], [85.8024591, 20.2243256], [85.8024972, 20.2238048], [85.8023675, 20.2234653], [85.8017953, 20.2228531], [85.8004144, 20.22164], [85.7998423, 20.2210277], [85.799766, 20.2206862], [85.7997431, 20.2202247], [85.799972, 20.2198127], [85.800262, 20.2194579], [85.8004297, 20.2192213], [85.8003458, 20.2187065], [85.7996821, 20.2171748], [85.7989879, 20.2162707], [85.7989115, 20.2161677], [85.7965616, 20.2172892], [85.7949519, 20.2170699], [85.7942652, 20.2151968], [85.7937693, 20.2133715], [85.7937541, 20.2130854], [85.794517, 20.2124788], [85.7952114, 20.2119391], [85.7950054, 20.2110216], [85.7947765, 20.2099936], [85.7943645, 20.2088568], [85.7936398, 20.2087709], [85.7932583, 20.208851], [85.792976, 20.2089121], [85.7915493, 20.2096006], [85.7902446, 20.210169], [85.7901361, 20.2102075], [85.7897029, 20.2103616], [85.7895197, 20.2103865], [85.788505, 20.2105237], [85.7877803, 20.2106667], [85.7864604, 20.2110062], [85.7855296, 20.2109719], [85.7849498, 20.2095109], [85.7843393, 20.2080364], [85.783813, 20.2069054], [85.7832485, 20.2064534], [85.7830653, 20.206417], [85.7827144, 20.2066594], [85.7823634, 20.2070198], [85.7818828, 20.2070427], [85.7812801, 20.207119], [85.7804332, 20.2072658], [85.7789835, 20.2077351], [85.7776407, 20.2084102], [85.77716, 20.2086029], [85.7766871, 20.2088507], [85.7762675, 20.2089824], [85.7756647, 20.2091216], [85.7750086, 20.2092628], [85.7741694, 20.2094668], [85.7732691, 20.2096747], [85.7726129, 20.2098159], [85.7718958, 20.2100733], [85.7714761, 20.2102049], [85.7710489, 20.210222], [85.7706979, 20.210409], [85.7705225, 20.2105292], [85.7699655, 20.2106798], [85.769645, 20.2098158], [85.7691644, 20.2085665], [85.7688898, 20.2077138], [85.7685541, 20.2069204], [85.7683405, 20.2061232], [85.7681956, 20.2055529], [85.7680201, 20.2042922], [85.7676768, 20.2032125], [85.7671427, 20.2020242], [85.766746, 20.2012345], [85.7661051, 20.2003954], [85.7658077, 20.2005422], [85.765098, 20.200895], [85.7637323, 20.2015817], [85.7626108, 20.2022016], [85.7614817, 20.2027622], [85.7605356, 20.2032009], [85.759704, 20.203695], [85.7584604, 20.2043186], [85.7582621, 20.2043529], [85.7580408, 20.204393], [85.7575067, 20.2033192], [85.7570719, 20.2014365], [85.7567744, 20.2000671], [85.7563548, 20.1987014], [85.7558131, 20.1972823], [85.7556071, 20.1965804], [85.7553554, 20.1964946], [85.7551113, 20.196447], [85.7548671, 20.1962829], [85.7544933, 20.1960673], [85.7543788, 20.1959949], [85.7542414, 20.1959052], [85.7539897, 20.1957412], [85.753631, 20.1958137], [85.7533946, 20.1959378], [85.7531581, 20.1959472], [85.7529139, 20.1959567], [85.7526698, 20.1958518], [85.7524256, 20.1958613], [85.7521204, 20.1958727], [85.7518229, 20.1959414], [85.7515863, 20.1961245], [85.7513575, 20.196363], [85.751121, 20.1964869], [85.7508769, 20.1965537], [85.7507014, 20.1965614], [85.7504038, 20.1967463], [85.7501673, 20.1969847], [85.7500605, 20.1972764], [85.749885, 20.1974559], [85.7497094, 20.1975207], [85.7495417, 20.1975665], [85.7492823, 20.197536], [85.7491983, 20.1974805], [85.7490381, 20.1973738], [85.7487788, 20.1970954], [85.748588, 20.1968149], [85.7483974, 20.1964773], [85.7483058, 20.1958479], [85.7481608, 20.1951632], [85.7479471, 20.1943659], [85.747459, 20.1928306], [85.7473598, 20.1924051], [85.7472301, 20.1918634], [85.747108, 20.1913752], [85.7469783, 20.190803], [85.746803, 20.1902005], [85.7467953, 20.1901735], [85.7467817, 20.1901205], [85.7461468, 20.1903553], [85.7439027, 20.1901903], [85.7424932, 20.1908483], [85.7406115, 20.1916753], [85.7393864, 20.1916721], [85.7389382, 20.1923936], [85.7395752, 20.1935764], [85.7400612, 20.1949662], [85.7398236, 20.1956294], [85.7384976, 20.1965627], [85.7377878, 20.1973949], [85.7376163, 20.1983573], [85.7379938, 20.199701], [85.7378028, 20.2002113], [85.7372841, 20.2005331], [85.7361097, 20.2003945], [85.7359992, 20.2003814], [85.7338592, 20.2001618], [85.7332916, 20.2005861], [85.73271, 20.2019163], [85.7319295, 20.2023489], [85.7303191, 20.2020586], [85.7291601, 20.2023546], [85.7280227, 20.2031528], [85.7278403, 20.2038642], [85.7281537, 20.2049588], [85.7288036, 20.2064431], [85.729234, 20.2102497], [85.7294771, 20.2109447], [85.7300466, 20.2130356], [85.7304141, 20.2153859], [85.7297683, 20.2164672], [85.7290583, 20.2172993], [85.7289048, 20.2177761], [85.729518, 20.2184066], [85.7303727, 20.2188835], [85.7304459, 20.2189243], [85.7318882, 20.2190198], [85.7336748, 20.2184482], [85.7350424, 20.2180434], [85.7356447, 20.2184227], [85.7364435, 20.2196497], [85.7366974, 20.2205956], [85.7368132, 20.220875], [85.7378271, 20.2233191], [85.7381712, 20.225117], [85.7384824, 20.2261613], [85.7384462, 20.2263926], [85.7381481, 20.2282872], [85.7375455, 20.2303729], [85.736726, 20.2323664], [85.736704, 20.2324677], [85.7360165, 20.2356464], [85.7356332, 20.2378747], [85.735771, 20.2398314], [85.7369113, 20.2424916], [85.7371516, 20.2429133], [85.7374302, 20.2434023], [85.7388913, 20.2463897], [85.7362026, 20.2476753], [85.7343924, 20.2483234], [85.7339462, 20.2490951], [85.7344198, 20.2508126], [85.7353832, 20.2525516], [85.7358933, 20.2534727], [85.7367395, 20.2551757], [85.7385099, 20.2573889], [85.7389529, 20.2579428], [85.7371902, 20.2592183], [85.7354672, 20.2598565], [85.7341421, 20.2603525], [85.7334273, 20.2609519], [85.7333848, 20.2615256], [85.7338936, 20.262396], [85.7352146, 20.2633622], [85.735301, 20.2638038], [85.7346535, 20.2644007], [85.7324118, 20.2655039], [85.7291537, 20.2664553], [85.7273744, 20.2673499], [85.7255224, 20.2681202], [85.7242107, 20.2689333], [85.7237823, 20.2696299], [85.7237703, 20.2696493], [85.7237988, 20.271873], [85.7242962, 20.2756041], [85.7250116, 20.2797083], [85.7257135, 20.2834953], [85.7260316, 20.2846271], [85.7258393, 20.2854034], [85.7255584, 20.2865365], [85.724398, 20.2885197], [85.7229003, 20.2889266], [85.7220365, 20.2899768], [85.7207859, 20.289866], [85.7196169, 20.2893068], [85.7167483, 20.2922771], [85.7157895, 20.2903434], [85.7145824, 20.2865439], [85.7126774, 20.2806101], [85.7123285, 20.2795429], [85.7118114, 20.2761303], [85.7109182, 20.2706186], [85.7105457, 20.2682174], [85.7112868, 20.2666635], [85.7110705, 20.2647649], [85.7108325, 20.2623587], [85.7114228, 20.2604292], [85.7110777, 20.2586627], [85.7117061, 20.2576216], [85.7128778, 20.2566868], [85.7141784, 20.2556201], [85.7146616, 20.2543303], [85.7133064, 20.254128], [85.7101983, 20.2538656], [85.7089994, 20.2541657], [85.7082092, 20.2545772], [85.7075316, 20.2544761], [85.7066655, 20.2539054], [85.7056754, 20.2527992], [85.7039924, 20.2528], [85.7018952, 20.2525622], [85.7001587, 20.2528829], [85.6987827, 20.2537617], [85.6975191, 20.2541277], [85.6950812, 20.255365], [85.6943638, 20.2568417], [85.6937045, 20.2582237], [85.6921231, 20.2590472], [85.6928088, 20.2603779], [85.6906068, 20.2613947], [85.6906395, 20.2621566], [85.6909991, 20.264263], [85.6901561, 20.2660488], [85.6900176, 20.2691069], [85.6897043, 20.2743766], [85.6888735, 20.2754529], [85.6872021, 20.27628], [85.6830984, 20.276945], [85.6785218, 20.2791546], [85.6757388, 20.2812956], [85.673809, 20.2823867], [85.6712978, 20.2824821], [85.6701464, 20.2828651], [85.669214, 20.2841725], [85.668145, 20.2843828], [85.6662434, 20.2840309], [85.6655439, 20.2844815], [85.6646797, 20.2852775], [85.6640663, 20.28564], [85.6568746, 20.2869867], [85.655325, 20.2885719], [85.6543816, 20.2896253], [85.6551784, 20.2914607], [85.6554119, 20.292724], [85.6547984, 20.2931336], [85.6529472, 20.2939669], [85.6516379, 20.2948646], [85.6484302, 20.2933746], [85.6457642, 20.2919491], [85.6458363, 20.2936424]]]}}, {"type": "Feature", "properties": {"OBJECTID": 400, "state": "ODISHA", "district": "Khordha", "stcode11": "21", "dtcode11": "386", "blkcode11": "0175", "block_name": "KHORDHA", "code2011": "213860175", "block_lgd": 3464, "block_ver": 1, "dist_lgd": 362, "b_pan_code": 3827, "state_lgd": 21, "shape_Length": 131550.4771783659, "shape_Area": 333472733.63597083}, "geometry": {"type": "Polygon", "coordinates": [[[85.5300847, 20.2254408], [85.5291157, 20.2265215], [85.5282298, 20.2296017], [85.5277787, 20.2320563], [85.5287431, 20.2341391], [85.5285255, 20.234279], [85.5277441, 20.2354399], [85.5270407, 20.2360687], [85.5268381, 20.2358218], [85.5256197, 20.2353446], [85.5253183, 20.2347462], [85.5251028, 20.234586], [85.52426, 20.2342689], [85.5234838, 20.2333398], [85.5224496, 20.2328558], [85.5219606, 20.2321773], [85.5200403, 20.2303329], [85.5178763, 20.2292811], [85.5168097, 20.2280145], [85.5178881, 20.2271996], [85.5178628, 20.226591], [85.5174694, 20.2259961], [85.5178899, 20.2250229], [85.518498, 20.2241298], [85.5189221, 20.2232434], [85.520752, 20.2229144], [85.5220514, 20.2231276], [85.5232081, 20.2221269], [85.5252961, 20.2213532], [85.5269456, 20.2211179], [85.5281455, 20.2211606], [85.5291327, 20.2205146], [85.5297553, 20.2199691], [85.5299916, 20.2190026], [85.5302351, 20.21821], [85.5299048, 20.2169161], [85.529044, 20.2161645], [85.5279899, 20.2129821], [85.5267951, 20.2108497], [85.5250483, 20.2087378], [85.5233972, 20.2067095], [85.522798, 20.2055996], [85.5218958, 20.2060684], [85.5207464, 20.207243], [85.5194834, 20.2078991], [85.5175128, 20.2092779], [85.5159448, 20.2092489], [85.5144091, 20.2100022], [85.5139525, 20.2101062], [85.5140312, 20.2095555], [85.5141846, 20.2088097], [85.5139753, 20.2082079], [85.5138707, 20.2079071], [85.5138581, 20.2076029], [85.5139781, 20.2071631], [85.5140079, 20.2067702], [85.5139953, 20.206466], [85.5141153, 20.2060262], [85.5140972, 20.2055915], [85.5137996, 20.2050802], [85.5136896, 20.2046489], [85.5137689, 20.2043412], [85.5136075, 20.2037812], [85.5128495, 20.2032869], [85.5124528, 20.2026051], [85.5121109, 20.2021388], [85.5121811, 20.2016138], [85.5124817, 20.2010804], [85.5127433, 20.2007224], [85.5127289, 20.2003747], [85.5123518, 20.200171], [85.5121641, 20.2000909], [85.5120171, 20.1998786], [85.5120008, 20.1994874], [85.5119865, 20.1991397], [85.5121046, 20.1986566], [85.5123168, 20.1982133], [85.5122156, 20.1979994], [85.5118277, 20.1975348], [85.5117231, 20.1972341], [85.5119171, 20.1963563], [85.5118396, 20.1955494], [85.5112893, 20.1956132], [85.510343, 20.1961271], [85.5096581, 20.196283], [85.5091484, 20.1962147], [85.5089094, 20.1960059], [85.5083645, 20.1962001], [85.5078674, 20.1964361], [85.5073623, 20.1963083], [85.5065477, 20.1955548], [85.5061148, 20.1940037], [85.5050946, 20.1927354], [85.5035774, 20.191703], [85.5034121, 20.1911922], [85.5032078, 20.1905609], [85.5017406, 20.1873937], [85.5008333, 20.1855117], [85.5002021, 20.1836196], [85.5003711, 20.1821333], [85.5004288, 20.1816044], [85.5003833, 20.1816244], [85.4988206, 20.1817389], [85.4974606, 20.1824109], [85.4973472, 20.1818476], [85.497223, 20.1812308], [85.4965662, 20.1789019], [85.4958804, 20.1758682], [85.4950516, 20.1738987], [85.4946057, 20.1721503], [85.4943463, 20.1703951], [85.493726, 20.1689474], [85.4930936, 20.167206], [85.4930476, 20.16609], [85.492763, 20.1634729], [85.4933782, 20.1632933], [85.4947575, 20.1635171], [85.4955392, 20.164351], [85.4962456, 20.1643642], [85.4968544, 20.164028], [85.4960198, 20.1629215], [85.4948376, 20.1614356], [85.4943453, 20.1595713], [85.4943, 20.1584749], [85.4942101, 20.1573018], [85.4945638, 20.1568182], [85.4958674, 20.1562211], [85.4980083, 20.1557892], [85.5002403, 20.1553459], [85.5001128, 20.1547324], [85.497553, 20.1492973], [85.4966428, 20.1468603], [85.4964749, 20.1458076], [85.494838, 20.1438679], [85.4945069, 20.1418802], [85.4946682, 20.1397565], [85.4947436, 20.1378127], [85.4959763, 20.1360025], [85.4968922, 20.1352093], [85.49611, 20.1343558], [85.4957482, 20.1331338], [85.4966753, 20.1322173], [85.4975567, 20.1309494], [85.4983858, 20.1299189], [85.4989782, 20.1291913], [85.4996547, 20.1289898], [85.500269, 20.1287907], [85.5006227, 20.128307], [85.5010092, 20.1271164], [85.5015686, 20.1270957], [85.5016919, 20.1255618], [85.5025417, 20.1235304], [85.5039643, 20.1203016], [85.5044179, 20.1192259], [85.5043363, 20.1187584], [85.5040828, 20.1186501], [85.5032699, 20.1185625], [85.5026984, 20.1182894], [85.5023657, 20.1177723], [85.5025017, 20.1172967], [85.5037522, 20.1174271], [85.5045966, 20.1182782], [85.5058714, 20.1189958], [85.5072558, 20.1193564], [85.5084905, 20.1194614], [85.5105026, 20.1195894], [85.5112203, 20.1203864], [85.5120027, 20.1212398], [85.5142001, 20.1216879], [85.5150582, 20.1213621], [85.5156481, 20.1205756], [85.5159371, 20.1200355], [85.5164317, 20.1199584], [85.5180343, 20.1210755], [85.5186584, 20.1211112], [85.5192654, 20.1207358], [85.5199795, 20.1199446], [85.5210837, 20.1195509], [85.5217029, 20.1194691], [85.5222794, 20.1198595], [85.5228254, 20.1210158], [85.523747, 20.1226525], [85.5255538, 20.1206899], [85.5270589, 20.1192107], [85.531417, 20.1124447], [85.5329998, 20.1099379], [85.5352665, 20.1064947], [85.5365707, 20.1048566], [85.5370414, 20.1042653], [85.5370552, 20.1032123], [85.5370053, 20.1029806], [85.5365324, 20.1007836], [85.5355991, 20.0971746], [85.5350905, 20.095087], [85.5350655, 20.0930383], [85.5347341, 20.0923105], [85.5343267, 20.0919546], [85.5353675, 20.0915155], [85.5356449, 20.0893288], [85.5349738, 20.086481], [85.5349971, 20.084826], [85.5357668, 20.0834046], [85.5365508, 20.0823309], [85.5366138, 20.0816322], [85.5359449, 20.0810476], [85.5352956, 20.0787212], [85.5356215, 20.0754882], [85.535547, 20.0714864], [85.5354335, 20.0709684], [85.5334595, 20.0699971], [85.5317614, 20.0690154], [85.5303644, 20.068632], [85.526698, 20.0690292], [85.5243222, 20.0694655], [85.521858, 20.0699921], [85.5199384, 20.0703243], [85.5189076, 20.0708141], [85.5172198, 20.070093], [85.5165447, 20.0696824], [85.5168251, 20.0672349], [85.5167313, 20.0649751], [85.5156769, 20.0639694], [85.5133465, 20.0632721], [85.5131661, 20.0633659], [85.5135393, 20.0612629], [85.5143505, 20.0586212], [85.5147688, 20.055385], [85.5148688, 20.0535499], [85.5147745, 20.0536008], [85.5136823, 20.0539023], [85.5117951, 20.0550167], [85.5093709, 20.0564991], [85.5074693, 20.0572657], [85.5067826, 20.0562465], [85.5059825, 20.0547092], [85.5052145, 20.0537886], [85.5052075, 20.0537803], [85.5053375, 20.0524697], [85.5035607, 20.0495756], [85.5013531, 20.0473938], [85.5004325, 20.0451645], [85.499081, 20.0436475], [85.4966734, 20.0433011], [85.4938241, 20.0434062], [85.4913567, 20.0438452], [85.4916647, 20.0446173], [85.4916435, 20.0460847], [85.4901537, 20.048155], [85.4893659, 20.0491416], [85.4884013, 20.0503088], [85.4882976, 20.0503981], [85.4877056, 20.0492011], [85.4874105, 20.0486043], [85.4864446, 20.0475081], [85.4866905, 20.0445395], [85.4863145, 20.0421159], [85.4858923, 20.0413328], [85.4857046, 20.0409846], [85.486815, 20.0400215], [85.4890435, 20.0385731], [85.4908562, 20.0381942], [85.493342, 20.0376746], [85.4964224, 20.0379026], [85.4983995, 20.0376589], [85.4999228, 20.0366349], [85.501782, 20.0364524], [85.5027492, 20.0364648], [85.5029267, 20.0364671], [85.5036894, 20.0359835], [85.5045997, 20.0346974], [85.5056466, 20.0338048], [85.5069435, 20.0331308], [85.5080872, 20.0316652], [85.5093829, 20.029511], [85.5110309, 20.0285961], [85.5117785, 20.0282556], [85.5141114, 20.027788], [85.515931, 20.0279113], [85.5179953, 20.0274536], [85.5187575, 20.0271266], [85.5197781, 20.0266885], [85.5223634, 20.0258303], [85.5232095, 20.0251635], [85.5234962, 20.0249249], [85.5242488, 20.0242989], [85.5250541, 20.0242691], [85.5258829, 20.0248101], [85.526212, 20.0262594], [85.5268395, 20.0268082], [85.5276447, 20.0267783], [85.529296, 20.0260815], [85.5316614, 20.0247864], [85.5323037, 20.0244269], [85.5333321, 20.0238512], [85.5352397, 20.022859], [85.5368868, 20.0220671], [85.5390976, 20.0210953], [85.5398848, 20.0208015], [85.5417445, 20.0201072], [85.54357, 20.0195627], [85.5439514, 20.0194895], [85.5460366, 20.0190896], [85.548258, 20.0183715], [85.5493787, 20.0178532], [85.5502903, 20.0171521], [85.5512019, 20.0164508], [85.5521951, 20.0160962], [85.5530311, 20.0160015], [85.5542848, 20.0154464], [85.5562583, 20.0139851], [85.5569754, 20.0134826], [85.5576947, 20.0129784], [85.5585016, 20.0121858], [85.5590171, 20.0116582], [85.5596331, 20.0111268], [85.5610505, 20.0104704], [85.5628502, 20.010044], [85.5632795, 20.0099423], [85.5651744, 20.0094584], [85.5662321, 20.008648], [85.5662115, 20.009872], [85.5662464, 20.0107665], [85.5664213, 20.01149], [85.5664214, 20.011491], [85.567248, 20.0120444], [85.5675281, 20.0127601], [85.5671806, 20.0131547], [85.566728, 20.0129928], [85.5664928, 20.0132738], [85.5664575, 20.0133162], [85.566556, 20.0135158], [85.5673553, 20.0144302], [85.5685225, 20.0153794], [85.5696335, 20.0167117], [85.5696571, 20.0169641], [85.5696988, 20.0174125], [85.5696141, 20.0179596], [85.5694299, 20.0191493], [85.5700811, 20.0205867], [85.5701823, 20.0220872], [85.5703508, 20.022581], [85.570946, 20.024325], [85.5715617, 20.0254682], [85.5717365, 20.0256955], [85.5721684, 20.025719], [85.572324, 20.0257274], [85.5727715, 20.0248817], [85.573639, 20.0235427], [85.5747454, 20.022761], [85.5747465, 20.0227608], [85.5751226, 20.0228089], [85.5752617, 20.0227032], [85.5764773, 20.0225671], [85.5770673, 20.022296], [85.5773687, 20.0222985], [85.5773463, 20.0220236], [85.5776813, 20.0215559], [85.5783725, 20.0217512], [85.5784609, 20.0216509], [85.5788456, 20.0217502], [85.5789256, 20.0212901], [85.5789616, 20.0210828], [85.5789952, 20.0200035], [85.580028, 20.0188915], [85.5801338, 20.0177449], [85.580044, 20.0158736], [85.5800292, 20.0155624], [85.5805459, 20.0123049], [85.5805398, 20.0118021], [85.5805308, 20.0110542], [85.5805293, 20.0109259], [85.5805158, 20.0097973], [85.5805915, 20.0089384], [85.5806009, 20.0088315], [85.5815542, 20.0085724], [85.5832458, 20.008062], [85.5843503, 20.007461], [85.5857453, 20.0069752], [85.5871294, 20.006652], [85.586217, 20.004463], [85.586089, 20.0032131], [85.5860105, 20.0024466], [85.586164, 20.0018289], [85.5864948, 20.0017231], [85.5873562, 20.0015764], [85.5874114, 20.0015358], [85.5882991, 20.0008836], [85.5886461, 20.0005478], [85.5887473, 20.0004536], [85.5889941, 20.0001213], [85.5889855, 19.9999993], [85.5886891, 19.9995586], [85.5886036, 19.9994316], [85.5886279, 19.999373], [85.5888085, 19.9989634], [85.589259, 19.9988179], [85.5897745, 19.9988717], [85.5899529, 19.99923], [85.5897828, 19.9995629], [85.5897793, 19.9995699], [85.5895637, 19.9999993], [85.5896928, 20.0000004], [85.5897533, 20.000177], [85.5898526, 20.0003088], [85.5900043, 20.0004501], [85.5902952, 20.0005156], [85.5905674, 20.0005359], [85.5910322, 20.0003769], [85.5916613, 20.0000431], [85.5921382, 20.0001508], [85.5924069, 20.0004299], [85.5928438, 20.0008837], [85.5932466, 20.0017949], [85.595098, 20.0047955], [85.59584, 20.006274], [85.5960118, 20.0073778], [85.5960075, 20.0075785], [85.5959956, 20.0081365], [85.5960123, 20.0084033], [85.5961125, 20.0084177], [85.5962366, 20.0084458], [85.5969045, 20.0085685], [85.597705, 20.0088368], [85.5984595, 20.0089106], [85.5991887, 20.0091333], [85.5998082, 20.0093278], [85.6004726, 20.0093285], [85.6012119, 20.0100165], [85.6013263, 20.0106192], [85.601454, 20.011292], [85.601427, 20.0115596], [85.601412, 20.0117076], [85.6015804, 20.0121245], [85.6018114, 20.0130344], [85.6019383, 20.0138168], [85.6020201, 20.0142872], [85.6021515, 20.0145638], [85.6025643, 20.0149058], [85.6035685, 20.0153791], [85.6045243, 20.0158464], [85.6046201, 20.0158933], [85.605271, 20.0163276], [85.6057539, 20.0168645], [85.6059973, 20.0174491], [85.6062485, 20.0179402], [85.6063731, 20.0181838], [85.6065825, 20.0188179], [85.6067331, 20.0190811], [85.606995, 20.0192051], [85.607229, 20.0193242], [85.6072567, 20.0193382], [85.6079714, 20.0195922], [85.6086211, 20.0196109], [85.609248, 20.0195345], [85.6100095, 20.0193553], [85.6105104, 20.0194541], [85.6109668, 20.0197377], [85.6113255, 20.020251], [85.6115961, 20.0204475], [85.6116742, 20.0204336], [85.6120605, 20.0203653], [85.6127944, 20.0200503], [85.6134167, 20.0199513], [85.6141495, 20.0197717], [85.6143414, 20.019692], [85.6145477, 20.0196121], [85.6144815, 20.0194192], [85.6144778, 20.0194084], [85.6144594, 20.0193132], [85.6132667, 20.0163494], [85.6120789, 20.0133679], [85.6109546, 20.010242], [85.6097135, 20.006266], [85.6088118, 20.0022747], [85.6086376, 20.000882], [85.6085123, 20.0004564], [85.6083767, 20.0001392], [85.6083014, 19.9999985], [85.6080755, 19.9995901], [85.6074216, 19.9984195], [85.6071157, 19.9978886], [85.6069753, 19.9975532], [85.6068749, 19.9972929], [85.6067743, 19.9970321], [85.6067108, 19.9966431], [85.6064156, 19.9959858], [85.606412, 19.9958593], [85.6065569, 19.995853], [85.6074075, 19.9958162], [85.6074733, 19.9958133], [85.6080041, 19.9957724], [85.6082675, 19.9957021], [85.6084261, 19.9956041], [85.6085236, 19.995379], [85.6086489, 19.9947069], [85.6087187, 19.9943777], [85.6088256, 19.9941797], [85.6090033, 19.9940727], [85.6091662, 19.9940288], [85.609362, 19.9940484], [85.6095712, 19.9941674], [85.609765, 19.9944084], [85.6101333, 19.9949128], [85.6103703, 19.9951315], [85.6106794, 19.9953101], [85.6108558, 19.9953431], [85.6110616, 19.9953131], [85.6112636, 19.9951656], [85.6113229, 19.9949492], [85.6113306, 19.9946014], [85.6112438, 19.9941626], [85.6111982, 19.9939094], [85.6112483, 19.9936476], [85.6113365, 19.9933999], [85.6113491, 19.9933862], [85.611486, 19.9932384], [85.6118136, 19.9929293], [85.6121399, 19.9927828], [85.6126756, 19.9927282], [85.6131966, 19.9927143], [85.6135836, 19.9927219], [85.6136549, 19.9933095], [85.6136485, 19.9934813], [85.6136903, 19.9938716], [85.6137104, 19.9940599], [85.6138337, 19.9947069], [85.6138945, 19.9948654], [85.6143887, 19.9957366], [85.6148603, 19.996445], [85.6152557, 19.9971348], [85.615605, 19.9976163], [85.6157656, 19.9978299], [85.616537, 19.9992498], [85.616734, 19.999667], [85.6168984, 20.0000071], [85.6170299, 20.0002746], [85.6171249, 20.0008852], [85.617827, 20.0036642], [85.6182657, 20.0065136], [85.6183643, 20.0067176], [85.6189035, 20.0068121], [85.6193075, 20.0065082], [85.6198007, 20.0069458], [85.6201879, 20.0074908], [85.6205307, 20.0081711], [85.6205003, 20.0089209], [85.6204048, 20.0105643], [85.6206147, 20.0116231], [85.6207618, 20.012365], [85.6215017, 20.0141054], [85.6221848, 20.0152491], [85.622762, 20.0159221], [85.6232072, 20.0163954], [85.6232855, 20.0167303], [85.6230338, 20.0170987], [85.6224699, 20.0176366], [85.622459, 20.0178801], [85.6224522, 20.0180338], [85.6228654, 20.0183261], [85.6233939, 20.0185606], [85.6237736, 20.0188616], [85.6242564, 20.0193985], [85.624773, 20.0204415], [85.625164, 20.0205485], [85.6256459, 20.0206516], [85.6259068, 20.0207672], [85.6261649, 20.0208815], [85.62623, 20.020961], [85.6269688, 20.0218634], [85.6278315, 20.0226879], [85.62843, 20.0236637], [85.6283966, 20.0242145], [85.6277293, 20.0250993], [85.62658, 20.0264683], [85.6265427, 20.0268925], [85.6264596, 20.0271043], [85.6264619, 20.0271465], [85.6264637, 20.0271809], [85.6264679, 20.0272578], [85.6264523, 20.0273115], [85.6264481, 20.0273256], [85.6264225, 20.0274014], [85.6263598, 20.0275867], [85.626132, 20.0279554], [85.6259632, 20.0281437], [85.6257946, 20.028278], [85.625588, 20.0284029], [85.6251801, 20.0285849], [85.6247823, 20.0287309], [85.6243643, 20.0289716], [85.6237767, 20.0294865], [85.6230015, 20.030131], [85.6227859, 20.030188], [85.6225751, 20.0302496], [85.6221721, 20.0304271], [85.6217598, 20.0305551], [85.6213482, 20.0306195], [85.6209553, 20.0307429], [85.6208069, 20.0307599], [85.6206149, 20.0308486], [85.6205089, 20.0309427], [85.6204468, 20.0309603], [85.6200819, 20.0316847], [85.6199902, 20.0317833], [85.6198027, 20.0319175], [85.6192849, 20.0320851], [85.6190825, 20.0322868], [85.6190387, 20.0323633], [85.6189246, 20.033406], [85.6189471, 20.0335644], [85.6190411, 20.0337459], [85.6195243, 20.0342376], [85.6197406, 20.0346368], [85.6199557, 20.0351986], [85.6200745, 20.0358274], [85.6202196, 20.0361673], [85.620347, 20.0363625], [85.6203988, 20.036426], [85.6201256, 20.0365367], [85.6194924, 20.0367983], [85.618703, 20.036878], [85.6182649, 20.0366938], [85.6181219, 20.0366295], [85.6176372, 20.0368651], [85.61699, 20.0370814], [85.6164153, 20.0371989], [85.616157, 20.0372194], [85.6154634, 20.0372728], [85.6148917, 20.037074], [85.6139316, 20.0369987], [85.6137405, 20.0369881], [85.6128836, 20.0371261], [85.6124569, 20.0375517], [85.6122905, 20.0377179], [85.6122841, 20.0379411], [85.6122767, 20.0382011], [85.6124584, 20.0387448], [85.6131408, 20.0405028], [85.6136146, 20.042074], [85.6138933, 20.0429887], [85.6140231, 20.0434235], [85.6140419, 20.0434866], [85.6142791, 20.044243], [85.6143759, 20.0446548], [85.6145468, 20.0453383], [85.6149113, 20.0468229], [85.6152215, 20.048219], [85.6153436, 20.0487684], [85.6154321, 20.0491695], [85.6155413, 20.0496646], [85.6155596, 20.049755], [85.6155688, 20.0498002], [85.6159918, 20.051719], [85.6160341, 20.0519221], [85.6160605, 20.052049], [85.6161093, 20.0523849], [85.6161597, 20.0527323], [85.6163284, 20.0536776], [85.6163286, 20.0536784], [85.6165321, 20.0544291], [85.6166693, 20.0549443], [85.616708, 20.0550897], [85.6169165, 20.0558413], [85.6170246, 20.0560546], [85.6172421, 20.0563365], [85.6173795, 20.0564686], [85.6174879, 20.0566363], [85.6173707, 20.0569199], [85.6170313, 20.0569263], [85.6168559, 20.0572998], [85.6168705, 20.0573541], [85.6169439, 20.057626], [85.6175273, 20.0587057], [85.6180044, 20.0593554], [85.6183138, 20.0600489], [85.6181938, 20.060653], [85.6181089, 20.0616191], [85.617833, 20.0625475], [85.6177134, 20.0630933], [85.6180253, 20.0635206], [85.6184381, 20.0638762], [85.6186912, 20.0649891], [85.6189361, 20.0664998], [85.6189695, 20.0687001], [85.6191761, 20.068589], [85.6197086, 20.0678342], [85.620017, 20.0670098], [85.6203389, 20.0668273], [85.6206007, 20.0669649], [85.6210971, 20.0670591], [85.6215144, 20.0668996], [85.6220956, 20.0665744], [85.6224968, 20.0666362], [85.6229072, 20.0672583], [85.6226983, 20.068187], [85.6227507, 20.0685998], [85.6227833, 20.0688565], [85.6236106, 20.0693915], [85.6242808, 20.0698349], [85.624921, 20.0698806], [85.6260006, 20.0699929], [85.6271178, 20.0701596], [85.6277254, 20.0702218], [85.6280254, 20.0702525], [85.6286855, 20.0707635], [85.6305551, 20.0718532], [85.6312237, 20.0724728], [85.6325324, 20.0731694], [85.6335118, 20.0738094], [85.6350089, 20.0742953], [85.6364494, 20.0746859], [85.6373644, 20.0750228], [85.6376874, 20.0752556], [85.6381515, 20.0757831], [85.6388913, 20.0775867], [85.6389126, 20.0776785], [85.6389742, 20.0779442], [85.6389477, 20.0780702], [85.6389203, 20.0782001], [85.6388895, 20.0783457], [85.6387899, 20.0786697], [85.6384419, 20.0798012], [85.637572, 20.0814251], [85.6371709, 20.0824656], [85.6373962, 20.0824338], [85.6386167, 20.08226], [85.6413674, 20.0820961], [85.6438075, 20.0819071], [85.6438917, 20.0826709], [85.6438944, 20.0831488], [85.6438974, 20.0836784], [85.6436369, 20.0839565], [85.6436874, 20.084201], [85.6438808, 20.0844913], [85.6436546, 20.0846704], [85.643806, 20.0849758], [85.6438096, 20.0849832], [85.6436005, 20.0854018], [85.6436531, 20.0859625], [85.6442942, 20.0870153], [85.6441877, 20.0877324], [85.6438965, 20.0882274], [85.6438993, 20.0884576], [85.6438461, 20.0885342], [85.6438316, 20.0885743], [85.643802, 20.0886556], [85.643729, 20.0888132], [85.6437091, 20.0888853], [85.6436416, 20.088948], [85.6435553, 20.0889925], [85.6434789, 20.0889829], [85.6433886, 20.0889189], [85.6432935, 20.0888369], [85.6431887, 20.088809], [85.6430738, 20.0888127], [85.6430211, 20.0888394], [85.6429536, 20.088893], [85.642943, 20.0890059], [85.6429084, 20.0891503], [85.6428956, 20.0892404], [85.6428829, 20.0893307], [85.6428384, 20.0895065], [85.6427899, 20.0895694], [85.6426415, 20.0896044], [85.6424404, 20.089639], [85.6423444, 20.0896653], [85.6422674, 20.0897325], [85.6421998, 20.0898132], [85.6421654, 20.0899124], [85.642102, 20.090052], [85.6420294, 20.0901553], [85.6419525, 20.0902134], [85.6418378, 20.0902126], [85.6417234, 20.090162], [85.6416043, 20.0901114], [85.6414229, 20.0900693], [85.6412605, 20.0900637], [85.6411597, 20.0901035], [85.6411115, 20.0901528], [85.6410727, 20.0902067], [85.6410292, 20.0902605], [85.6409901, 20.0903507], [85.640951, 20.0904587], [85.6409024, 20.0905442], [85.6408446, 20.0905979], [85.6407441, 20.0906107], [85.6406008, 20.0906006], [85.6404475, 20.0906174], [85.6403372, 20.0906527], [85.6401977, 20.0907556], [85.6401107, 20.0908678], [85.6400142, 20.0909574], [85.6399279, 20.0910018], [85.6398034, 20.09101], [85.6395599, 20.0909629], [85.6394832, 20.090985], [85.6393966, 20.0910475], [85.63931, 20.091119], [85.6392757, 20.0912137], [85.6392556, 20.091322], [85.6392301, 20.0915025], [85.6391819, 20.0915654], [85.6391141, 20.0916551], [85.6390037, 20.091695], [85.638884, 20.0917167], [85.6387938, 20.0916527], [85.6386507, 20.0915974], [85.6385027, 20.0915827], [85.6383782, 20.0916043], [85.6382294, 20.0916619], [85.6381338, 20.0916702], [85.6379034, 20.0917678], [85.6376508, 20.0916755], [85.6374934, 20.0916291], [85.6371344, 20.0916715], [85.6368448, 20.091972], [85.6368585, 20.0922346], [85.6368613, 20.0922886], [85.6368933, 20.0924425], [85.6368918, 20.0926229], [85.6367954, 20.0927124], [85.6367231, 20.0927706], [85.6365891, 20.0927876], [85.6364452, 20.0928362], [85.6363108, 20.0929165], [85.6362576, 20.0929793], [85.6362093, 20.0930377], [85.6361604, 20.0931546], [85.6357952, 20.0933552], [85.6355409, 20.0934752], [85.6355296, 20.0939089], [85.635505, 20.0948527], [85.6352335, 20.0952752], [85.6351515, 20.0956977], [85.6351284, 20.0958168], [85.6352466, 20.0965178], [85.6347179, 20.0973898], [85.6336526, 20.0989265], [85.6326876, 20.1004594], [85.6320565, 20.1015613], [85.6318278, 20.1025715], [85.6320011, 20.1025448], [85.6331876, 20.1023609], [85.6338443, 20.1022033], [85.6359514, 20.1018403], [85.6369212, 20.1013915], [85.6384816, 20.1006626], [85.640066, 20.0999295], [85.6412196, 20.0997849], [85.6434693, 20.0995311], [85.6451541, 20.0993634], [85.645931, 20.0990892], [85.6462015, 20.098766], [85.6469054, 20.0981029], [85.6479001, 20.0975459], [85.6486237, 20.0973526], [85.6489863, 20.0971561], [85.6493059, 20.0969829], [85.6492811, 20.0970911], [85.6492829, 20.0974299], [85.6492864, 20.0975791], [85.6492891, 20.097832], [85.6493111, 20.0980445], [85.6493381, 20.098248], [85.6494603, 20.0984974], [85.6495925, 20.0986791], [85.6497009, 20.0988697], [85.6498908, 20.0990474], [85.6499708, 20.0991835], [85.6501272, 20.0993427], [85.6501981, 20.0994471], [85.6502058, 20.0996595], [85.6501375, 20.0998261], [85.650055, 20.0999656], [85.6499392, 20.1000867], [85.649766, 20.1002027], [85.6496702, 20.1002246], [85.6495886, 20.1002646], [85.6495491, 20.1004044], [85.6494558, 20.1006837], [85.6494002, 20.1010402], [85.6494022, 20.1013654], [85.6494047, 20.1016366], [85.6494077, 20.1018398], [85.6494259, 20.101953], [85.649496, 20.1021342], [85.6495757, 20.1023289], [85.6496506, 20.1025057], [85.6496662, 20.1029259], [85.6496265, 20.1030928], [85.649505, 20.1033087], [85.6494317, 20.1035023], [85.6494158, 20.1036875], [85.6494574, 20.1038505], [85.64958, 20.1040546], [85.6496078, 20.1041543], [85.6496776, 20.1043852], [85.6497216, 20.1048327], [85.6497129, 20.1052798], [85.6497059, 20.1055464], [85.6497671, 20.1056643], [85.6500793, 20.106046], [85.6501502, 20.1061461], [85.650273, 20.1063277], [85.6503007, 20.1064499], [85.650284, 20.1072809], [85.6503355, 20.1074214], [85.6505534, 20.1076353], [85.6506958, 20.107772], [85.6508148, 20.1078406], [85.6509339, 20.1078821], [85.6510484, 20.1079192], [85.6511525, 20.1080374], [85.6512042, 20.1081508], [85.6513129, 20.1083052], [85.6509741, 20.1087814], [85.6505686, 20.1103412], [85.6503007, 20.1109039], [85.6480517, 20.111623], [85.6452879, 20.1121438], [85.6431888, 20.1137766], [85.6423626, 20.1141858], [85.6408834, 20.1149062], [85.6396755, 20.1157867], [85.6395345, 20.1171589], [85.6396717, 20.1184294], [85.639255, 20.1196051], [85.6388794, 20.1204514], [85.6379757, 20.1210346], [85.637807, 20.1211434], [85.6367381, 20.1208777], [85.635943, 20.1210115], [85.6348748, 20.1217622], [85.6348041, 20.1231365], [85.6346676, 20.1257901], [85.6332203, 20.1277845], [85.6326321, 20.1310685], [85.6321828, 20.1315891], [85.6301752, 20.1309003], [85.6291052, 20.1312941], [85.6285184, 20.1344245], [85.6278604, 20.1358287], [85.6271717, 20.1380143], [85.6279391, 20.1392754], [85.628525, 20.1402384], [85.6303077, 20.1425967], [85.6308271, 20.1450129], [85.6317929, 20.1461542], [85.6341669, 20.1465385], [85.639243, 20.1480777], [85.6403845, 20.1499249], [85.643561, 20.1526643], [85.644789, 20.1530749], [85.6452207, 20.1532192], [85.6506103, 20.1533916], [85.6513218, 20.1535371], [85.651819, 20.1535635], [85.6525732, 20.1537544], [85.6531556, 20.1539035], [85.6539012, 20.1539634], [85.6550836, 20.1538686], [85.6571271, 20.1537621], [85.6576583, 20.1542902], [85.6581767, 20.154651], [85.6591346, 20.1556206], [85.6596241, 20.1560038], [85.6600498, 20.1565716], [85.6608429, 20.1572371], [85.6605593, 20.1579669], [85.6604288, 20.158684], [85.6598574, 20.1594928], [85.6597765, 20.1600072], [85.6594936, 20.1600819], [85.6589893, 20.1608686], [85.6588955, 20.1617759], [85.6594344, 20.1625252], [85.6600588, 20.1627965], [85.6612089, 20.1631441], [85.6616608, 20.1634231], [85.6618957, 20.1639354], [85.661956, 20.1647128], [85.6617389, 20.1654835], [85.6614418, 20.1661092], [85.6608723, 20.1666921], [85.6605649, 20.1668253], [85.6602236, 20.167035], [85.6594614, 20.16721], [85.6581268, 20.1677463], [85.656842, 20.1680709], [85.6567065, 20.1682505], [85.6553865, 20.1687645], [85.6546969, 20.168854], [85.6540328, 20.1687495], [85.6526946, 20.1685902], [85.6527605, 20.1692864], [85.6531177, 20.1705765], [85.6532412, 20.1712415], [85.6532434, 20.1720863], [85.653405, 20.1733434], [85.6534659, 20.1740394], [85.6536127, 20.1747769], [85.6538747, 20.1754656], [85.6546684, 20.1771837], [85.6548793, 20.1777047], [85.6553134, 20.1789548], [85.6555625, 20.1794853], [85.6557534, 20.1801057], [85.6560351, 20.1807221], [85.6573694, 20.1813512], [85.6570255, 20.1818409], [85.6573223, 20.1823762], [85.6572641, 20.1830353], [85.6570478, 20.1836932], [85.6572473, 20.1849867], [85.6572698, 20.1857186], [85.6570289, 20.1864668], [85.6567983, 20.1871425], [85.6567062, 20.1878194], [85.6556484, 20.1884302], [85.6554513, 20.1891017], [85.6551722, 20.1903916], [85.6551853, 20.1904013], [85.6555574, 20.1906791], [85.6558937, 20.1910793], [85.6561098, 20.1915416], [85.6556391, 20.1917593], [85.6550923, 20.1919088], [85.6548727, 20.1924085], [85.6543552, 20.1924994], [85.6539213, 20.1928846], [85.6539302, 20.1935306], [85.6536761, 20.1946851], [85.6532523, 20.1961049], [85.6528478, 20.1975291], [85.6523801, 20.1990659], [85.6518892, 20.2004987], [85.6514324, 20.2018684], [85.6510501, 20.2034736], [85.6505434, 20.2050734], [85.6498552, 20.2083071], [85.6499824, 20.2090986], [85.6503021, 20.2097606], [85.6503456, 20.210435], [85.6503951, 20.2111977], [85.6505198, 20.2128248], [85.6507978, 20.2144307], [85.6508555, 20.2160664], [85.6509796, 20.2177567], [85.6511114, 20.2191175], [85.651262, 20.2205371], [85.6512584, 20.2220683], [85.6512785, 20.223618], [85.6512908, 20.2244131], [85.651342, 20.2251317], [85.6514182, 20.2262888], [85.6508949, 20.2264655], [85.6501518, 20.2266269], [85.6481462, 20.2272302], [85.6475056, 20.2274423], [85.6466391, 20.2277291], [85.6459045, 20.2280035], [85.6445183, 20.2283633], [85.6439103, 20.2283901], [85.6433229, 20.2282365], [85.641705, 20.2277271], [85.6412802, 20.2264906], [85.6407494, 20.226455], [85.6402022, 20.2266404], [85.6396267, 20.2267759], [85.6389226, 20.2268473], [85.6392089, 20.2251823], [85.6399009, 20.2241114], [85.63968, 20.223249], [85.6389326, 20.2230161], [85.6381226, 20.2213054], [85.6367162, 20.2207489], [85.6360498, 20.2180751], [85.6352325, 20.2161904], [85.6339846, 20.2150185], [85.6337305, 20.2133738], [85.6322102, 20.2122993], [85.6311685, 20.2116422], [85.6299537, 20.2112526], [85.6287647, 20.2114717], [85.6278996, 20.2128103], [85.6275609, 20.2135197], [85.6271155, 20.2138847], [85.6269535, 20.2144132], [85.6276309, 20.2151713], [85.6276639, 20.2159537], [85.6270235, 20.2160649], [85.6257977, 20.2154145], [85.6248517, 20.2148408], [85.6231288, 20.2155151], [85.6203237, 20.2167529], [85.6187886, 20.2175072], [85.6183579, 20.2160432], [85.6180268, 20.2147497], [85.6176365, 20.214242], [85.6180526, 20.2131815], [85.6178355, 20.2124061], [85.6177067, 20.2115402], [85.6186529, 20.2099373], [85.6191683, 20.2090472], [85.6194223, 20.2085152], [85.6191022, 20.2074826], [85.618701, 20.2067141], [85.6175692, 20.2064408], [85.6151436, 20.2057486], [85.612751, 20.2058387], [85.6102516, 20.2055843], [85.6076677, 20.2055073], [85.6056101, 20.2048011], [85.6056471, 20.2046163], [85.602635, 20.2047294], [85.5989024, 20.2058273], [85.5941501, 20.2067892], [85.5920443, 20.2071293], [85.5889484, 20.208029], [85.588124, 20.2081469], [85.5862213, 20.206738], [85.5833057, 20.2075437], [85.5811263, 20.2083218], [85.5792566, 20.2076952], [85.5771701, 20.2062932], [85.5751718, 20.2048006], [85.5731993, 20.2039166], [85.5699713, 20.203863], [85.5679758, 20.204634], [85.5685051, 20.2062685], [85.5684822, 20.2079237], [85.5680513, 20.2086363], [85.5684558, 20.2094919], [85.568106, 20.2099402], [85.567285, 20.210145], [85.5657242, 20.2102904], [85.5648075, 20.2104116], [85.5654288, 20.2120427], [85.5654834, 20.2133465], [85.5658324, 20.2150061], [85.5657709, 20.2149908], [85.5643075, 20.2152631], [85.562634, 20.216022], [85.5619934, 20.216133], [85.5618204, 20.2161968], [85.5594971, 20.2170531], [85.5573561, 20.2176552], [85.5562403, 20.2181887], [85.5541948, 20.2155658], [85.5523891, 20.2142828], [85.5514016, 20.2148172], [85.5501719, 20.2151676], [85.5473299, 20.2155344], [85.5443957, 20.2159049], [85.542058, 20.2162093], [85.5405856, 20.2165619], [85.5404553, 20.217644], [85.5406723, 20.2206398], [85.5408137, 20.22403], [85.5410612, 20.2255444], [85.5408228, 20.2265226], [85.5395937, 20.2257846], [85.5369876, 20.2251848], [85.5332953, 20.2250606], [85.5300847, 20.2254408]]]}}, {"type": "Feature", "properties": {"OBJECTID": 348, "state": "ODISHA", "district": "Cuttack", "stcode11": "21", "dtcode11": "381", "blkcode11": "0125", "block_name": "BANKI- DAMPARA", "code2011": "213810125", "block_lgd": 3335, "block_ver": 1, "dist_lgd": 350, "b_pan_code": 3698, "state_lgd": 21, "shape_Length": 109128.538757286, "shape_Area": 364639561.78682005}, "geometry": {"type": "Polygon", "coordinates": [[[85.6469743, 20.4596494], [85.6464937, 20.4598248], [85.6461427, 20.4598439], [85.6453339, 20.4598896], [85.6441742, 20.4596665], [85.6421601, 20.4592754], [85.6412446, 20.4591648], [85.6400925, 20.4593441], [85.6374069, 20.4594737], [85.6367355, 20.4593917], [85.6360642, 20.4593097], [85.6343475, 20.4585678], [85.6338593, 20.4581461], [85.6335617, 20.4578848], [85.6326156, 20.4566222], [85.6316621, 20.455596], [85.6307999, 20.4545068], [85.6302658, 20.4541864], [85.6289689, 20.4531927], [85.6279236, 20.4522218], [85.6270615, 20.4505568], [85.6265123, 20.4490079], [85.6260086, 20.4479113], [85.6257723, 20.4474001], [85.6249635, 20.4450444], [85.6242998, 20.4437436], [85.6238572, 20.4428644], [85.6226976, 20.441779], [85.6216524, 20.4402303], [85.620302, 20.4384545], [85.6185244, 20.4365089], [85.6173036, 20.4354218], [85.6155947, 20.4341076], [85.6138781, 20.4327934], [85.613283, 20.4325149], [85.6127796, 20.4322822], [85.6112536, 20.4312541], [85.6093005, 20.4305178], [85.6072177, 20.4294935], [85.6055697, 20.4288698], [85.6041659, 20.4282442], [85.6024568, 20.427218], [85.6011675, 20.4264131], [85.6008091, 20.4261918], [85.5993975, 20.4253373], [85.5981158, 20.4245954], [85.596773, 20.4235673], [85.5960407, 20.423058], [85.5956744, 20.4236302], [85.5952547, 20.4245552], [85.5948885, 20.4257645], [85.5942858, 20.4272065], [85.5933168, 20.4284786], [85.5922868, 20.4299244], [85.5913789, 20.4307922], [85.5905244, 20.4316029], [85.5904633, 20.4316581], [85.5902115, 20.4316143], [85.5890443, 20.4319043], [85.5886094, 20.4327054], [85.5885941, 20.4329113], [85.5884644, 20.4344486], [85.5883957, 20.4363406], [85.5881056, 20.4372124], [85.5874497, 20.4372848], [85.5860686, 20.4377941], [85.5853744, 20.4377903], [85.5851532, 20.4377921], [85.5849014, 20.437794], [85.5833755, 20.4378665], [85.5820708, 20.4384482], [85.5804686, 20.43903], [85.5789427, 20.4395393], [85.5782103, 20.4414294], [85.5780118, 20.4417841], [85.5779203, 20.4419386], [85.5770506, 20.4431746], [85.5764707, 20.4435369], [85.5763334, 20.4435637], [85.5763716, 20.4431937], [85.5763716, 20.4419844], [85.5763486, 20.4418699], [85.5761809, 20.441065], [85.5755705, 20.4400331], [85.5752577, 20.4390547], [85.5751891, 20.4377901], [85.5754333, 20.4368669], [85.5757995, 20.4361175], [85.5760971, 20.4352533], [85.5763336, 20.4343302], [85.5768218, 20.4335216], [85.577188, 20.4333459], [85.5777373, 20.4331133], [85.578157, 20.4327089], [85.5782791, 20.432131], [85.5779663, 20.4312117], [85.5774781, 20.430237], [85.5771729, 20.429434], [85.5766846, 20.4289172], [85.5764328, 20.4282858], [85.5764328, 20.4273073], [85.5767915, 20.4267294], [85.5770356, 20.4259225], [85.57715, 20.4249442], [85.5771806, 20.4248087], [85.5761717, 20.4247022], [85.5760055, 20.4246847], [85.5733963, 20.4243776], [85.5730912, 20.4240706], [85.5714051, 20.42338], [85.569101, 20.4226114], [85.5666444, 20.4221517], [85.5648743, 20.4221516], [85.5627457, 20.4222583], [85.5629287, 20.4210109], [85.5629517, 20.4196643], [85.5630358, 20.4127235], [85.5628603, 20.4124526], [85.562845, 20.4124316], [85.5628297, 20.4124031], [85.5595339, 20.4119815], [85.5586793, 20.4118728], [85.5569627, 20.4116572], [85.5552156, 20.4114397], [85.5535828, 20.4112356], [85.5532167, 20.411144], [85.5467317, 20.4095419], [85.5465714, 20.4093454], [85.546106, 20.4092119], [85.5437562, 20.4079378], [85.5393997, 20.4069973], [85.5358597, 20.4065967], [85.5358139, 20.406591], [85.5356996, 20.4065815], [85.5356613, 20.4065814], [85.5356003, 20.406612], [85.5341125, 20.4059749], [85.5312134, 20.4047694], [85.5281081, 20.4034782], [85.528093, 20.403522], [85.5278565, 20.4032416], [85.5268494, 20.4023012], [85.5247742, 20.4009603], [85.523233, 20.4002221], [85.522081, 20.3995222], [85.5220505, 20.3994954], [85.5219742, 20.3994669], [85.5216461, 20.3993009], [85.52128, 20.399175], [85.5212514, 20.3991679], [85.5211884, 20.3991521], [85.5209824, 20.3990987], [85.5208832, 20.3990759], [85.5208221, 20.3990606], [85.5207687, 20.3990587], [85.5207458, 20.3990548], [85.5206772, 20.399051], [85.5200057, 20.3993868], [85.5186905, 20.3997936], [85.5184646, 20.3998635], [85.5171371, 20.3994916], [85.5152689, 20.3988304], [85.5129334, 20.3980037], [85.5107471, 20.3972087], [85.5072265, 20.3959285], [85.5070891, 20.3958789], [85.5069976, 20.3956425], [85.5067992, 20.3953926], [85.5035796, 20.3941852], [85.5008941, 20.3935137], [85.4992996, 20.3934374], [85.4990707, 20.3927984], [85.4986969, 20.3919478], [85.4976897, 20.3910436], [85.4963622, 20.3901414], [85.4944472, 20.3895025], [85.4922119, 20.3889187], [85.4919219, 20.3888482], [85.4911895, 20.3886709], [85.4906707, 20.3885468], [85.4900375, 20.388707], [85.48945, 20.3887071], [85.4891296, 20.3883351], [85.4891295, 20.3878563], [85.4891295, 20.3875913], [85.4890304, 20.3871124], [85.4885497, 20.3868473], [85.4876952, 20.3863686], [85.485414, 20.3861034], [85.4844605, 20.3862083], [85.4843917, 20.3862598], [85.4830338, 20.3859508], [85.4785017, 20.3844992], [85.4753508, 20.3834882], [85.4746261, 20.3833796], [85.4731612, 20.3827044], [85.4713301, 20.3822599], [85.4685912, 20.3814207], [85.4684537, 20.381289], [85.468408, 20.3812509], [85.4680571, 20.3809553], [85.467729, 20.3806826], [85.4676986, 20.3774743], [85.4674926, 20.3744417], [85.4675003, 20.3696275], [85.4677216, 20.367106], [85.4678971, 20.3666464], [85.4678896, 20.3655], [85.4679965, 20.3645825], [85.4682481, 20.3637586], [85.468294, 20.363606], [85.4685838, 20.3622308], [85.4686449, 20.362], [85.4683244, 20.3603998], [85.4683779, 20.3597111], [85.4682482, 20.3592533], [85.4680041, 20.3587976], [85.4678134, 20.3581109], [85.4668903, 20.3569722], [85.4665774, 20.3560567], [85.4663256, 20.3557057], [85.4662113, 20.3555435], [85.4667987, 20.353764], [85.4669741, 20.3528466], [85.4673862, 20.3516965], [85.4676914, 20.3513512], [85.4680958, 20.3511338], [85.4682331, 20.3510613], [85.4682864, 20.3508897], [85.469202, 20.3509965], [85.4716358, 20.3517232], [85.4755269, 20.3521543], [85.4760151, 20.3523794], [85.4768696, 20.3530604], [85.4773579, 20.3532874], [85.4783344, 20.3534514], [85.4790669, 20.3534457], [85.4799823, 20.3540122], [85.4805928, 20.3545234], [85.4813328, 20.3557211], [85.4820423, 20.3562494], [85.4822482, 20.3564021], [85.4823169, 20.3565737], [85.4836522, 20.3565624], [85.4841328, 20.3565604], [85.4846211, 20.3563278], [85.4847813, 20.3563335], [85.4849339, 20.3558528], [85.4849796, 20.3556946], [85.4848499, 20.3552368], [85.483057, 20.3523872], [85.4821415, 20.35142], [85.4818288, 20.3507354], [85.4816457, 20.3505637], [85.4806538, 20.3482807], [85.4806463, 20.3480518], [85.4805242, 20.3479372], [85.4809362, 20.346503], [85.4821951, 20.3446605], [85.4823629, 20.3432852], [85.4821112, 20.3425413], [85.4821723, 20.3423697], [85.4821113, 20.3421103], [85.4818519, 20.3409392], [85.4818518, 20.3404814], [85.4822638, 20.3397357], [85.48263, 20.3394458], [85.4840187, 20.3386905], [85.4847283, 20.3369682], [85.4853842, 20.335818], [85.4853843, 20.3356617], [85.4867805, 20.3356369], [85.4875054, 20.335633], [85.4879937, 20.3357437], [85.4891532, 20.33648], [85.4901299, 20.336932], [85.4906182, 20.3373287], [85.4913506, 20.3375519], [85.4915947, 20.3375519], [85.4920753, 20.3373173], [85.4923194, 20.3370064], [85.492434, 20.3368578], [85.4925408, 20.3354825], [85.4922737, 20.3329647], [85.4922662, 20.3318183], [85.4932581, 20.3279197], [85.4934259, 20.3265427], [85.4933573, 20.3258559], [85.4931132, 20.3254002], [85.4925563, 20.3248317], [85.4912744, 20.3241528], [85.4909082, 20.3238113], [85.4902293, 20.322728], [85.489863, 20.3223865], [85.4893748, 20.3221043], [85.4883067, 20.3218239], [85.4881007, 20.3218258], [85.4874217, 20.3209713], [85.4869792, 20.3191421], [85.4863535, 20.3173129], [85.4860408, 20.3168571], [85.4860408, 20.3166282], [85.4858576, 20.3164584], [85.4858501, 20.3153693], [85.48643, 20.3130748], [85.4864833, 20.312617], [85.4863612, 20.3119304], [85.4858654, 20.311074], [85.4851254, 20.3103911], [85.4843319, 20.3098246], [85.4842098, 20.3094813], [85.4843853, 20.3090217], [85.4843853, 20.3085638], [85.4840649, 20.3074195], [85.4834469, 20.3059356], [85.482768, 20.3050792], [85.4806927, 20.3032614], [85.4801969, 20.3025766], [85.4794492, 20.3007494], [85.4783376, 20.2986381], [85.4799841, 20.298474], [85.481954, 20.2982517], [85.4831474, 20.2981311], [85.4845682, 20.2982427], [85.4854061, 20.298241], [85.4866945, 20.2981844], [85.4876011, 20.2980071], [85.4886912, 20.2976686], [85.4897813, 20.2973257], [85.4911453, 20.2968857], [85.4926248, 20.2968669], [85.4935306, 20.2967844], [85.4953982, 20.2962403], [85.4979021, 20.29525], [85.4993275, 20.2943994], [85.4999982, 20.2938497], [85.5004856, 20.2934428], [85.5017884, 20.2928938], [85.5038176, 20.2929699], [85.5055101, 20.2927043], [85.506882, 20.2919255], [85.509256, 20.2909881], [85.5107391, 20.2910956], [85.5118181, 20.2914075], [85.5132499, 20.2923682], [85.5147935, 20.2924726], [85.5147949, 20.2924727], [85.5150059, 20.292487], [85.5154508, 20.2935252], [85.5159834, 20.2939045], [85.5167214, 20.2938295], [85.5179744, 20.2934608], [85.5201397, 20.2933255], [85.5213526, 20.2931731], [85.5219009, 20.2955804], [85.5224464, 20.2979749], [85.5237627, 20.3030049], [85.5240495, 20.3041008], [85.5240498, 20.304102], [85.5244793, 20.3057433], [85.524804, 20.3057233], [85.524992, 20.3057115], [85.5263875, 20.3054793], [85.5267101, 20.3058028], [85.5272003, 20.3061141], [85.5283343, 20.3061778], [85.5294854, 20.3059842], [85.5309781, 20.3055992], [85.5317343, 20.3051131], [85.5329773, 20.3032807], [85.5340126, 20.3021466], [85.5347902, 20.3019408], [85.5375839, 20.3011781], [85.538878, 20.3010263], [85.540153, 20.3013804], [85.5414569, 20.3017345], [85.5432257, 20.3015143], [85.544506, 20.3012991], [85.5455557, 20.3011252], [85.5455706, 20.3011228], [85.5455701, 20.3011231], [85.5453005, 20.3013283], [85.5452669, 20.3018611], [85.5455323, 20.3021478], [85.5460442, 20.3021882], [85.5473411, 20.3017428], [85.5480546, 20.3017216], [85.5484979, 20.301933], [85.5488437, 20.3023426], [85.5488583, 20.3028304], [85.5477812, 20.3043484], [85.5476909, 20.3047948], [85.5478931, 20.3056952], [85.5479805, 20.3060847], [85.5477172, 20.3065973], [85.5473259, 20.3069689], [85.5472497, 20.3074335], [85.54766, 20.3080964], [85.5486995, 20.3085659], [85.5494943, 20.3090828], [85.5495759, 20.3095759], [85.5492967, 20.3102511], [85.5490871, 20.3111528], [85.5492357, 20.3116599], [85.5501624, 20.3124129], [85.5505993, 20.3130362], [85.5506018, 20.31304], [85.5509568, 20.3129751], [85.5525085, 20.3124143], [85.5545993, 20.3110584], [85.5561118, 20.3105965], [85.556901, 20.3101604], [85.557477, 20.3095102], [85.5583604, 20.3082075], [85.5590881, 20.3066687], [85.5592935, 20.306196], [85.5599116, 20.3051125], [85.5621702, 20.3042322], [85.5629325, 20.303588], [85.5630902, 20.3026389], [85.5631506, 20.3022753], [85.5631131, 20.3011504], [85.5632272, 20.3007266], [85.5636209, 20.3005943], [85.5644046, 20.2997154], [85.5651633, 20.2994778], [85.5661729, 20.2995582], [85.5668633, 20.2999748], [85.5672737, 20.2996034], [85.5694225, 20.2986498], [85.5704902, 20.2981254], [85.5711902, 20.2980228], [85.5717254, 20.2981445], [85.5730027, 20.2987739], [85.5741672, 20.2997094], [85.5761226, 20.3005474], [85.5775026, 20.3009561], [85.5793686, 20.3021456], [85.5810308, 20.3020597], [85.5823549, 20.3012304], [85.5840039, 20.3004984], [85.5871834, 20.2994175], [85.5904508, 20.2981157], [85.5937209, 20.2975999], [85.5963386, 20.2971918], [85.5969689, 20.2973866], [85.5981643, 20.2980964], [85.5991695, 20.2984574], [85.5998108, 20.2986877], [85.6011307, 20.2993985], [85.6023498, 20.2990604], [85.6055546, 20.2983406], [85.6067708, 20.2977811], [85.6085279, 20.2972666], [85.6118071, 20.2967822], [85.6139661, 20.2968174], [85.6150772, 20.2962434], [85.6161202, 20.2957819], [85.6182883, 20.2948097], [85.6184231, 20.2947069], [85.6193435, 20.2940276], [85.6195122, 20.2938979], [85.6202706, 20.2936871], [85.6213169, 20.2933972], [85.6219224, 20.2931535], [85.6235032, 20.2925202], [85.6234665, 20.2939607], [85.623467, 20.2939635], [85.623654, 20.2949513], [85.6245497, 20.2954508], [85.6266923, 20.2962582], [85.6292622, 20.2980264], [85.630769, 20.2992804], [85.6319279, 20.2997999], [85.6333312, 20.300841], [85.6336239, 20.3012994], [85.6315111, 20.3020056], [85.6292181, 20.3030356], [85.6286317, 20.3038353], [85.6287212, 20.3045541], [85.6296155, 20.3062913], [85.6297335, 20.3068648], [85.6299141, 20.3077437], [85.629863, 20.3097397], [85.6297416, 20.3115016], [85.6297258, 20.3117308], [85.6297736, 20.3128198], [85.6304887, 20.3137243], [85.6320197, 20.3155114], [85.6337257, 20.316993], [85.6343839, 20.3178382], [85.635704, 20.3196465], [85.636966, 20.3209979], [85.6383589, 20.3216049], [85.6390374, 20.3223194], [85.6404264, 20.3228271], [85.6408671, 20.3233772], [85.6422786, 20.3251544], [85.6429871, 20.3257246], [85.6443072, 20.325911], [85.6465642, 20.3257387], [85.6469736, 20.3254754], [85.6486747, 20.3242372], [85.64954, 20.3238601], [85.6498219, 20.3239345], [85.6508455, 20.3251756], [85.6528798, 20.3269393], [85.6552836, 20.3286248], [85.6567048, 20.3298599], [85.6591221, 20.3316627], [85.6599511, 20.3315923], [85.6630839, 20.3315124], [85.6645953, 20.3317272], [85.6663672, 20.3311131], [85.6663677, 20.3311129], [85.6679266, 20.3302755], [85.6696012, 20.3298862], [85.6717609, 20.329347], [85.672525, 20.3290275], [85.6743032, 20.3277311], [85.6744918, 20.3274977], [85.6756877, 20.3259753], [85.6763211, 20.325262], [85.6766166, 20.3249936], [85.677214, 20.324451], [85.6773514, 20.3257529], [85.677488, 20.3265854], [85.6779076, 20.3275502], [85.6779906, 20.3277412], [85.6780546, 20.3283241], [85.6781639, 20.3293188], [85.6783064, 20.330466], [85.6783835, 20.3310869], [85.678285, 20.3331008], [85.6782153, 20.3351104], [85.6783747, 20.3358204], [85.6784967, 20.3363638], [85.6789548, 20.337126], [85.6800953, 20.3387474], [85.6805294, 20.3394959], [85.6811816, 20.3405398], [85.6820961, 20.3416941], [85.6827997, 20.3423138], [85.6844353, 20.3431392], [85.6853488, 20.3438688], [85.6858756, 20.344442], [85.6864796, 20.3455171], [85.6873835, 20.3456594], [85.6884551, 20.3458075], [85.6894865, 20.3461811], [85.6903802, 20.3469874], [85.6919368, 20.3486839], [85.6927818, 20.3501538], [85.6939067, 20.3519422], [85.6952117, 20.3533884], [85.6961326, 20.3549402], [85.6966641, 20.3561052], [85.6967869, 20.3568876], [85.6970591, 20.3586919], [85.6979981, 20.3603884], [85.698837, 20.3620073], [85.6991277, 20.3632417], [85.6992581, 20.363795], [85.6994067, 20.3643416], [85.699983, 20.366461], [85.7005326, 20.3683215], [85.7010237, 20.3703173], [85.701708, 20.3721022], [85.7019741, 20.3729848], [85.702011, 20.3731073], [85.702564, 20.3740284], [85.7033575, 20.3747933], [85.703872, 20.3757006], [85.7039498, 20.3760084], [85.7043126, 20.377443], [85.7043045, 20.3781787], [85.7042926, 20.3792589], [85.7042191, 20.3811736], [85.7042599, 20.3831659], [85.7045725, 20.3846812], [85.7046697, 20.3851523], [85.7051805, 20.3870937], [85.7058439, 20.3885395], [85.7066791, 20.3894899], [85.7078343, 20.3899954], [85.7097831, 20.3907237], [85.711054, 20.3917177], [85.7121943, 20.3934246], [85.7124942, 20.3942218], [85.7125905, 20.3949346], [85.7126568, 20.3954251], [85.7127449, 20.3970508], [85.7127648, 20.3974177], [85.7127819, 20.3994008], [85.712836, 20.3998256], [85.7129213, 20.4004952], [85.7134216, 20.4014111], [85.7146938, 20.40283], [85.7154764, 20.4034599], [85.7163026, 20.4041247], [85.7175088, 20.4048474], [85.7191515, 20.4054965], [85.7212139, 20.4064014], [85.7220035, 20.4065773], [85.7231222, 20.4068265], [85.725671, 20.4080332], [85.7291471, 20.409486], [85.7319052, 20.4103011], [85.7338538, 20.410478], [85.7359902, 20.4097025], [85.7362328, 20.4096144], [85.7378092, 20.4084377], [85.7394945, 20.4056447], [85.7421616, 20.4064545], [85.7422869, 20.4073845], [85.7423242, 20.4076617], [85.7437029, 20.4084172], [85.7452044, 20.4087803], [85.7464593, 20.4082382], [85.7478196, 20.4071277], [85.7481611, 20.4069585], [85.7487905, 20.4067507], [85.7490785, 20.406685], [85.7495248, 20.4065888], [85.7499992, 20.4065831], [85.7502773, 20.4065715], [85.7534208, 20.4065309], [85.753941, 20.4067965], [85.7547334, 20.4077599], [85.7564406, 20.4075734], [85.7588916, 20.407261], [85.7592027, 20.407304], [85.7593127, 20.4073184], [85.7595137, 20.4073513], [85.7597801, 20.4075927], [85.7604841, 20.4082391], [85.760641, 20.4083983], [85.7612256, 20.4089807], [85.7617154, 20.4094586], [85.7618531, 20.4095995], [85.7624239, 20.4101276], [85.7627379, 20.4104189], [85.7629946, 20.4106558], [85.7632848, 20.4109243], [85.7634742, 20.4112102], [85.7639053, 20.4118276], [85.7649798, 20.413475], [85.7650273, 20.4135475], [85.7645829, 20.4139827], [85.7632759, 20.4150304], [85.7634784, 20.4157398], [85.7637281, 20.4166147], [85.7647521, 20.4186051], [85.7648344, 20.4191026], [85.7647484, 20.419653], [85.7643226, 20.4207704], [85.7642139, 20.4217905], [85.7641439, 20.4227612], [85.7641481, 20.4228335], [85.7625928, 20.4237666], [85.7625222, 20.4242133], [85.7626193, 20.4252574], [85.7628702, 20.4262305], [85.7632629, 20.4278702], [85.7632691, 20.4278957], [85.7624176, 20.4282962], [85.761075, 20.4284087], [85.7612073, 20.4292362], [85.7612418, 20.4297019], [85.7597528, 20.4301475], [85.7600191, 20.4309942], [85.7582301, 20.4317719], [85.7582304, 20.4323457], [85.7585328, 20.4346696], [85.756418, 20.4354451], [85.7555463, 20.4341695], [85.7550826, 20.4322553], [85.7544395, 20.4311755], [85.7533318, 20.4312761], [85.7522434, 20.4313288], [85.7499999, 20.4314374], [85.7479359, 20.4324435], [85.7468764, 20.4323455], [85.7464514, 20.4323062], [85.7453448, 20.4328404], [85.7421114, 20.435035], [85.7383536, 20.4374697], [85.7371159, 20.4381926], [85.7350428, 20.4397225], [85.7334899, 20.4409128], [85.7321577, 20.442064], [85.7319439, 20.4422269], [85.7313793, 20.4415517], [85.730455, 20.4406511], [85.7291058, 20.4397741], [85.7270358, 20.4393517], [85.7263743, 20.4392227], [85.7240092, 20.4385227], [85.7206676, 20.4377464], [85.7180735, 20.4372981], [85.7159526, 20.4375137], [85.7145869, 20.4377464], [85.7141291, 20.4378245], [85.7122294, 20.4379809], [85.7105204, 20.4379808], [85.7092767, 20.4379408], [85.7063242, 20.4380571], [85.7061792, 20.4380513], [85.7043863, 20.4379808], [85.7011056, 20.4379407], [85.6981911, 20.4379806], [85.6955118, 20.4382409], [85.694735, 20.4383164], [85.6936563, 20.4385133], [85.6914772, 20.4389114], [85.6882576, 20.4396343], [85.6871513, 20.4398821], [85.6845115, 20.4403856], [85.6817116, 20.4406966], [85.6787666, 20.4413183], [85.6761118, 20.4425704], [85.6744112, 20.4433726], [85.6739828, 20.4435747], [85.6720067, 20.4445396], [85.6699316, 20.4454323], [85.6689015, 20.4459701], [85.6674061, 20.4467521], [85.6641866, 20.4481101], [85.6609287, 20.4495082], [85.6565418, 20.4513717], [85.652849, 20.4528459], [85.6491641, 20.454244], [85.6455171, 20.4559528], [85.6461732, 20.4571946], [85.6469743, 20.4596494]]]}}, {"type": "Feature", "properties": {"OBJECTID": 345, "state": "ODISHA", "district": "Cuttack", "stcode11": "21", "dtcode11": "381", "blkcode11": "0127", "block_name": "ATHAGAD", "code2011": "213810127", "block_lgd": 3332, "block_ver": 1, "dist_lgd": 350, "b_pan_code": 3695, "state_lgd": 21, "shape_Length": 156115.79514788176, "shape_Area": 486010280.5593995}, "geometry": {"type": "Polygon", "coordinates": [[[85.7916185, 20.673253], [85.7896956, 20.6730182], [85.7876209, 20.6731618], [85.7862029, 20.672822], [85.7846654, 20.6706022], [85.7828949, 20.6711318], [85.7832459, 20.6704522], [85.7836762, 20.6700668], [85.7842925, 20.6698091], [85.7854926, 20.6697905], [85.7856299, 20.6694256], [85.7853553, 20.6689584], [85.7850827, 20.66822], [85.7847116, 20.6672146], [85.7843592, 20.6662636], [85.7837629, 20.6651979], [85.7837014, 20.6650872], [85.7836068, 20.6649166], [85.7826048, 20.6635725], [85.7813331, 20.6629492], [85.780371, 20.662617], [85.779057, 20.6624971], [85.7777429, 20.6623771], [85.7763133, 20.6625252], [85.7748848, 20.6626731], [85.7722379, 20.6623742], [85.7686583, 20.6622673], [85.7623812, 20.6616127], [85.7613986, 20.6573143], [85.7611819, 20.6556323], [85.7614109, 20.6522506], [85.7629903, 20.6521896], [85.762898, 20.6499483], [85.7626047, 20.6488169], [85.7621657, 20.647942], [85.7617037, 20.6469044], [85.7614905, 20.6464164], [85.7611195, 20.6455674], [85.7607446, 20.6444355], [85.759131, 20.6434076], [85.7583422, 20.6448202], [85.7571687, 20.6468943], [85.7558942, 20.6466546], [85.7558114, 20.6462159], [85.7557083, 20.6459125], [85.7556052, 20.6456092], [85.7521402, 20.6456293], [85.7521403, 20.643854], [85.75214, 20.6421241], [85.7526905, 20.6422996], [85.7546911, 20.642942], [85.7544851, 20.6423171], [85.753304, 20.6406281], [85.7543782, 20.6389465], [85.754544, 20.6380307], [85.7543728, 20.6360645], [85.7526669, 20.6363638], [85.7507387, 20.6380212], [85.7499993, 20.6386573], [85.7495113, 20.6390739], [85.7491645, 20.6392295], [85.7484485, 20.6393371], [85.7483429, 20.6393499], [85.7481714, 20.6397779], [85.7478875, 20.6404625], [85.7479247, 20.6411989], [85.7477087, 20.6412065], [85.7470377, 20.6410887], [85.7463875, 20.6408039], [85.7463077, 20.6407754], [85.7460908, 20.6406979], [85.7455799, 20.640615], [85.7450701, 20.6405323], [85.7443027, 20.6404816], [85.7438137, 20.6404328], [85.7433528, 20.640452], [85.7427528, 20.6404793], [85.7421611, 20.6406377], [85.7417508, 20.6409508], [85.7415073, 20.6410882], [85.7413554, 20.6411738], [85.7404092, 20.641867], [85.7397082, 20.6424853], [85.7392227, 20.6431684], [85.7388828, 20.6436628], [85.738592, 20.6439995], [85.7382193, 20.6443943], [85.7375145, 20.6448859], [85.7369041, 20.6450081], [85.7363045, 20.6449811], [85.7355192, 20.644772], [85.7344415, 20.6445293], [85.7342403, 20.6444826], [85.733986, 20.6444807], [85.7335445, 20.6444775], [85.7331016, 20.6445652], [85.7315209, 20.6448781], [85.7303166, 20.6452658], [85.7296684, 20.6454744], [85.7288998, 20.6455726], [85.7272861, 20.6457189], [85.7270129, 20.6456807], [85.7269652, 20.6456236], [85.7269179, 20.645567], [85.7268477, 20.6453542], [85.7266987, 20.6430719], [85.7264995, 20.6422122], [85.7259271, 20.6418014], [85.7247402, 20.6414178], [85.7230511, 20.6408406], [85.72233, 20.6406024], [85.7217924, 20.6404247], [85.7185373, 20.6394746], [85.7173747, 20.639055], [85.7169441, 20.6389026], [85.7164457, 20.6382665], [85.7161662, 20.6372572], [85.7160896, 20.6361047], [85.7161013, 20.6355671], [85.7161131, 20.6350297], [85.7161018, 20.6346458], [85.7157543, 20.6337398], [85.7153926, 20.6328156], [85.7148611, 20.6315377], [85.714777, 20.6312638], [85.7146929, 20.6309899], [85.7145151, 20.6304556], [85.7144337, 20.6301423], [85.7144128, 20.6300618], [85.7143303, 20.6296095], [85.7141139, 20.6285238], [85.7141119, 20.6270512], [85.7137931, 20.6261498], [85.7131249, 20.6251601], [85.7126445, 20.6246552], [85.7122307, 20.6242231], [85.7119256, 20.6239857], [85.7113716, 20.6236835], [85.7110134, 20.6234867], [85.710193, 20.6234805], [85.7098091, 20.6235538], [85.7095105, 20.6236109], [85.7088958, 20.6242478], [85.7086803, 20.6246237], [85.708063, 20.6257005], [85.7077429, 20.6261138], [85.7075051, 20.6264327], [85.7072722, 20.6267382], [85.7069445, 20.6269028], [85.7067042, 20.6269552], [85.7063636, 20.6269436], [85.7058368, 20.6268177], [85.7057272, 20.6267356], [85.7054092, 20.6263086], [85.705114, 20.6249151], [85.7049218, 20.623816], [85.7047478, 20.6233945], [85.7046069, 20.6230367], [85.7043717, 20.6224794], [85.7043204, 20.6223028], [85.7043505, 20.6221403], [85.7043865, 20.6220916], [85.7044234, 20.6220417], [85.7047472, 20.6217504], [85.7052645, 20.6213024], [85.7065081, 20.6200561], [85.708404, 20.6182724], [85.7087179, 20.6180173], [85.70994, 20.6170417], [85.7103019, 20.6168184], [85.7105815, 20.6166535], [85.713135, 20.6150856], [85.7131617, 20.6150691], [85.713172, 20.6150462], [85.7132985, 20.6147629], [85.713181, 20.614482], [85.71292, 20.6141413], [85.7126589, 20.6138005], [85.7113537, 20.6121284], [85.7100327, 20.6106008], [85.7096431, 20.6101643], [85.7096308, 20.6101513], [85.7093625, 20.6098686], [85.7089726, 20.6094411], [85.7086872, 20.6091408], [85.7085762, 20.6089523], [85.7083798, 20.6086191], [85.7083252, 20.6082618], [85.7083688, 20.6080234], [85.7083756, 20.6079866], [85.7084452, 20.6076982], [85.7086677, 20.6069137], [85.7088298, 20.6064677], [85.7091083, 20.6058555], [85.709011, 20.6054573], [85.70725, 20.6043554], [85.7061349, 20.6034663], [85.7055436, 20.6032279], [85.7053699, 20.6031578], [85.7043195, 20.6031229], [85.7031906, 20.603286], [85.7024189, 20.6032125], [85.7004594, 20.6023351], [85.6993084, 20.6017211], [85.6989599, 20.6015378], [85.6982533, 20.6012175], [85.6980278, 20.6011152], [85.6978031, 20.6010149], [85.6970912, 20.6006971], [85.6966559, 20.6005196], [85.6965269, 20.600467], [85.6961495, 20.6002971], [85.6958297, 20.6001641], [85.6955853, 20.6000624], [85.6952077, 20.599915], [85.694639, 20.5996486], [85.6942852, 20.599506], [85.6933484, 20.5990924], [85.6927748, 20.5988441], [85.6924552, 20.598643], [85.6920402, 20.5983688], [85.6920391, 20.5983682], [85.6917566, 20.5981914], [85.6915724, 20.5980762], [85.6911437, 20.5977296], [85.6904909, 20.5972007], [85.6900677, 20.5967729], [85.6898487, 20.5965657], [85.6896299, 20.5963585], [85.689359, 20.5960627], [85.6889501, 20.5956306], [85.6886696, 20.5953304], [85.6884176, 20.5950709], [85.6880815, 20.5945443], [85.6875416, 20.5937182], [85.6870161, 20.5929102], [85.6864332, 20.5920836], [85.6861344, 20.5916703], [85.6860775, 20.5916021], [85.6858115, 20.5913019], [85.6854075, 20.5908562], [85.6851413, 20.5905741], [85.6846794, 20.5901776], [85.6840748, 20.5896399], [85.6833294, 20.5887173], [85.6826836, 20.5879671], [85.6824176, 20.5876579], [85.6821374, 20.5873305], [85.6820331, 20.5871897], [85.6818344, 20.5868584], [85.6815126, 20.5863592], [85.6813236, 20.5860189], [85.6808236, 20.5850439], [85.6806257, 20.5846132], [85.680461, 20.5842506], [85.6802112, 20.5837246], [85.6800607, 20.5833848], [85.6798016, 20.5828362], [85.6796319, 20.5824826], [85.6794765, 20.5821472], [85.6793534, 20.5819609], [85.6791451, 20.5816297], [85.6788281, 20.5811304], [85.6787037, 20.5809376], [85.6786435, 20.5808443], [85.6784853, 20.5805563], [85.6783271, 20.5802682], [85.6781381, 20.5799326], [85.6777825, 20.5794556], [85.6775597, 20.5791377], [85.6772089, 20.5786651], [85.6770865, 20.5785028], [85.6769623, 20.578338], [85.6767733, 20.5781357], [85.676563, 20.5779105], [85.6762777, 20.5776101], [85.6759692, 20.5772351], [85.6756607, 20.57686], [85.6754707, 20.576644], [85.6752807, 20.5764279], [85.6750266, 20.5760281], [85.6750209, 20.5760191], [85.6747413, 20.5755792], [85.6745139, 20.5752387], [85.6741581, 20.5747841], [85.673878, 20.5744568], [85.673237, 20.573684], [85.6725576, 20.572947], [85.6718585, 20.5722505], [85.6714774, 20.5719427], [85.6710963, 20.5716348], [85.6702135, 20.5711177], [85.6693307, 20.570605], [85.6684376, 20.5701554], [85.6670902, 20.5695578], [85.6661952, 20.5693386], [85.6659654, 20.5692917], [85.6651403, 20.5692989], [85.6647245, 20.5691375], [85.6646099, 20.5690825], [85.6645333, 20.5690457], [85.6644018, 20.5689312], [85.6642716, 20.5688178], [85.6638113, 20.5676941], [85.663409, 20.5670812], [85.6631712, 20.5667535], [85.6623805, 20.5656639], [85.6617063, 20.5648772], [85.6613447, 20.5639981], [85.6607748, 20.562241], [85.6605328, 20.5615877], [85.6600954, 20.5604064], [85.6598439, 20.5600063], [85.6589081, 20.558518], [85.6588296, 20.558355], [85.6585831, 20.5578424], [85.6583724, 20.5574544], [85.6582999, 20.5573207], [85.6581206, 20.5569716], [85.6579886, 20.5567176], [85.6578662, 20.5564546], [85.657687, 20.5561055], [85.6574422, 20.555584], [85.6573066, 20.5551856], [85.6570954, 20.5546464], [85.6569645, 20.5542705], [85.6567438, 20.5537221], [85.6566749, 20.5535383], [85.6566079, 20.5533597], [85.6565557, 20.5532188], [85.6564065, 20.5528161], [85.6563379, 20.5524407], [85.6562854, 20.5521068], [85.6562469, 20.5518618], [85.6561416, 20.5512918], [85.6561404, 20.5508853], [85.6561292, 20.5505057], [85.6560496, 20.5502927], [85.655893, 20.5502099], [85.6558157, 20.550169], [85.655288, 20.550192], [85.6547345, 20.5504226], [85.6543256, 20.5505595], [85.6538492, 20.5507454], [85.6534108, 20.550968], [85.6528773, 20.551113], [85.6523214, 20.5510633], [85.6521862, 20.5509828], [85.65183, 20.5507705], [85.6513983, 20.5502341], [85.6512566, 20.5499755], [85.6510678, 20.5496353], [85.650841, 20.5492495], [85.6503635, 20.5490199], [85.6499985, 20.5490668], [85.6492782, 20.5497252], [85.6493365, 20.5501909], [85.6494045, 20.5511717], [85.6494172, 20.5513795], [85.6491418, 20.5516123], [85.6487058, 20.5515546], [85.6484956, 20.5514386], [85.6481665, 20.5512569], [85.6478471, 20.551033], [85.6475997, 20.5508232], [85.6467577, 20.5500353], [85.6458766, 20.5493418], [85.6457869, 20.5490783], [85.645727, 20.5489025], [85.6457985, 20.5484152], [85.6460719, 20.5478617], [85.6461701, 20.547605], [85.6460894, 20.547505], [85.6458787, 20.5476104], [85.6457426, 20.5476785], [85.6456853, 20.5476592], [85.6420896, 20.5464482], [85.6415147, 20.5463805], [85.6410238, 20.546483], [85.6409094, 20.5465068], [85.6405109, 20.5465579], [85.6401036, 20.5465049], [85.6399468, 20.5463548], [85.6397336, 20.5460641], [85.63965, 20.5457561], [85.6396619, 20.5454761], [85.6396558, 20.5450967], [85.6394691, 20.5445125], [85.6391982, 20.5442258], [85.6382264, 20.543509], [85.6379205, 20.5432206], [85.6376175, 20.542935], [85.6373621, 20.5428201], [85.6371066, 20.5427052], [85.6363984, 20.542528], [85.6350702, 20.5425039], [85.6350544, 20.5425026], [85.6346821, 20.5424738], [85.6343009, 20.5421953], [85.6342196, 20.5416299], [85.6342011, 20.5415576], [85.6339282, 20.5415102], [85.6336594, 20.5415397], [85.6329938, 20.5419681], [85.6323629, 20.5428033], [85.6321029, 20.5429277], [85.6320068, 20.5429451], [85.6318966, 20.5429306], [85.6318202, 20.5428894], [85.6317299, 20.5428074], [85.6313069, 20.5423839], [85.630951, 20.5419565], [85.6304004, 20.5413243], [85.6300016, 20.540874], [85.6297779, 20.5408199], [85.6295565, 20.5407665], [85.6290324, 20.540934], [85.6285503, 20.5412013], [85.6281752, 20.5413338], [85.6273405, 20.5413724], [85.6269337, 20.5413505], [85.6265495, 20.5413299], [85.6260041, 20.5411992], [85.6256169, 20.5410515], [85.6255165, 20.5410237], [85.6254429, 20.5410347], [85.6250027, 20.5411008], [85.6248447, 20.5411547], [85.6246275, 20.5412289], [85.6241351, 20.5415909], [85.6238738, 20.5418554], [85.6234621, 20.5423037], [85.6231225, 20.5427573], [85.6228435, 20.5428498], [85.6225222, 20.5428518], [85.6222071, 20.5426959], [85.6219586, 20.542599], [85.6217306, 20.5423487], [85.6214745, 20.542044], [85.6212943, 20.5418077], [85.6211143, 20.5415714], [85.6210596, 20.54151], [85.621005, 20.5414486], [85.6203856, 20.5410009], [85.6196474, 20.5409725], [85.618891, 20.541364], [85.6188123, 20.541434], [85.6183833, 20.541816], [85.6178542, 20.5419926], [85.61713, 20.5420139], [85.6167222, 20.5420333], [85.6166696, 20.5420366], [85.6159065, 20.5420854], [85.61535, 20.5421664], [85.6147877, 20.5422481], [85.6140029, 20.5425987], [85.6136167, 20.5428667], [85.613279, 20.5431033], [85.6127274, 20.5431034], [85.6123316, 20.5428699], [85.6121838, 20.5427829], [85.6119714, 20.5423972], [85.611874, 20.5420487], [85.6118621, 20.541764], [85.6119463, 20.5414621], [85.6119674, 20.5413881], [85.6120503, 20.541097], [85.6121048, 20.5408986], [85.6120316, 20.5405232], [85.6118956, 20.5401697], [85.6116044, 20.5398621], [85.6115251, 20.5397783], [85.6109368, 20.5396156], [85.6086702, 20.5394302], [85.6077141, 20.5391109], [85.6074706, 20.5389869], [85.6070315, 20.5387576], [85.6066835, 20.5385312], [85.6063355, 20.5383048], [85.6062545, 20.5382454], [85.6061736, 20.538186], [85.6057831, 20.5378757], [85.6054594, 20.5376157], [85.6040229, 20.5368587], [85.6036405, 20.5367246], [85.6030571, 20.5365348], [85.6026057, 20.5364256], [85.6020523, 20.5362918], [85.6018562, 20.5362541], [85.6013914, 20.5362096], [85.6011683, 20.5364789], [85.6009483, 20.5369424], [85.6009227, 20.5376423], [85.6006748, 20.5380152], [85.6004382, 20.5381986], [85.5999482, 20.538294], [85.5994121, 20.5382083], [85.5989688, 20.5379021], [85.5983642, 20.5374228], [85.59813, 20.5373239], [85.5978959, 20.5372248], [85.5970736, 20.5369564], [85.5969499, 20.5368207], [85.596841, 20.5367014], [85.5966474, 20.5363612], [85.5964365, 20.5358263], [85.5962588, 20.5353461], [85.5959842, 20.5349553], [85.5957564, 20.5346916], [85.5953149, 20.5342183], [85.5950394, 20.5339269], [85.59484, 20.5337129], [85.594597, 20.5335349], [85.5945256, 20.5334846], [85.5943392, 20.5334108], [85.5942148, 20.5333872], [85.5941824, 20.5333927], [85.5941716, 20.5333914], [85.5939327, 20.5334344], [85.5939313, 20.5334346], [85.5939274, 20.5334345], [85.5936053, 20.5334274], [85.5935144, 20.5334177], [85.5934197, 20.5333538], [85.5933622, 20.5332764], [85.5933627, 20.5332132], [85.5934005, 20.5327663], [85.59374, 20.5318205], [85.5936792, 20.5315326], [85.5936664, 20.531472], [85.5932052, 20.5310573], [85.5926889, 20.5308747], [85.5921727, 20.5306921], [85.5920777, 20.5305918], [85.5917169, 20.530196], [85.5914807, 20.5298147], [85.5912259, 20.5293654], [85.5909586, 20.528697], [85.5906915, 20.5280286], [85.5906098, 20.5277166], [85.5905895, 20.5276391], [85.590284, 20.5264488], [85.5902671, 20.5251522], [85.5905774, 20.5237319], [85.5908992, 20.5231473], [85.5915366, 20.5226511], [85.591827, 20.5223553], [85.5918778, 20.5220486], [85.591362, 20.520775], [85.5911876, 20.5204509], [85.5906736, 20.5194957], [85.5904271, 20.5192001], [85.5901564, 20.5189088], [85.5895298, 20.51875], [85.588457, 20.5186149], [85.5877506, 20.5182658], [85.5875231, 20.5179703], [85.5871253, 20.5163817], [85.586645, 20.5154337], [85.5864707, 20.515089], [85.5857316, 20.5141388], [85.5854367, 20.5138881], [85.5853396, 20.5138037], [85.5852321, 20.5137102], [85.5847764, 20.5137246], [85.5831178, 20.5142169], [85.5821228, 20.5144889], [85.580864, 20.5147858], [85.5801148, 20.5149242], [85.578794, 20.5151754], [85.5776082, 20.5153237], [85.5766327, 20.5155777], [85.5751695, 20.51618], [85.5745968, 20.5164193], [85.5742309, 20.5165698], [85.5736079, 20.5165465], [85.5734609, 20.5164641], [85.5732073, 20.5163219], [85.5728158, 20.5158624], [85.5723393, 20.5153031], [85.5719076, 20.5153266], [85.5707302, 20.51613], [85.5701734, 20.5161977], [85.5691727, 20.5160584], [85.5687741, 20.5161319], [85.5686473, 20.5163612], [85.5688414, 20.5177555], [85.568872, 20.5179757], [85.5685913, 20.5182534], [85.5680912, 20.5184119], [85.5672801, 20.5184865], [85.5664729, 20.5186785], [85.5661173, 20.5187615], [85.5651987, 20.5190701], [85.5649886, 20.5194839], [85.5652414, 20.5206514], [85.5652812, 20.521022], [85.5652276, 20.5216178], [85.5650848, 20.5220187], [85.5648592, 20.5225634], [85.5644862, 20.5229849], [85.5637226, 20.523629], [85.5633565, 20.5238067], [85.5626465, 20.523846], [85.5620243, 20.5237233], [85.5606335, 20.5237569], [85.558599, 20.5239208], [85.5582918, 20.52411], [85.558136, 20.524206], [85.5578794, 20.5245777], [85.5574167, 20.525248], [85.5567186, 20.5260551], [85.5557157, 20.5266566], [85.5548687, 20.5269748], [85.5543847, 20.5269527], [85.5539213, 20.5267682], [85.5539143, 20.5267638], [85.5533684, 20.5264203], [85.5533504, 20.5264163], [85.5527319, 20.5262795], [85.5519983, 20.5262778], [85.5516504, 20.5262235], [85.5514508, 20.5261923], [85.5508062, 20.5260917], [85.5497642, 20.5257442], [85.5487295, 20.5251393], [85.5482916, 20.5247969], [85.5477539, 20.5248646], [85.5468946, 20.5254672], [85.5467025, 20.5255986], [85.5465617, 20.5256949], [85.5460795, 20.5259844], [85.5451729, 20.5265323], [85.5447315, 20.5267684], [85.544474, 20.526906], [85.5440886, 20.5271105], [85.543703, 20.5273151], [85.5430495, 20.5274909], [85.5430436, 20.527464], [85.5429498, 20.5269387], [85.5426404, 20.5252074], [85.5425412, 20.5237482], [85.5424725, 20.5211675], [85.5426252, 20.5203665], [85.5426786, 20.5195826], [85.5427168, 20.519285], [85.5427244, 20.5191744], [85.5431441, 20.5186345], [85.543228, 20.5185221], [85.5439603, 20.5179727], [85.5456007, 20.517372], [85.5463331, 20.5171526], [85.5482787, 20.5164984], [85.5489729, 20.5157793], [85.5490798, 20.5152853], [85.5490188, 20.5146788], [85.5488356, 20.5143469], [85.5485457, 20.5138167], [85.548233, 20.5132426], [85.5478896, 20.5126399], [85.5473861, 20.5117529], [85.54702, 20.5107611], [85.5465927, 20.5099313], [85.5462341, 20.5087736], [85.5454484, 20.507118], [85.545128, 20.5065668], [85.5448379, 20.506069], [85.5447388, 20.5058631], [85.5443574, 20.5050753], [85.5433885, 20.5022619], [85.5429459, 20.5013789], [85.5428163, 20.501169], [85.5427247, 20.5011099], [85.5426408, 20.5010355], [85.5425645, 20.5009535], [85.5424729, 20.5008104], [85.5421449, 20.4996888], [85.541649, 20.4976766], [85.5419695, 20.496496], [85.5420076, 20.496351], [85.5428622, 20.4950216], [85.5437701, 20.4935758], [85.5449831, 20.4929941], [85.5454257, 20.4923646], [85.5456469, 20.4920538], [85.5457156, 20.4919527], [85.5461352, 20.4906843], [85.5461811, 20.489599], [85.5461887, 20.4894178], [85.5462421, 20.4875754], [85.546242, 20.4859636], [85.5461659, 20.4834307], [85.5457997, 20.4826276], [85.5449452, 20.4818838], [85.5434803, 20.4811437], [85.5418248, 20.4795415], [85.5409627, 20.4769552], [85.5407034, 20.4739072], [85.5405661, 20.4691292], [85.5407111, 20.4678913], [85.540856, 20.4666746], [85.5411536, 20.4641186], [85.5417183, 20.4615133], [85.5418785, 20.4607751], [85.5428399, 20.4585816], [85.5446709, 20.4575345], [85.5465554, 20.4572943], [85.5472954, 20.4582689], [85.5474785, 20.4593619], [85.5474251, 20.460571], [85.5474251, 20.4614904], [85.5481574, 20.4620054], [85.5497598, 20.4622745], [85.550576, 20.4621657], [85.550599, 20.4621638], [85.5512703, 20.4618719], [85.5520561, 20.460636], [85.553315, 20.4591902], [85.5545892, 20.4569606], [85.5549326, 20.4563026], [85.5560541, 20.4541359], [85.5574046, 20.4510917], [85.5574046, 20.4511355], [85.5579386, 20.4514025], [85.5583125, 20.4513493], [85.5585719, 20.4518795], [85.5589686, 20.4524212], [85.5589838, 20.4524706], [85.5594798, 20.4524651], [85.56045, 20.4523874], [85.5604563, 20.4523868], [85.5608073, 20.4523583], [85.5614758, 20.4524101], [85.5615016, 20.4524288], [85.5615169, 20.4524687], [85.561761, 20.4531021], [85.5623484, 20.4539147], [85.5624553, 20.4540596], [85.5625849, 20.4541645], [85.5630733, 20.4545154], [85.5632487, 20.4546433], [85.5634927, 20.4551354], [85.5636684, 20.4554825], [85.5637828, 20.4557057], [85.5637293, 20.457777], [85.5633021, 20.4587345], [85.5630884, 20.4587345], [85.5622415, 20.4587346], [85.5605935, 20.4582558], [85.5591592, 20.4582558], [85.5586557, 20.4587612], [85.5585717, 20.4588413], [85.5584726, 20.4602756], [85.5594796, 20.4620285], [85.5598459, 20.462387], [85.5601968, 20.4627381], [85.5610971, 20.4636231], [85.5621194, 20.4648418], [85.563546, 20.4665451], [85.5638054, 20.4671288], [85.5641259, 20.4679795], [85.5646599, 20.4682445], [85.5653008, 20.4686929], [85.5653465, 20.4687234], [85.5653466, 20.4693071], [85.5654534, 20.4702112], [85.5658806, 20.4705296], [85.5665215, 20.4705297], [85.5666742, 20.4701043], [85.5668877, 20.4688817], [85.5674218, 20.4686166], [85.5676201, 20.468649], [85.5677422, 20.46867], [85.5677956, 20.4694673], [85.5680474, 20.4709397], [85.5682686, 20.4722291], [85.5693367, 20.4739838], [85.5707711, 20.4749395], [85.5720985, 20.474993], [85.573426, 20.474621], [85.57454, 20.4734518], [85.575448, 20.4720708], [85.5760812, 20.4711668], [85.5766152, 20.4709017], [85.5777292, 20.4710086], [85.5789804, 20.471804], [85.5790719, 20.4718821], [85.5793313, 20.472109], [85.5820703, 20.4744666], [85.5823754, 20.4747279], [85.5834893, 20.4759201], [85.5852975, 20.4778617], [85.5857094, 20.4783349], [85.5869987, 20.4798282], [85.5872657, 20.4826969], [85.5873268, 20.4831738], [85.5873802, 20.4835933], [85.5875404, 20.4848827], [85.5876396, 20.4856723], [85.587693, 20.4869466], [85.5885397, 20.4875854], [85.590058, 20.4889664], [85.5915458, 20.4904542], [85.5922858, 20.4913564], [85.5928732, 20.4915166], [85.5939338, 20.4915166], [85.5951545, 20.4914098], [85.5958335, 20.4913355], [85.5965888, 20.4912515], [85.5973517, 20.4911753], [85.5987174, 20.4910379], [85.5992973, 20.4913222], [85.6009986, 20.4921539], [85.6025397, 20.4929511], [85.6050347, 20.4935367], [85.6076973, 20.4936951], [85.608651, 20.4934833], [85.6100319, 20.4922606], [85.6138849, 20.4884346], [85.6163263, 20.4864701], [85.6169672, 20.485938], [85.6173944, 20.4856194], [85.6179742, 20.4855126], [85.61831, 20.4854706], [85.6184015, 20.4854592], [85.6184016, 20.4855221], [85.6189128, 20.4859265], [85.6199122, 20.4862584], [85.6209422, 20.4865903], [85.6217356, 20.4866724], [85.6223154, 20.4865064], [85.6229716, 20.4862165], [85.6233913, 20.4859686], [85.6242151, 20.4857206], [85.6250469, 20.4858027], [85.6258783, 20.4857207], [85.6266185, 20.4856367], [85.6278239, 20.4853888], [85.6295253, 20.4851809], [85.6317608, 20.4847251], [85.6328822, 20.4845191], [85.6323406, 20.4827357], [85.6316769, 20.4802923], [85.6312649, 20.4787989], [85.6308911, 20.4771833], [85.6315091, 20.4770594], [85.6328824, 20.4771834], [85.6353237, 20.4771015], [85.6368193, 20.4771015], [85.6382688, 20.4768936], [85.6402372, 20.476289], [85.6410535, 20.4761803], [85.6417631, 20.4760162], [85.6428464, 20.4756901], [85.643991, 20.4752019], [85.6450209, 20.4746583], [85.6462111, 20.4738991], [85.6475157, 20.4731916], [85.6483855, 20.4722684], [85.6488203, 20.4714005], [85.649179, 20.4702828], [85.6492019, 20.4702046], [85.6494461, 20.4690603], [85.6494765, 20.468902], [85.6499115, 20.467109], [85.6498504, 20.4655335], [85.649492, 20.4647057], [85.6494003, 20.4646695], [85.6493928, 20.4646486], [85.6483094, 20.4631723], [85.647493, 20.4616196], [85.6470658, 20.4599506], [85.6469743, 20.4596494], [85.6461732, 20.4571946], [85.6455171, 20.4559528], [85.6491641, 20.454244], [85.652849, 20.4528459], [85.6565418, 20.4513717], [85.6609287, 20.4495082], [85.6641866, 20.4481101], [85.6674061, 20.4467521], [85.6689015, 20.4459701], [85.6699316, 20.4454323], [85.6720067, 20.4445396], [85.6739828, 20.4435747], [85.6744112, 20.4433726], [85.6761118, 20.4425704], [85.6787666, 20.4413183], [85.6817116, 20.4406966], [85.6845115, 20.4403856], [85.6871513, 20.4398821], [85.6882576, 20.4396343], [85.6914772, 20.4389114], [85.6936563, 20.4385133], [85.694735, 20.4383164], [85.6955118, 20.4382409], [85.6981911, 20.4379806], [85.7011056, 20.4379407], [85.7043863, 20.4379808], [85.7061792, 20.4380513], [85.7063242, 20.4380571], [85.7092767, 20.4379408], [85.7105204, 20.4379808], [85.7122294, 20.4379809], [85.7141291, 20.4378245], [85.7145869, 20.4377464], [85.7159526, 20.4375137], [85.7180735, 20.4372981], [85.7206676, 20.4377464], [85.7240092, 20.4385227], [85.7263743, 20.4392227], [85.7270358, 20.4393517], [85.7291058, 20.4397741], [85.730455, 20.4406511], [85.7313793, 20.4415517], [85.7319439, 20.4422269], [85.7320354, 20.4423356], [85.7321991, 20.4425897], [85.7326136, 20.4432091], [85.7337891, 20.4447751], [85.7338192, 20.4448151], [85.735139, 20.4467378], [85.7358685, 20.4479699], [85.7365428, 20.4491086], [85.737368, 20.4505432], [85.7389495, 20.4532926], [85.743078, 20.4608968], [85.7431228, 20.4609792], [85.7445915, 20.4639555], [85.7446755, 20.464091], [85.7447325, 20.464185], [85.7453239, 20.4651591], [85.7456519, 20.4657066], [85.7457111, 20.4658039], [85.746003, 20.4662844], [85.746415, 20.4666754], [85.7464937, 20.4667484], [85.746705, 20.4669444], [85.7478722, 20.4671389], [85.7487649, 20.467139], [85.7500084, 20.4677609], [85.7526482, 20.4696624], [85.7545861, 20.4710606], [85.7546471, 20.4711044], [85.7547598, 20.4711469], [85.7549462, 20.4712171], [85.7558404, 20.4719526], [85.7562456, 20.472341], [85.756841, 20.4731011], [85.757315, 20.4738733], [85.7585323, 20.4751488], [85.7599836, 20.4768076], [85.7612778, 20.4786736], [85.7621704, 20.4800698], [85.7629531, 20.4815854], [85.7636927, 20.4838339], [85.7637368, 20.4841199], [85.7637921, 20.4844781], [85.7640248, 20.4858228], [85.7644139, 20.4886572], [85.7646933, 20.4912657], [85.7649286, 20.4921865], [85.7651187, 20.4930714], [85.7649761, 20.494293], [85.7649027, 20.4950702], [85.764821, 20.4956434], [85.7648074, 20.4961449], [85.7648073, 20.4961491], [85.7646261, 20.4961386], [85.7637257, 20.496169], [85.7634968, 20.4961767], [85.7619022, 20.4963693], [85.7607224, 20.4965254], [85.7597756, 20.4968215], [85.7587799, 20.4977438], [85.7574681, 20.498808], [85.7571667, 20.4990639], [85.7560254, 20.4976299], [85.7546789, 20.4963879], [85.7535644, 20.4958079], [85.7521438, 20.4950641], [85.7492185, 20.4975551], [85.7485789, 20.4980336], [85.7481549, 20.498757], [85.748006, 20.4997434], [85.7479995, 20.5000204], [85.7479987, 20.5000556], [85.7478497, 20.5009172], [85.7473658, 20.5017017], [85.7470133, 20.5021917], [85.7466156, 20.5029057], [85.7466145, 20.5036936], [85.7467587, 20.5039322], [85.7467321, 20.504556], [85.7464049, 20.5050029], [85.7459005, 20.5053169], [85.7452919, 20.5056938], [85.7447403, 20.5060994], [85.744712, 20.5061202], [85.7447192, 20.5064903], [85.7448676, 20.5068277], [85.7454659, 20.5072424], [85.746132, 20.5075614], [85.7463268, 20.5075683], [85.7470014, 20.508098], [85.747431, 20.508738], [85.7475719, 20.5089666], [85.7475879, 20.5089926], [85.7477349, 20.5093467], [85.7479923, 20.5099808], [85.74797, 20.5102383], [85.7484661, 20.5107663], [85.7487905, 20.5112468], [85.7489737, 20.5117675], [85.7490072, 20.5124605], [85.7488584, 20.5130471], [85.7488967, 20.5133107], [85.7489614, 20.5135437], [85.7490993, 20.5136394], [85.7495464, 20.5136455], [85.75005, 20.5134912], [85.7504501, 20.5134495], [85.750801, 20.5135277], [85.7511927, 20.5137272], [85.7514762, 20.5138848], [85.7517355, 20.5139921], [85.7524892, 20.5139856], [85.7531845, 20.5135567], [85.7541089, 20.512987], [85.7550471, 20.512659], [85.7560532, 20.5123728], [85.756984, 20.5122396], [85.7573156, 20.5120844], [85.7573863, 20.5117025], [85.7570581, 20.5113248], [85.7564691, 20.5110109], [85.7562226, 20.5107248], [85.7561492, 20.5101126], [85.7562108, 20.5097959], [85.7563385, 20.5095367], [85.7566643, 20.5092279], [85.7568037, 20.5091514], [85.7568926, 20.5091095], [85.7570797, 20.5090212], [85.7574416, 20.5090168], [85.7581807, 20.5091138], [85.7591468, 20.5093639], [85.7595006, 20.509475], [85.7600993, 20.5098072], [85.7604448, 20.5100043], [85.7609255, 20.5103813], [85.7615917, 20.5109785], [85.7621306, 20.5113118], [85.7624466, 20.5113421], [85.762642, 20.5113535], [85.7627902, 20.5113471], [85.7627944, 20.5113469], [85.7630167, 20.5115348], [85.7630627, 20.5120434], [85.7630578, 20.5122789], [85.7633782, 20.5126355], [85.7637177, 20.5128983], [85.764261, 20.512942], [85.7650112, 20.5129539], [85.7662192, 20.513383], [85.7672561, 20.5136852], [85.767502, 20.513692], [85.7677254, 20.5136699], [85.7685286, 20.5122629], [85.7708257, 20.5086894], [85.7722304, 20.5065341], [85.7728933, 20.5058138], [85.7728834, 20.505587], [85.7728873, 20.505469], [85.7728316, 20.5053814], [85.7726573, 20.5051076], [85.7714669, 20.5042112], [85.7698675, 20.5030732], [85.7692736, 20.5026472], [85.7680223, 20.5015905], [85.767862, 20.501639], [85.7676701, 20.5008345], [85.7676777, 20.5007563], [85.7677464, 20.5000183], [85.7680364, 20.4983111], [85.7686406, 20.4969589], [85.7687713, 20.4965141], [85.7692744, 20.4948823], [85.7703112, 20.4920232], [85.771294, 20.490427], [85.7720989, 20.4895638], [85.7727387, 20.4889365], [85.7733735, 20.4884708], [85.7739718, 20.488082], [85.7747123, 20.4880249], [85.7752922, 20.4882175], [85.7760702, 20.4882576], [85.776963, 20.4882577], [85.7776649, 20.4882958], [85.7785576, 20.4884121], [85.7804572, 20.4893449], [85.7828299, 20.4903539], [85.784455, 20.4908975], [85.7847145, 20.4910043], [85.7848551, 20.4910611], [85.7854087, 20.4912847], [85.7861488, 20.4916337], [85.7868812, 20.4923719], [85.7876822, 20.4939436], [85.7878501, 20.4942734], [85.7885519, 20.495788], [85.7894827, 20.497806], [85.7900778, 20.4987349], [85.7901923, 20.4989161], [85.7902544, 20.4990138], [85.7903754, 20.499204], [85.7915807, 20.5009512], [85.791619, 20.5009913], [85.79172, 20.5010953], [85.7927862, 20.5021929], [85.7936331, 20.5027441], [85.7942205, 20.5031257], [85.7951285, 20.5031638], [85.7961814, 20.502893], [85.7971503, 20.502504], [85.797814, 20.502193], [85.7984243, 20.5019451], [85.7985766, 20.5019112], [85.7987348, 20.5018759], [85.7996461, 20.5017724], [85.8001041, 20.5017476], [85.8007589, 20.5017276], [85.802117, 20.5016895], [85.8041807, 20.5018468], [85.8063513, 20.5019986], [85.8084875, 20.501844], [85.8089149, 20.5018441], [85.8090594, 20.5018441], [85.8104637, 20.5018441], [85.8111519, 20.5017679], [85.8115183, 20.5014493], [85.8117559, 20.5015391], [85.8124122, 20.5017087], [85.8125939, 20.5020712], [85.8123815, 20.5024327], [85.8121894, 20.5031376], [85.8121339, 20.5037089], [85.8119553, 20.5043125], [85.8106925, 20.506987], [85.8101411, 20.5088111], [85.8100008, 20.5100856], [85.8099978, 20.510104], [85.8098231, 20.5111904], [85.8095586, 20.5129402], [85.809377, 20.5147354], [85.8091121, 20.5155587], [85.8086247, 20.5157812], [85.8080754, 20.5159357], [85.8072037, 20.5164081], [85.8042651, 20.5182978], [85.8039174, 20.51875], [85.8041379, 20.5214474], [85.8043369, 20.5225661], [85.805006, 20.5229172], [85.8065016, 20.5236856], [85.8076688, 20.5242636], [85.8085902, 20.5247125], [85.8086108, 20.5247229], [85.808726, 20.5247813], [85.812569, 20.5239847], [85.8133868, 20.5238516], [85.8137464, 20.5236201], [85.814051, 20.5236183], [85.8142001, 20.5236292], [85.81474, 20.5237724], [85.8152894, 20.5237646], [85.8156169, 20.523526], [85.8158678, 20.5233304], [85.8159915, 20.5232394], [85.8166764, 20.5227354], [85.8180029, 20.5218295], [85.8189473, 20.5240496], [85.8197663, 20.5250563], [85.8202259, 20.5253256], [85.8205827, 20.5253532], [85.8207344, 20.5253616], [85.8207767, 20.5253639], [85.8214626, 20.5252478], [85.8219208, 20.5255115], [85.8222324, 20.5258925], [85.8225467, 20.5261721], [85.8227119, 20.5262832], [85.8232413, 20.526565], [85.8239152, 20.5266853], [85.8246552, 20.526529], [85.8264165, 20.5262623], [85.8273136, 20.5260973], [85.8280327, 20.525482], [85.8283929, 20.5245522], [85.8286107, 20.5232377], [85.8289119, 20.5219761], [85.8291155, 20.5207274], [85.8291197, 20.520014], [85.8290091, 20.5195252], [85.8289825, 20.5187114], [85.8289708, 20.518243], [85.8290325, 20.5176188], [85.8292183, 20.5171864], [85.8297571, 20.5160664], [85.8306689, 20.514539], [85.8311287, 20.5138489], [85.8314054, 20.5132532], [85.8316433, 20.5129919], [85.8321624, 20.5128372], [85.8329748, 20.5129307], [85.8342566, 20.5135525], [85.8356511, 20.5142767], [85.8366952, 20.5146886], [85.8365807, 20.5135614], [85.8372445, 20.5142996], [85.8379407, 20.514699], [85.8383579, 20.5148674], [85.8386489, 20.5149989], [85.8389077, 20.5151427], [85.8393485, 20.5153142], [85.8396538, 20.5154707], [85.8400428, 20.5158198], [85.8404319, 20.5160143], [85.8407447, 20.5161689], [85.8410193, 20.5164798], [85.8416704, 20.5169044], [85.8421422, 20.5172062], [85.8421972, 20.5172373], [85.8424808, 20.5175487], [85.8427509, 20.5179816], [85.8428725, 20.5182856], [85.8429485, 20.5186924], [85.8429914, 20.5192446], [85.8433222, 20.5202299], [85.8436101, 20.521011], [85.8436143, 20.5210778], [85.843805, 20.5226769], [85.8436383, 20.5248119], [85.8436272, 20.5248846], [85.8435448, 20.5254203], [85.8433462, 20.5257952], [85.8428426, 20.5259898], [85.8411719, 20.5261061], [85.8395392, 20.5261843], [85.8389075, 20.5262568], [85.8389157, 20.5264], [85.8389331, 20.5267014], [85.8389914, 20.5276931], [85.8380042, 20.5277331], [85.8379813, 20.5287279], [85.83829, 20.5294496], [85.8383389, 20.5297861], [85.8383638, 20.5299581], [85.838366, 20.5304573], [85.8383692, 20.5311583], [85.8382921, 20.5316876], [85.8382846, 20.5317387], [85.838168, 20.532596], [85.8381344, 20.5334538], [85.8379227, 20.5341341], [85.83764, 20.5348994], [85.8370896, 20.5357124], [85.8365116, 20.5365584], [85.8363133, 20.5371248], [85.8363896, 20.537552], [85.8366185, 20.5379412], [85.8377476, 20.5387937], [85.8390293, 20.53957], [85.8401357, 20.5402701], [85.8406544, 20.5412028], [85.8406773, 20.5412409], [85.8409672, 20.5415289], [85.8411427, 20.5417063], [85.8411612, 20.5417063], [85.8411656, 20.5417063], [85.8416081, 20.5417064], [85.8422261, 20.5417845], [85.8430043, 20.5422099], [85.8440571, 20.5427154], [85.8448659, 20.5432972], [85.845377, 20.5438025], [85.8455143, 20.5439227], [85.8457203, 20.5441135], [85.8460712, 20.5445407], [85.8463459, 20.5449279], [85.846346, 20.5453933], [85.8459949, 20.5464023], [85.8459949, 20.546946], [85.8463458, 20.5476459], [85.846735, 20.5479949], [85.8473911, 20.5481495], [85.8482837, 20.5482658], [85.8491383, 20.5483822], [85.8498784, 20.5484222], [85.8507327, 20.5486931], [85.8509387, 20.5487103], [85.8516635, 20.5487713], [85.8522816, 20.5489659], [85.8529072, 20.5491987], [85.8535862, 20.5498586], [85.8537006, 20.5506349], [85.8535479, 20.5525365], [85.8532275, 20.5539308], [85.853197, 20.5540509], [85.8531589, 20.5550217], [85.853464, 20.5557199], [85.853815, 20.5558343], [85.853937, 20.5558744], [85.8544788, 20.5558362], [85.8548679, 20.555758], [85.8549289, 20.555798], [85.8554095, 20.5560689], [85.8559894, 20.5564961], [85.8565311, 20.5568452], [85.8571567, 20.5573507], [85.8580874, 20.557816], [85.8590183, 20.5582052], [85.8599109, 20.5587869], [85.8604526, 20.5592523], [85.8608035, 20.5594469], [85.8611163, 20.5599905], [85.8613071, 20.5606504], [85.8614139, 20.5607382], [85.8619708, 20.561194], [85.8625506, 20.5616976], [85.8627031, 20.5622412], [85.8626269, 20.5649591], [85.8623064, 20.5666644], [85.8620622, 20.5679861], [85.861757, 20.5704332], [85.8617187, 20.5715185], [85.8617951, 20.5724893], [85.8618333, 20.5738493], [85.8617341, 20.5771472], [85.8615814, 20.5794378], [85.8616195, 20.5800596], [85.8618941, 20.5804468], [85.8622757, 20.5806034], [85.8623213, 20.580649], [85.8626266, 20.5809523], [85.862474, 20.5818449], [85.8624358, 20.5819173], [85.862123, 20.5826212], [85.8620849, 20.5831648], [85.8621612, 20.5835539], [85.862474, 20.5839411], [85.8626266, 20.5841739], [85.8626265, 20.5844847], [85.8624358, 20.5847575], [85.8619704, 20.5851828], [85.8612151, 20.5864645], [85.8610548, 20.5867011], [85.8602004, 20.5879789], [85.8591551, 20.5888716], [85.8574842, 20.5900751], [85.8565152, 20.5909297], [85.8558896, 20.591433], [85.8557905, 20.591538], [85.8552335, 20.5921312], [85.854379, 20.5933348], [85.8538372, 20.5950818], [85.8532344, 20.5967908], [85.8530818, 20.5978379], [85.8534252, 20.5986542], [85.854127, 20.6011777], [85.8540508, 20.6018377], [85.8518001, 20.6020703], [85.8490764, 20.6022248], [85.8483438, 20.6022629], [85.8470774, 20.6050667], [85.8467493, 20.6057954], [85.845765, 20.6083665], [85.8455286, 20.6089787], [85.8450478, 20.6099954], [85.8448648, 20.6103767], [85.843972, 20.6122402], [85.8433159, 20.6141417], [85.8425759, 20.6165489], [85.8409278, 20.6209739], [85.8397222, 20.6238464], [85.8387304, 20.6265243], [85.8385119, 20.6265097], [85.8385072, 20.6265094], [85.8385015, 20.626509], [85.8384338, 20.6267395], [85.8383031, 20.6271843], [85.8378835, 20.6286739], [85.8373266, 20.6302302], [85.8369679, 20.6315902], [85.8364643, 20.6326315], [85.8361668, 20.633797], [85.8356709, 20.6351607], [85.8352283, 20.6360724], [85.8348621, 20.6373026], [85.8344958, 20.6385348], [85.8338702, 20.6399652], [85.8330996, 20.6412737], [85.8325732, 20.6419338], [85.8324054, 20.6427729], [85.8321612, 20.6436788], [85.8321917, 20.6444475], [85.8322909, 20.6452124], [85.8320695, 20.6466944], [85.8319628, 20.647341], [85.8315812, 20.648186], [85.8313295, 20.6486438], [85.8311463, 20.6492273], [85.8311006, 20.6498701], [85.8311311, 20.6507037], [85.8311539, 20.6513427], [85.8309861, 20.6523116], [85.8308716, 20.6528285], [85.8306275, 20.6536048], [85.830452, 20.6543161], [85.8302689, 20.6550276], [85.8298875, 20.6558095], [85.8298417, 20.6563246], [85.8298646, 20.6569006], [85.8299484, 20.6573469], [85.8301696, 20.6578524], [85.8303299, 20.6584246], [85.8300857, 20.659075], [85.8296127, 20.6593458], [85.8291396, 20.6594259], [85.8281402, 20.6602309], [85.8275451, 20.660763], [85.8267287, 20.6609194], [85.8258437, 20.6610128], [85.8236835, 20.6617524], [85.8232848, 20.6617904], [85.8219208, 20.6619211], [85.8209141, 20.6619321], [85.8198855, 20.6619434], [85.8198041, 20.6619383], [85.8177932, 20.6619155], [85.8170591, 20.6618833], [85.8166561, 20.6618761], [85.8150386, 20.6618785], [85.8116917, 20.661476], [85.8110273, 20.6611327], [85.8101746, 20.6602956], [85.8083361, 20.6609695], [85.8053292, 20.6625026], [85.8044529, 20.6628625], [85.8038613, 20.663012], [85.8024803, 20.6640866], [85.801028, 20.6650612], [85.7998919, 20.6654915], [85.7987297, 20.6655738], [85.797929, 20.6660922], [85.7965022, 20.6674735], [85.7961635, 20.6690387], [85.7960775, 20.6708133], [85.7955789, 20.6713474], [85.7942426, 20.6722053], [85.7933801, 20.6726284], [85.7916185, 20.673253]], [[85.7846239, 20.5257735], [85.7851427, 20.5260195], [85.7856156, 20.5262675], [85.7860658, 20.5264735], [85.786516, 20.5266375], [85.7870729, 20.5267596], [85.7875688, 20.5268626], [85.788042, 20.5268835], [85.788492, 20.5268835], [85.7888201, 20.5268434], [85.7892932, 20.5267195], [85.7896669, 20.5265231], [85.7896976, 20.5264315], [85.7897204, 20.5255713], [85.7896594, 20.5250564], [85.789751, 20.5246425], [85.789667, 20.5239845], [85.789583, 20.5236544], [85.7893771, 20.5234084], [85.7893007, 20.5233798], [85.7886752, 20.5231414], [85.787607, 20.5229754], [85.7868517, 20.5228534], [85.7865161, 20.5227903], [85.786188, 20.5226663], [85.7860888, 20.5222773], [85.7858371, 20.5218863], [85.7854938, 20.5216593], [85.7851357, 20.5215515], [85.7850818, 20.5215353], [85.7847537, 20.5215162], [85.7841739, 20.5215982], [85.7836397, 20.5217413], [85.7833956, 20.5217832], [85.7830599, 20.5215982], [85.782587, 20.5212072], [85.7821978, 20.5208371], [85.7819765, 20.5206922], [85.7815797, 20.5206312], [85.7814577, 20.5206597], [85.7813128, 20.5206922], [85.7811069, 20.5208982], [85.7809848, 20.5211652], [85.7806948, 20.5216192], [85.7806414, 20.5219072], [85.7805956, 20.5221742], [85.7804735, 20.5230574], [85.7804736, 20.5237153], [85.780565, 20.5241274], [85.7806032, 20.5242628], [85.7813127, 20.5250943], [85.7814806, 20.5253214], [85.7817094, 20.5255064], [85.7819765, 20.5255884], [85.7824495, 20.5256494], [85.7828157, 20.5256284], [85.7834109, 20.5255064], [85.7838075, 20.5255064], [85.7838458, 20.5255064], [85.7841355, 20.5255465], [85.7846239, 20.5257735]], [[85.7942372, 20.5144745], [85.7941456, 20.5148063], [85.7941457, 20.515184], [85.7944051, 20.5163246], [85.7945119, 20.5168147], [85.79455, 20.5170035], [85.7953739, 20.517879], [85.7964878, 20.5185638], [85.797762, 20.5187546], [85.7983799, 20.5187546], [85.7985935, 20.5185219], [85.7987079, 20.5183999], [85.7986623, 20.5178086], [85.7983571, 20.5171925], [85.7981206, 20.5164848], [85.7981892, 20.5157752], [85.7982808, 20.5156321], [85.7985708, 20.5154911], [85.7988987, 20.5155864], [85.7992497, 20.5158459], [85.7997991, 20.5161759], [85.8001958, 20.5165306], [85.8006917, 20.5169559], [85.8010731, 20.5169808], [85.8015233, 20.5168626], [85.8015921, 20.516792], [85.8016377, 20.5162712], [85.8014547, 20.5149246], [85.8010961, 20.5142152], [85.8008138, 20.5136468], [85.8006689, 20.5131259], [85.8007681, 20.5125596], [85.8010505, 20.5122048], [85.8017828, 20.5119205], [85.8024695, 20.5118977], [85.8029424, 20.5118023], [85.8032019, 20.5116612], [85.8034612, 20.5112835], [85.8039114, 20.5105073], [85.8040488, 20.5102669], [85.8040793, 20.5102231], [85.8043005, 20.5099141], [85.8040182, 20.5098703], [85.8039801, 20.5098644], [85.8029882, 20.5102422], [85.8018285, 20.5107629], [85.8001272, 20.5113064], [85.7990438, 20.5112834], [85.7977391, 20.5111653], [85.7976452, 20.511175], [85.7975561, 20.5111842], [85.7968389, 20.5112587], [85.7967703, 20.5113082], [85.7963888, 20.5115906], [85.7958928, 20.5117088], [85.7951833, 20.512157], [85.7949773, 20.5128436], [85.794901, 20.5135761], [85.7946416, 20.5139785], [85.7942372, 20.5144745]]]}}, {"type": "Feature", "properties": {"OBJECTID": 544, "state": "ODISHA", "district": "Cuttack", "stcode11": "21", "dtcode11": "381", "blkcode11": "0128", "block_name": "TANGI CHOUDWAR", "code2011": "213810128", "block_lgd": 3344, "block_ver": 1, "dist_lgd": 350, "b_pan_code": 3707, "state_lgd": 21, "shape_Length": 132140.63754748105, "shape_Area": 424570451.3335314}, "geometry": {"type": "MultiPolygon", "coordinates": [[[[85.7531845, 20.5135567], [85.7524892, 20.5139856], [85.7517355, 20.5139921], [85.7514762, 20.5138848], [85.7511927, 20.5137272], [85.750801, 20.5135277], [85.7504501, 20.5134495], [85.75005, 20.5134912], [85.7495464, 20.5136455], [85.7490993, 20.5136394], [85.7489614, 20.5135437], [85.7488967, 20.5133107], [85.7488584, 20.5130471], [85.7490072, 20.5124605], [85.7489737, 20.5117675], [85.7487905, 20.5112468], [85.7484661, 20.5107663], [85.74797, 20.5102383], [85.7479923, 20.5099808], [85.7477349, 20.5093467], [85.7475879, 20.5089926], [85.7475719, 20.5089666], [85.747431, 20.508738], [85.7470014, 20.508098], [85.7463268, 20.5075683], [85.746132, 20.5075614], [85.7454659, 20.5072424], [85.7448676, 20.5068277], [85.7447192, 20.5064903], [85.744712, 20.5061202], [85.7447403, 20.5060994], [85.7452919, 20.5056938], [85.7459005, 20.5053169], [85.7464049, 20.5050029], [85.7467321, 20.504556], [85.7467587, 20.5039322], [85.7466145, 20.5036936], [85.7466156, 20.5029057], [85.7470133, 20.5021917], [85.7473658, 20.5017017], [85.7478497, 20.5009172], [85.7479987, 20.5000556], [85.7479995, 20.5000204], [85.748006, 20.4997434], [85.7481549, 20.498757], [85.7485789, 20.4980336], [85.7492185, 20.4975551], [85.7521438, 20.4950641], [85.7535644, 20.4958079], [85.7546789, 20.4963879], [85.7560254, 20.4976299], [85.7571667, 20.4990639], [85.7574681, 20.498808], [85.7587799, 20.4977438], [85.7597756, 20.4968215], [85.7607224, 20.4965254], [85.7619022, 20.4963693], [85.7634968, 20.4961767], [85.7637257, 20.496169], [85.7646261, 20.4961386], [85.7648073, 20.4961491], [85.7648074, 20.4961449], [85.7648717, 20.4963484], [85.7648717, 20.496625], [85.7650015, 20.4991294], [85.7653141, 20.4998102], [85.7655888, 20.5002699], [85.7660542, 20.5007488], [85.7665653, 20.501092], [85.7666035, 20.5011188], [85.7670994, 20.5013934], [85.7674504, 20.5015785], [85.767862, 20.501639], [85.7680223, 20.5015905], [85.7692736, 20.5026472], [85.7698675, 20.5030732], [85.7714669, 20.5042112], [85.7726573, 20.5051076], [85.7728316, 20.5053814], [85.7728873, 20.505469], [85.7728834, 20.505587], [85.7728933, 20.5058138], [85.7722304, 20.5065341], [85.7708257, 20.5086894], [85.7685286, 20.5122629], [85.7677254, 20.5136699], [85.767502, 20.513692], [85.7672561, 20.5136852], [85.7662192, 20.513383], [85.7650112, 20.5129539], [85.764261, 20.512942], [85.7637177, 20.5128983], [85.7633782, 20.5126355], [85.7630578, 20.5122789], [85.7630627, 20.5120434], [85.7630167, 20.5115348], [85.7627944, 20.5113469], [85.7627902, 20.5113471], [85.762642, 20.5113535], [85.7624466, 20.5113421], [85.7621306, 20.5113118], [85.7615917, 20.5109785], [85.7609255, 20.5103813], [85.7604448, 20.5100043], [85.7600993, 20.5098072], [85.7595006, 20.509475], [85.7591468, 20.5093639], [85.7581807, 20.5091138], [85.7574416, 20.5090168], [85.7570797, 20.5090212], [85.7568926, 20.5091095], [85.7568037, 20.5091514], [85.7566643, 20.5092279], [85.7563385, 20.5095367], [85.7562108, 20.5097959], [85.7561492, 20.5101126], [85.7562226, 20.5107248], [85.7564691, 20.5110109], [85.7570581, 20.5113248], [85.7573863, 20.5117025], [85.7573156, 20.5120844], [85.756984, 20.5122396], [85.7560532, 20.5123728], [85.7550471, 20.512659], [85.7541089, 20.512987], [85.7531845, 20.5135567]]], [[[85.7982808, 20.5156321], [85.7981892, 20.5157752], [85.7981206, 20.5164848], [85.7983571, 20.5171925], [85.7986623, 20.5178086], [85.7987079, 20.5183999], [85.7985935, 20.5185219], [85.7983799, 20.5187546], [85.797762, 20.5187546], [85.7964878, 20.5185638], [85.7953739, 20.517879], [85.79455, 20.5170035], [85.7945119, 20.5168147], [85.7944051, 20.5163246], [85.7941457, 20.515184], [85.7941456, 20.5148063], [85.7942372, 20.5144745], [85.7946416, 20.5139785], [85.794901, 20.5135761], [85.7949773, 20.5128436], [85.7951833, 20.512157], [85.7958928, 20.5117088], [85.7963888, 20.5115906], [85.7967703, 20.5113082], [85.7968389, 20.5112587], [85.7975561, 20.5111842], [85.7976452, 20.511175], [85.7977391, 20.5111653], [85.7990438, 20.5112834], [85.8001272, 20.5113064], [85.8018285, 20.5107629], [85.8029882, 20.5102422], [85.8039801, 20.5098644], [85.8040182, 20.5098703], [85.8043005, 20.5099141], [85.8040793, 20.5102231], [85.8040488, 20.5102669], [85.8039114, 20.5105073], [85.8034612, 20.5112835], [85.8032019, 20.5116612], [85.8029424, 20.5118023], [85.8024695, 20.5118977], [85.8017828, 20.5119205], [85.8010505, 20.5122048], [85.8007681, 20.5125596], [85.8006689, 20.5131259], [85.8008138, 20.5136468], [85.8010961, 20.5142152], [85.8014547, 20.5149246], [85.8016377, 20.5162712], [85.8015921, 20.516792], [85.8015233, 20.5168626], [85.8010731, 20.5169808], [85.8006917, 20.5169559], [85.8001958, 20.5165306], [85.7997991, 20.5161759], [85.7992497, 20.5158459], [85.7988987, 20.5155864], [85.7985708, 20.5154911], [85.7982808, 20.5156321]]], [[[85.7897204, 20.5255713], [85.7896976, 20.5264315], [85.7896669, 20.5265231], [85.7892932, 20.5267195], [85.7888201, 20.5268434], [85.788492, 20.5268835], [85.788042, 20.5268835], [85.7875688, 20.5268626], [85.7870729, 20.5267596], [85.786516, 20.5266375], [85.7860658, 20.5264735], [85.7856156, 20.5262675], [85.7851427, 20.5260195], [85.7846239, 20.5257735], [85.7841355, 20.5255465], [85.7838458, 20.5255064], [85.7838075, 20.5255064], [85.7834109, 20.5255064], [85.7828157, 20.5256284], [85.7824495, 20.5256494], [85.7819765, 20.5255884], [85.7817094, 20.5255064], [85.7814806, 20.5253214], [85.7813127, 20.5250943], [85.7806032, 20.5242628], [85.780565, 20.5241274], [85.7804736, 20.5237153], [85.7804735, 20.5230574], [85.7805956, 20.5221742], [85.7806414, 20.5219072], [85.7806948, 20.5216192], [85.7809848, 20.5211652], [85.7811069, 20.5208982], [85.7813128, 20.5206922], [85.7814577, 20.5206597], [85.7815797, 20.5206312], [85.7819765, 20.5206922], [85.7821978, 20.5208371], [85.782587, 20.5212072], [85.7830599, 20.5215982], [85.7833956, 20.5217832], [85.7836397, 20.5217413], [85.7841739, 20.5215982], [85.7847537, 20.5215162], [85.7850818, 20.5215353], [85.7851357, 20.5215515], [85.7854938, 20.5216593], [85.7858371, 20.5218863], [85.7860888, 20.5222773], [85.786188, 20.5226663], [85.7865161, 20.5227903], [85.7868517, 20.5228534], [85.787607, 20.5229754], [85.7886752, 20.5231414], [85.7893007, 20.5233798], [85.7893771, 20.5234084], [85.789583, 20.5236544], [85.789667, 20.5239845], [85.789751, 20.5246425], [85.7896594, 20.5250564], [85.7897204, 20.5255713]]], [[[85.924233, 20.7000567], [85.9239109, 20.700127], [85.9233669, 20.7003269], [85.9222262, 20.7007399], [85.9213022, 20.7010458], [85.9191263, 20.7018994], [85.9188674, 20.7019788], [85.9187366, 20.702019], [85.9182073, 20.7021806], [85.917678, 20.7023422], [85.9165764, 20.7026515], [85.9160233, 20.7028061], [85.9157064, 20.702804], [85.9153895, 20.7028022], [85.9151789, 20.7027285], [85.9150451, 20.7026373], [85.914916, 20.7025552], [85.9146147, 20.7023997], [85.9144664, 20.7023174], [85.9143134, 20.7022397], [85.9137961, 20.7020648], [85.9129363, 20.7018764], [85.9129045, 20.7018694], [85.9127272, 20.7018367], [85.9124215, 20.7017803], [85.9121182, 20.7017243], [85.9118068, 20.7016343], [85.9114954, 20.7015443], [85.910863, 20.7013686], [85.9096748, 20.7010236], [85.9096748, 20.7010223], [85.9097131, 20.7003629], [85.9097629, 20.6994508], [85.9099662, 20.6958608], [85.9099771, 20.6956711], [85.9099945, 20.6952511], [85.9100339, 20.6951159], [85.9100596, 20.6948811], [85.9101151, 20.694502], [85.9102292, 20.6939832], [85.9102024, 20.693694], [85.9102729, 20.6932426], [85.9103438, 20.6927236], [85.9103865, 20.6921411], [85.9103018, 20.6917398], [85.9102796, 20.6916345], [85.9102206, 20.6911643], [85.9101981, 20.6909473], [85.9102345, 20.6905591], [85.9102118, 20.6903782], [85.9101966, 20.6903059], [85.9101437, 20.6900533], [85.9101236, 20.6899576], [85.9100859, 20.689858], [85.9099468, 20.6895491], [85.9098779, 20.6893959], [85.9096972, 20.6891644], [85.9086745, 20.6878343], [85.9075878, 20.6867657], [85.9072354, 20.686366], [85.9070553, 20.6860487], [85.906804, 20.6842492], [85.906713, 20.6835665], [85.9054034, 20.6807711], [85.9049715, 20.6801031], [85.904283, 20.6790383], [85.9040888, 20.6786146], [85.9036497, 20.6776564], [85.9031296, 20.6772239], [85.9008563, 20.676952], [85.9005504, 20.6769817], [85.9002463, 20.6770112], [85.8987249, 20.6759648], [85.8972036, 20.6749184], [85.8948751, 20.6730152], [85.8931561, 20.671116], [85.8927384, 20.6708153], [85.891079, 20.6696208], [85.8908871, 20.669431], [85.890693, 20.6692391], [85.8903727, 20.6677191], [85.8905227, 20.6635957], [85.8904386, 20.663279], [85.8897235, 20.6623484], [85.8894687, 20.6620169], [85.8894285, 20.661592], [85.8894537, 20.6614476], [85.8896636, 20.660297], [85.8896936, 20.6601391], [85.8896221, 20.6600756], [85.8895552, 20.6600162], [85.8884558, 20.6587308], [85.8883465, 20.6586035], [85.8853917, 20.6583676], [85.8842011, 20.6580911], [85.8830104, 20.6578147], [85.8827954, 20.6577626], [85.8827422, 20.6577497], [85.8795547, 20.6571778], [85.8780929, 20.6588669], [85.8775991, 20.6594374], [85.8761779, 20.660806], [85.8746631, 20.6625172], [85.8740733, 20.6630871], [85.872761, 20.6633631], [85.8711471, 20.6641746], [85.8674835, 20.6663371], [85.8660555, 20.6673169], [85.8654768, 20.6676836], [85.8608023, 20.6676213], [85.8584549, 20.6676689], [85.8576653, 20.6677544], [85.8568842, 20.6678391], [85.8546408, 20.6680726], [85.8497278, 20.6684781], [85.8445242, 20.6685609], [85.842933, 20.6684393], [85.8412191, 20.6683082], [85.8394487, 20.6682218], [85.8376783, 20.6681354], [85.8355666, 20.6680986], [85.8343333, 20.6680722], [85.8342809, 20.6680695], [85.8331291, 20.6680098], [85.8311789, 20.6675631], [85.8282383, 20.666111], [85.8281265, 20.6660105], [85.826451, 20.6645043], [85.826265, 20.6643358], [85.8246694, 20.6627349], [85.8236835, 20.6617524], [85.8258437, 20.6610128], [85.8267287, 20.6609194], [85.8275451, 20.660763], [85.8281402, 20.6602309], [85.8291396, 20.6594259], [85.8296127, 20.6593458], [85.8300857, 20.659075], [85.8303299, 20.6584246], [85.8301696, 20.6578524], [85.8299484, 20.6573469], [85.8298646, 20.6569006], [85.8298417, 20.6563246], [85.8298875, 20.6558095], [85.8302689, 20.6550276], [85.830452, 20.6543161], [85.8306275, 20.6536048], [85.8308716, 20.6528285], [85.8309861, 20.6523116], [85.8311539, 20.6513427], [85.8311311, 20.6507037], [85.8311006, 20.6498701], [85.8311463, 20.6492273], [85.8313295, 20.6486438], [85.8315812, 20.648186], [85.8319628, 20.647341], [85.8320695, 20.6466944], [85.8322909, 20.6452124], [85.8321917, 20.6444475], [85.8321612, 20.6436788], [85.8324054, 20.6427729], [85.8325732, 20.6419338], [85.8330996, 20.6412737], [85.8338702, 20.6399652], [85.8344958, 20.6385348], [85.8348621, 20.6373026], [85.8352283, 20.6360724], [85.8356709, 20.6351607], [85.8361668, 20.633797], [85.8364643, 20.6326315], [85.8369679, 20.6315902], [85.8373266, 20.6302302], [85.8378835, 20.6286739], [85.8383031, 20.6271843], [85.8384338, 20.6267395], [85.8385015, 20.626509], [85.8385072, 20.6265094], [85.8385119, 20.6265097], [85.8387304, 20.6265243], [85.8397222, 20.6238464], [85.8409278, 20.6209739], [85.8425759, 20.6165489], [85.8433159, 20.6141417], [85.843972, 20.6122402], [85.8448648, 20.6103767], [85.8450478, 20.6099954], [85.8455286, 20.6089787], [85.845765, 20.6083665], [85.8467493, 20.6057954], [85.8470774, 20.6050667], [85.8483438, 20.6022629], [85.8490764, 20.6022248], [85.8518001, 20.6020703], [85.8540508, 20.6018377], [85.854127, 20.6011777], [85.8534252, 20.5986542], [85.8530818, 20.5978379], [85.8532344, 20.5967908], [85.8538372, 20.5950818], [85.854379, 20.5933348], [85.8552335, 20.5921312], [85.8557905, 20.591538], [85.8558896, 20.591433], [85.8565152, 20.5909297], [85.8574842, 20.5900751], [85.8591551, 20.5888716], [85.8602004, 20.5879789], [85.8610548, 20.5867011], [85.8612151, 20.5864645], [85.8619704, 20.5851828], [85.8624358, 20.5847575], [85.8626265, 20.5844847], [85.8626266, 20.5841739], [85.862474, 20.5839411], [85.8621612, 20.5835539], [85.8620849, 20.5831648], [85.862123, 20.5826212], [85.8624358, 20.5819173], [85.862474, 20.5818449], [85.8626266, 20.5809523], [85.8623213, 20.580649], [85.8622757, 20.5806034], [85.8618941, 20.5804468], [85.8616195, 20.5800596], [85.8615814, 20.5794378], [85.8617341, 20.5771472], [85.8618333, 20.5738493], [85.8617951, 20.5724893], [85.8617187, 20.5715185], [85.861757, 20.5704332], [85.8620622, 20.5679861], [85.8623064, 20.5666644], [85.8626269, 20.5649591], [85.8627031, 20.5622412], [85.8625506, 20.5616976], [85.8619708, 20.561194], [85.8614139, 20.5607382], [85.8613071, 20.5606504], [85.8611163, 20.5599905], [85.8608035, 20.5594469], [85.8604526, 20.5592523], [85.8599109, 20.5587869], [85.8590183, 20.5582052], [85.8580874, 20.557816], [85.8571567, 20.5573507], [85.8565311, 20.5568452], [85.8559894, 20.5564961], [85.8554095, 20.5560689], [85.8549289, 20.555798], [85.8548679, 20.555758], [85.8544788, 20.5558362], [85.853937, 20.5558744], [85.853815, 20.5558343], [85.853464, 20.5557199], [85.8531589, 20.5550217], [85.853197, 20.5540509], [85.8532275, 20.5539308], [85.8535479, 20.5525365], [85.8537006, 20.5506349], [85.8535862, 20.5498586], [85.8529072, 20.5491987], [85.8522816, 20.5489659], [85.8516635, 20.5487713], [85.8509387, 20.5487103], [85.8507327, 20.5486931], [85.8498784, 20.5484222], [85.8491383, 20.5483822], [85.8482837, 20.5482658], [85.8473911, 20.5481495], [85.846735, 20.5479949], [85.8463458, 20.5476459], [85.8459949, 20.546946], [85.8459949, 20.5464023], [85.846346, 20.5453933], [85.8463459, 20.5449279], [85.8460712, 20.5445407], [85.8457203, 20.5441135], [85.8455143, 20.5439227], [85.845377, 20.5438025], [85.8448659, 20.5432972], [85.8440571, 20.5427154], [85.8430043, 20.5422099], [85.8422261, 20.5417845], [85.8416081, 20.5417064], [85.8411656, 20.5417063], [85.8411612, 20.5417063], [85.8411427, 20.5417063], [85.8409672, 20.5415289], [85.8406773, 20.5412409], [85.8406544, 20.5412028], [85.8401357, 20.5402701], [85.8390293, 20.53957], [85.8377476, 20.5387937], [85.8366185, 20.5379412], [85.8363896, 20.537552], [85.8363133, 20.5371248], [85.8365116, 20.5365584], [85.8370896, 20.5357124], [85.83764, 20.5348994], [85.8379227, 20.5341341], [85.8381344, 20.5334538], [85.838168, 20.532596], [85.8382846, 20.5317387], [85.8382921, 20.5316876], [85.8383692, 20.5311583], [85.838366, 20.5304573], [85.8383638, 20.5299581], [85.8383389, 20.5297861], [85.83829, 20.5294496], [85.8379813, 20.5287279], [85.8380042, 20.5277331], [85.8389914, 20.5276931], [85.8389331, 20.5267014], [85.8389157, 20.5264], [85.8389075, 20.5262568], [85.8395392, 20.5261843], [85.8411719, 20.5261061], [85.8428426, 20.5259898], [85.8433462, 20.5257952], [85.8435448, 20.5254203], [85.8436272, 20.5248846], [85.8436383, 20.5248119], [85.843805, 20.5226769], [85.8436143, 20.5210778], [85.8436101, 20.521011], [85.8433222, 20.5202299], [85.8429914, 20.5192446], [85.8429485, 20.5186924], [85.8428725, 20.5182856], [85.8427509, 20.5179816], [85.8424808, 20.5175487], [85.8421972, 20.5172373], [85.8421422, 20.5172062], [85.8416704, 20.5169044], [85.8410193, 20.5164798], [85.8407447, 20.5161689], [85.8404319, 20.5160143], [85.8400428, 20.5158198], [85.8396538, 20.5154707], [85.8393485, 20.5153142], [85.8389077, 20.5151427], [85.8386489, 20.5149989], [85.8383579, 20.5148674], [85.8379407, 20.514699], [85.8372445, 20.5142996], [85.8365807, 20.5135614], [85.8366952, 20.5146886], [85.8356511, 20.5142767], [85.8342566, 20.5135525], [85.8329748, 20.5129307], [85.8321624, 20.5128372], [85.8316433, 20.5129919], [85.8314054, 20.5132532], [85.8311287, 20.5138489], [85.8306689, 20.514539], [85.8297571, 20.5160664], [85.8292183, 20.5171864], [85.8290325, 20.5176188], [85.8289708, 20.518243], [85.8289825, 20.5187114], [85.8290091, 20.5195252], [85.8291197, 20.520014], [85.8291155, 20.5207274], [85.8289119, 20.5219761], [85.8286107, 20.5232377], [85.8283929, 20.5245522], [85.8280327, 20.525482], [85.8273136, 20.5260973], [85.8264165, 20.5262623], [85.8246552, 20.526529], [85.8239152, 20.5266853], [85.8232413, 20.526565], [85.8227119, 20.5262832], [85.8225467, 20.5261721], [85.8222324, 20.5258925], [85.8219208, 20.5255115], [85.8214626, 20.5252478], [85.8207767, 20.5253639], [85.8207344, 20.5253616], [85.8205827, 20.5253532], [85.8202259, 20.5253256], [85.8197663, 20.5250563], [85.8189473, 20.5240496], [85.8180029, 20.5218295], [85.8166764, 20.5227354], [85.8159915, 20.5232394], [85.8158678, 20.5233304], [85.8156169, 20.523526], [85.8152894, 20.5237646], [85.81474, 20.5237724], [85.8142001, 20.5236292], [85.814051, 20.5236183], [85.8137464, 20.5236201], [85.8133868, 20.5238516], [85.812569, 20.5239847], [85.808726, 20.5247813], [85.8086108, 20.5247229], [85.8085902, 20.5247125], [85.8076688, 20.5242636], [85.8065016, 20.5236856], [85.805006, 20.5229172], [85.8043369, 20.5225661], [85.8041379, 20.5214474], [85.8039174, 20.51875], [85.8042651, 20.5182978], [85.8072037, 20.5164081], [85.8080754, 20.5159357], [85.8086247, 20.5157812], [85.8091121, 20.5155587], [85.809377, 20.5147354], [85.8095586, 20.5129402], [85.8098231, 20.5111904], [85.8099978, 20.510104], [85.8129906, 20.5086306], [85.8145623, 20.5079268], [85.8164009, 20.5070094], [85.8175301, 20.5064142], [85.8199105, 20.5050086], [85.8219782, 20.5049114], [85.8221841, 20.5049018], [85.8229165, 20.5049877], [85.82445, 20.5051708], [85.8269906, 20.5052263], [85.8290048, 20.5052261], [85.8294778, 20.5052262], [85.8310953, 20.5052263], [85.8320718, 20.5052263], [85.8340707, 20.5052797], [85.8354746, 20.5055391], [85.8367334, 20.5053426], [85.8376109, 20.5052455], [85.8410669, 20.5048658], [85.843989, 20.5047019], [85.8497034, 20.5048298], [85.8502911, 20.5048431], [85.8557842, 20.5049671], [85.8594234, 20.5051637], [85.8632306, 20.5050779], [85.8645351, 20.5050493], [85.8675412, 20.5040842], [85.8694028, 20.5026366], [85.8718214, 20.5017859], [85.8731413, 20.5010554], [85.8754683, 20.5001094], [85.8803816, 20.4995583], [85.8861113, 20.4993638], [85.8864319, 20.4993543], [85.8905593, 20.4998884], [85.8987914, 20.5000925], [85.9020951, 20.5004628], [85.9040939, 20.5011512], [85.9042161, 20.5011933], [85.9043839, 20.5012523], [85.9056504, 20.5021736], [85.9065735, 20.5032226], [85.9069322, 20.5046838], [85.9071, 20.5052025], [85.9077409, 20.5064232], [85.907924, 20.5065414], [85.9085037, 20.5074723], [85.9101669, 20.5091717], [85.9114182, 20.5100606], [85.9123794, 20.5105985], [85.9140732, 20.5110944], [85.9189179, 20.5118916], [85.9210999, 20.5119986], [85.9218246, 20.5121302], [85.9245027, 20.512075], [85.9252351, 20.5121494], [85.9256547, 20.5123878], [85.9277222, 20.5124335], [85.9317811, 20.5124374], [85.9330095, 20.5124374], [85.9352067, 20.5121419], [85.9361832, 20.5121647], [85.9369157, 20.5120102], [85.938373, 20.5119283], [85.9395098, 20.511953], [85.9415393, 20.5119988], [85.9420274, 20.511894], [85.945537, 20.5120275], [85.9456743, 20.5120333], [85.9465212, 20.5120199], [85.951137, 20.5124435], [85.9521288, 20.5124777], [85.955997, 20.5126095], [85.956966, 20.5127468], [85.9571643, 20.5127276], [85.9574543, 20.5126991], [85.9593922, 20.5129165], [85.9608493, 20.5132924], [85.9613299, 20.5133037], [85.9620547, 20.5134908], [85.9625355, 20.5135575], [85.9640002, 20.5137635], [85.9671512, 20.5140077], [85.9677005, 20.5139829], [85.9687077, 20.5139391], [85.9688603, 20.5139314], [85.9693409, 20.5140554], [85.9703174, 20.5140783], [85.9729955, 20.5138513], [85.9734838, 20.5136912], [85.9764134, 20.5132983], [85.9778401, 20.5130332], [85.9782347, 20.5129597], [85.9786184, 20.5128882], [85.979595, 20.5126251], [85.9820364, 20.5123923], [85.9827077, 20.5121196], [85.9853934, 20.5118946], [85.9875372, 20.5119423], [85.9889944, 20.5119767], [85.9891775, 20.5119804], [85.9895209, 20.5119882], [85.9904974, 20.5118374], [85.9936637, 20.5119081], [85.9948691, 20.5121636], [85.9956015, 20.5121808], [85.9960822, 20.512364], [85.9965705, 20.5123754], [85.9972953, 20.5126215], [85.9975318, 20.5127969], [85.9979743, 20.5128084], [85.9992179, 20.5136591], [86.0001638, 20.5142962], [86.0004234, 20.5144735], [86.000698, 20.5146738], [86.0016821, 20.5154005], [86.0019262, 20.5156104], [86.0021093, 20.5157705], [86.0024222, 20.516236], [86.0034674, 20.517285], [86.0046424, 20.5179165], [86.0052222, 20.5182311], [86.0063361, 20.518643], [86.006504, 20.5187042], [86.0080299, 20.5192439], [86.0088157, 20.5193947], [86.0101585, 20.5196503], [86.0114783, 20.5198182], [86.0131873, 20.5198181], [86.0134696, 20.5198182], [86.0143459, 20.5198007], [86.0143709, 20.5198002], [86.0150947, 20.5197858], [86.0159644, 20.5198239], [86.0181312, 20.5199212], [86.0200614, 20.5199879], [86.0216789, 20.5200548], [86.0231667, 20.5201234], [86.0238839, 20.5201368], [86.0249213, 20.5201578], [86.0263786, 20.5203256], [86.0274239, 20.5204955], [86.0277061, 20.5205298], [86.0291024, 20.5214167], [86.0292397, 20.5215769], [86.0293999, 20.5217543], [86.0299339, 20.5223686], [86.030468, 20.5231867], [86.031002, 20.524726], [86.0311013, 20.5262327], [86.0310248, 20.5270606], [86.0305137, 20.5286875], [86.0304679, 20.5291834], [86.0300101, 20.5308143], [86.0295676, 20.53185], [86.0293844, 20.5322676], [86.0290411, 20.5334083], [86.0289037, 20.5335646], [86.0288734, 20.5338945], [86.028736, 20.5340529], [86.0287054, 20.5343829], [86.028568, 20.5345394], [86.0279729, 20.5363264], [86.0278508, 20.5383178], [86.0276296, 20.5388518], [86.0277517, 20.5394125], [86.0280034, 20.5406141], [86.0279652, 20.5411426], [86.0280339, 20.5424261], [86.028133, 20.543643], [86.028339, 20.5446235], [86.0285755, 20.5450279], [86.0293842, 20.5462122], [86.0301318, 20.5471241], [86.0312229, 20.5479861], [86.0313241, 20.5480313], [86.0326267, 20.5486118], [86.0340153, 20.5489818], [86.0355716, 20.5491515], [86.0373265, 20.5490258], [86.0374637, 20.5490161], [86.0391193, 20.5488808], [86.0406758, 20.5484077], [86.0416829, 20.5482057], [86.0447881, 20.5462659], [86.044933, 20.5461781], [86.0453298, 20.5459646], [86.0463826, 20.5454], [86.0486487, 20.5445551], [86.0501669, 20.5439809], [86.0514868, 20.543508], [86.0523718, 20.5433191], [86.053379, 20.5431036], [86.0552405, 20.5432047], [86.0574301, 20.5435768], [86.0580252, 20.5439221], [86.0585823, 20.5442519], [86.0593605, 20.544725], [86.0601005, 20.545198], [86.0610159, 20.5458065], [86.0621985, 20.5467181], [86.0623282, 20.5468231], [86.0629767, 20.547361], [86.0638542, 20.5480705], [86.0645331, 20.548679], [86.064762, 20.5489498], [86.0649069, 20.5499321], [86.0649222, 20.5510995], [86.0651206, 20.55228], [86.0652273, 20.5524575], [86.0652323, 20.5525487], [86.0652731, 20.553291], [86.0654867, 20.5543057], [86.0654485, 20.5546357], [86.0655554, 20.5548111], [86.065708, 20.5564877], [86.0656316, 20.5566479], [86.0658758, 20.5573326], [86.0659826, 20.5581719], [86.0660435, 20.5582901], [86.0660818, 20.559797], [86.0661198, 20.5602853], [86.0661028, 20.5602997], [86.0661217, 20.5603196], [86.0661503, 20.5608441], [86.0662877, 20.561216], [86.0668675, 20.5623204], [86.0670278, 20.5626351], [86.0675007, 20.5636155], [86.0684162, 20.5656087], [86.0685841, 20.5659558], [86.0694996, 20.5677392], [86.0703082, 20.5686852], [86.0722995, 20.5706423], [86.0724293, 20.5707739], [86.0727727, 20.5711172], [86.0742984, 20.5724027], [86.0756488, 20.5733488], [86.0761294, 20.5736445], [86.0769687, 20.5741594], [86.0781512, 20.5751055], [86.0791278, 20.5760859], [86.0799747, 20.5768966], [86.080608, 20.5776118], [86.0806842, 20.5777338], [86.0810581, 20.5780447], [86.081226, 20.5781821], [86.081592, 20.5784854], [86.082439, 20.5794314], [86.0831179, 20.5803432], [86.0837587, 20.5811214], [86.0840946, 20.5815601], [86.0850101, 20.5826416], [86.0857882, 20.5834865], [86.0862917, 20.5840263], [86.0872073, 20.5849724], [86.0883211, 20.5857849], [86.0884967, 20.5859184], [86.0891299, 20.5863934], [86.0895342, 20.5869674], [86.0896333, 20.5870877], [86.0891451, 20.5874862], [86.0890077, 20.5876447], [86.0878481, 20.5882797], [86.0852998, 20.5894202], [86.0837433, 20.5903586], [86.0830185, 20.590969], [86.0827363, 20.5913925], [86.0825455, 20.5914897], [86.0818971, 20.5925502], [86.0816225, 20.5935287], [86.0816071, 20.5936679], [86.0814241, 20.5950126], [86.0816529, 20.5958613], [86.0826219, 20.5979328], [86.0829956, 20.5992774], [86.0831482, 20.5993728], [86.0823852, 20.6010169], [86.0813049, 20.6016695], [86.0806798, 20.6004008], [86.0800442, 20.5991109], [86.0796642, 20.5983137], [86.0792152, 20.5973717], [86.078613, 20.5961668], [86.0779487, 20.5951391], [86.0775815, 20.5945712], [86.0743017, 20.5974449], [86.0727519, 20.5989609], [86.0723084, 20.5993947], [86.0718875, 20.5999618], [86.0690658, 20.5984739], [86.0677692, 20.5979021], [86.067409, 20.5977121], [86.0656936, 20.5968069], [86.0649188, 20.5964856], [86.0641479, 20.596166], [86.0635505, 20.5957787], [86.0635509, 20.5941389], [86.0612536, 20.5939999], [86.0603556, 20.5941396], [86.0598771, 20.5940066], [86.0597091, 20.5939599], [86.0582648, 20.5932157], [86.0578569, 20.5930606], [86.0553594, 20.5921111], [86.0546603, 20.5918472], [86.0532103, 20.5912998], [86.0511103, 20.5903034], [86.0492199, 20.5895567], [86.0485662, 20.5897698], [86.0479349, 20.5901338], [86.0469051, 20.5907276], [86.0462455, 20.5910821], [86.0452492, 20.5916174], [86.0451571, 20.5916276], [86.0439674, 20.5917594], [86.0420482, 20.591794], [86.04084, 20.5924333], [86.0394466, 20.5935278], [86.0405616, 20.5955171], [86.0422499, 20.5986708], [86.0424642, 20.5990558], [86.0430043, 20.6000257], [86.0431318, 20.6003426], [86.0415143, 20.6004466], [86.0394413, 20.6012664], [86.038311, 20.6024663], [86.0372619, 20.6040641], [86.0371436, 20.6042442], [86.0365376, 20.6052392], [86.035825, 20.6056283], [86.0338064, 20.6069406], [86.0326208, 20.6079591], [86.0321084, 20.6083993], [86.0304388, 20.6097972], [86.0297448, 20.6103783], [86.0290259, 20.6109886], [86.0277715, 20.6120839], [86.0261704, 20.6133624], [86.0247017, 20.6141808], [86.0241403, 20.6143605], [86.0235655, 20.6145446], [86.0232738, 20.614638], [86.0218767, 20.614743], [86.0214619, 20.6150976], [86.0206723, 20.6162677], [86.0197266, 20.6178299], [86.0192545, 20.6181165], [86.0169582, 20.618537], [86.0159785, 20.6186805], [86.0156369, 20.619564], [86.015822, 20.6213766], [86.0158199, 20.6224427], [86.0152095, 20.6224911], [86.0145429, 20.6225439], [86.0136369, 20.6224031], [86.0130374, 20.6208412], [86.0124375, 20.6208784], [86.0117374, 20.6211771], [86.0110373, 20.6214758], [86.0103113, 20.6220283], [86.0096822, 20.622507], [86.0080048, 20.6236765], [86.0061575, 20.625134], [86.0052968, 20.626141], [86.0048025, 20.6276333], [86.0045273, 20.6297463], [86.0043176, 20.6313576], [86.0036674, 20.6346606], [86.0035814, 20.6354072], [86.0032809, 20.6380149], [86.0030885, 20.6397198], [86.0029804, 20.6406785], [86.0036935, 20.6417081], [86.0021843, 20.6420608], [86.001171, 20.6421679], [86.0005745, 20.6423812], [85.9999993, 20.6430194], [85.9999966, 20.6426896], [85.9994339, 20.6428805], [85.9977697, 20.6434492], [85.9974811, 20.6435423], [85.9971924, 20.6436356], [85.9965186, 20.6439297], [85.995416, 20.6444971], [85.9951413, 20.6446671], [85.9950459, 20.6447247], [85.9948667, 20.6448327], [85.9948532, 20.6448322], [85.9944301, 20.6448166], [85.9935199, 20.6445493], [85.9934345, 20.6445894], [85.9928267, 20.644875], [85.9918139, 20.6456417], [85.9903744, 20.6470608], [85.989703, 20.6477073], [85.989549, 20.6479789], [85.9892562, 20.6484953], [85.9888301, 20.6491585], [85.9881985, 20.6501419], [85.9875736, 20.6511147], [85.9870876, 20.652022], [85.9866017, 20.6529294], [85.9860963, 20.6545979], [85.9860373, 20.654802], [85.9855265, 20.6565687], [85.9852449, 20.657755], [85.9853698, 20.6599152], [85.9853424, 20.6600377], [85.9852066, 20.6606461], [85.9835426, 20.6618696], [85.9794384, 20.6647996], [85.9789704, 20.665181], [85.9781128, 20.6656412], [85.9770063, 20.6660412], [85.9751143, 20.6668702], [85.9746274, 20.6671971], [85.9744835, 20.6678829], [85.9738137, 20.6690127], [85.9731829, 20.6692936], [85.9722754, 20.669356], [85.9715803, 20.6692028], [85.9696557, 20.6684774], [85.966853, 20.666297], [85.9661963, 20.6661619], [85.9655697, 20.6665467], [85.9651467, 20.6673483], [85.9647623, 20.6688232], [85.9645602, 20.6717311], [85.9643557, 20.6735866], [85.9638697, 20.6744646], [85.963098, 20.6755514], [85.9630485, 20.6756211], [85.9630264, 20.6756521], [85.9629683, 20.6757286], [85.9629197, 20.6758051], [85.9626101, 20.676169], [85.9623052, 20.6765332], [85.9616943, 20.6774148], [85.9612048, 20.6784068], [85.9610519, 20.6787166], [85.9607468, 20.6791168], [85.9606007, 20.679222], [85.9592852, 20.6801696], [85.9584133, 20.6812982], [85.9583323, 20.6819301], [85.9582927, 20.6835201], [85.9581325, 20.6844768], [85.9578659, 20.6848591], [85.9571954, 20.6853385], [85.9563798, 20.6859524], [85.9556569, 20.6863636], [85.9552148, 20.6866185], [85.9549436, 20.6867749], [85.9522224, 20.6880909], [85.9510705, 20.6887661], [85.9505264, 20.6890068], [85.9499919, 20.6892475], [85.9477736, 20.6900109], [85.9474994, 20.6901061], [85.9474468, 20.6901244], [85.94684, 20.690335], [85.9454586, 20.6908731], [85.9448896, 20.6913017], [85.9444354, 20.6916439], [85.9410065, 20.693222], [85.9406648, 20.6933509], [85.9403624, 20.6934045], [85.9402707, 20.6934208], [85.9401131, 20.6933023], [85.9399784, 20.692651], [85.9398315, 20.6924339], [85.9396838, 20.6922155], [85.9392879, 20.6918427], [85.9388618, 20.6916774], [85.9377343, 20.6915846], [85.9370417, 20.6917656], [85.9367685, 20.6919056], [85.9365455, 20.69202], [85.9362118, 20.6923703], [85.9355516, 20.6934143], [85.9352467, 20.6937738], [85.9350475, 20.6942297], [85.9346661, 20.6951027], [85.9343778, 20.6958374], [85.9342776, 20.6960941], [85.9340894, 20.6965764], [85.9336632, 20.697798], [85.9333537, 20.6981078], [85.9332768, 20.6981163], [85.9329742, 20.6981591], [85.9326955, 20.6981985], [85.9325898, 20.6981889], [85.931827, 20.6981163], [85.9311078, 20.6979989], [85.9304689, 20.6980537], [85.9304822, 20.6982029], [85.9305003, 20.6983566], [85.9305495, 20.6985331], [85.9305987, 20.6987096], [85.930697, 20.699058], [85.9307317, 20.6992525], [85.9307664, 20.699447], [85.930826, 20.6998358], [85.930819, 20.700152], [85.9307702, 20.7002601], [85.9307359, 20.7003682], [85.9306758, 20.700462], [85.9306146, 20.7005574], [85.9304846, 20.7006062], [85.930345, 20.7006505], [85.9300315, 20.7008654], [85.9298578, 20.7009908], [85.9297683, 20.7010491], [85.9296794, 20.701107], [85.9293797, 20.7012253], [85.9292509, 20.7012761], [85.9290732, 20.7012659], [85.928891, 20.7012602], [85.9287519, 20.7012188], [85.9286131, 20.7011818], [85.9283546, 20.7010582], [85.9277575, 20.7006389], [85.9276857, 20.7006068], [85.9270588, 20.7003319], [85.926776, 20.7002579], [85.9265219, 20.700202], [85.9258988, 20.7000762], [85.9254045, 20.7000414], [85.92456, 20.6999865], [85.924233, 20.7000567]]]]}}, {"type": "Feature", "properties": {"OBJECTID": 357, "state": "ODISHA", "district": "Cuttack", "stcode11": "21", "dtcode11": "381", "blkcode11": "0126", "block_name": "TIGIRIA", "code2011": "213810126", "block_lgd": 3345, "block_ver": 1, "dist_lgd": 350, "b_pan_code": 3708, "state_lgd": 21, "shape_Length": 82845.54771676844, "shape_Area": 131379629.34423377}, "geometry": {"type": "MultiPolygon", "coordinates": [[[[85.4971021, 20.4078341], [85.4973691, 20.4087362], [85.4966748, 20.4090548], [85.495454, 20.4091615], [85.49418, 20.4092683], [85.4929592, 20.409375], [85.4920512, 20.4094799], [85.4911511, 20.4095867], [85.4910976, 20.4092682], [85.4910976, 20.4087361], [85.4909908, 20.4083642], [85.4898236, 20.4076203], [85.4884961, 20.4065579], [85.4881452, 20.406184], [85.4878018, 20.405814], [85.4876416, 20.4056023], [85.4875272, 20.4057683], [85.4875271, 20.4052476], [85.4883741, 20.4039295], [85.4885342, 20.4032105], [85.4885571, 20.4030827], [85.4919219, 20.3888482], [85.4922119, 20.3889187], [85.4944472, 20.3895025], [85.4963622, 20.3901414], [85.4976897, 20.3910436], [85.4986969, 20.3919478], [85.4990707, 20.3927984], [85.4992996, 20.3934374], [85.4995971, 20.3942843], [85.5000243, 20.3963041], [85.5001311, 20.3978987], [85.4997725, 20.399331], [85.4994901, 20.4004488], [85.4987425, 20.4009104], [85.4983763, 20.4011392], [85.497743, 20.4018831], [85.4973692, 20.4027853], [85.4972089, 20.4036893], [85.4971021, 20.4054422], [85.4971021, 20.4078341]]], [[[85.5125593, 20.5363736], [85.5122787, 20.5366332], [85.5121182, 20.5368577], [85.5120167, 20.5370476], [85.5119669, 20.5371409], [85.511772, 20.53746], [85.5113294, 20.5375962], [85.5111764, 20.5375633], [85.5107697, 20.5374739], [85.5106212, 20.537441], [85.5101815, 20.5373018], [85.5099433, 20.5372238], [85.5097847, 20.5371718], [85.5092308, 20.5369413], [85.5088584, 20.536771], [85.508295, 20.5365177], [85.507898, 20.5364239], [85.5072951, 20.5362832], [85.5068976, 20.53623], [85.5065861, 20.5362116], [85.5062747, 20.536193], [85.5060757, 20.5361937], [85.5058767, 20.5361942], [85.5048495, 20.5362983], [85.5035723, 20.5364679], [85.5029804, 20.5361873], [85.5026577, 20.5358503], [85.5024401, 20.5350534], [85.5025383, 20.5338212], [85.5021777, 20.5334431], [85.5015995, 20.5332348], [85.5012222, 20.5330825], [85.5007737, 20.5328573], [85.5006978, 20.5327663], [85.5004367, 20.5324976], [85.4996863, 20.5317593], [85.4993866, 20.5315173], [85.4989301, 20.5311249], [85.4987078, 20.5308069], [85.4984816, 20.5304074], [85.4985156, 20.5298746], [85.4985786, 20.528317], [85.4984925, 20.527318], [85.4983105, 20.5258258], [85.4980123, 20.5254256], [85.4976455, 20.5242074], [85.497521, 20.5240999], [85.4974553, 20.5240432], [85.4972497, 20.5239692], [85.4970443, 20.5238997], [85.496685, 20.5238784], [85.4963246, 20.5239567], [85.4961514, 20.5240139], [85.495983, 20.5240711], [85.4959022, 20.5240975], [85.4956319, 20.5241855], [85.4952742, 20.5239882], [85.4949213, 20.5237954], [85.4946095, 20.5238063], [85.4945923, 20.5241042], [85.4946886, 20.5245342], [85.4947901, 20.5249551], [85.4945033, 20.5258469], [85.4941977, 20.5257134], [85.4933742, 20.525119], [85.4926659, 20.5249683], [85.4919577, 20.5248221], [85.49179, 20.5247816], [85.4909293, 20.5245737], [85.4904883, 20.5243543], [85.4901993, 20.5242105], [85.4893815, 20.5240002], [85.4890119, 20.523796], [85.4886423, 20.5235917], [85.4885206, 20.5235342], [85.4883989, 20.5234766], [85.4881555, 20.5233572], [85.4875579, 20.5231757], [85.4868611, 20.5228489], [85.486006, 20.522539], [85.4855459, 20.5223749], [85.4850839, 20.5222101], [85.4844707, 20.5221506], [85.4843892, 20.5221498], [85.4831767, 20.5220942], [85.4831372, 20.5217325], [85.4834849, 20.5205024], [85.4836992, 20.520161], [85.4839183, 20.5198105], [85.4840567, 20.5193917], [85.4840798, 20.5190035], [85.4838525, 20.5182246], [85.483578, 20.5178653], [85.4833034, 20.5175061], [85.4832985, 20.5170409], [85.4832466, 20.5164622], [85.4831947, 20.5158881], [85.4836665, 20.5152057], [85.4836543, 20.5149752], [85.4836471, 20.5147448], [85.4834098, 20.513514], [85.4832791, 20.5131651], [85.4831434, 20.5128117], [85.4822976, 20.5105911], [85.4820598, 20.5099023], [85.4819525, 20.5095533], [85.4817533, 20.5089059], [85.4812158, 20.5084676], [85.4811311, 20.5083042], [85.4811007, 20.5082471], [85.4810417, 20.5081364], [85.4808999, 20.5074486], [85.4805505, 20.5069125], [85.4802797, 20.5066617], [85.4798888, 20.5064235], [85.4792951, 20.506346], [85.4788399, 20.5063374], [85.4783844, 20.506329], [85.4773394, 20.5063243], [85.476689, 20.5061605], [85.4761839, 20.505858], [85.4755323, 20.5053192], [85.4753867, 20.5050244], [85.4752458, 20.5047295], [85.4749604, 20.5040179], [85.4747468, 20.5038037], [85.4745404, 20.5038335], [85.4741653, 20.5039477], [85.4738146, 20.5040168], [85.4735152, 20.5040705], [85.4734544, 20.5040814], [85.4734119, 20.5040133], [85.4733883, 20.5039793], [85.4733647, 20.5039452], [85.473347, 20.5039008], [85.4730654, 20.5031926], [85.4728385, 20.5023686], [85.4724947, 20.5017558], [85.4724207, 20.5010392], [85.4723985, 20.5008244], [85.4720427, 20.5004465], [85.4713961, 20.5003822], [85.4705044, 20.5003878], [85.469386, 20.5005315], [85.4680827, 20.5004703], [85.4677408, 20.5003326], [85.4669128, 20.4999992], [85.4668364, 20.499891], [85.4667237, 20.499731], [85.4663246, 20.4993798], [85.4649585, 20.498392], [85.4635007, 20.4970015], [85.4628723, 20.4960835], [85.4621138, 20.4952367], [85.4613077, 20.4943352], [85.4606387, 20.4936518], [85.4596645, 20.4928075], [85.4583887, 20.4914366], [85.4579163, 20.4907902], [85.4575848, 20.4903365], [85.457142, 20.4895465], [85.4566586, 20.4885259], [85.4566403, 20.4884524], [85.4565664, 20.4881547], [85.4565201, 20.4870297], [85.4565058, 20.4865507], [85.456607, 20.4855398], [85.4567311, 20.4851073], [85.4567993, 20.484788], [85.4568668, 20.4844717], [85.4562111, 20.4848588], [85.4551979, 20.4855183], [85.4543862, 20.4861525], [85.4534866, 20.4869575], [85.4519451, 20.4886647], [85.4516439, 20.489064], [85.4508771, 20.4904709], [85.4505771, 20.4912271], [85.4502183, 20.4917702], [85.4500758, 20.4919859], [85.4496788, 20.4923799], [85.448978, 20.4929473], [85.4482243, 20.4935322], [85.4481135, 20.4936209], [85.4481131, 20.493617], [85.448019, 20.4933328], [85.4475609, 20.4917372], [85.4472018, 20.4906014], [85.44692, 20.48936], [85.4467827, 20.488403], [85.4465309, 20.4869841], [85.4463957, 20.4864169], [85.446281, 20.4859316], [85.4456946, 20.4845627], [85.4449763, 20.4828856], [85.4450603, 20.482487], [85.4452969, 20.4815753], [85.446365, 20.4794696], [85.446487, 20.4797881], [85.4462887, 20.4812168], [85.4465634, 20.481375], [85.4492794, 20.4820617], [85.4493175, 20.4818005], [85.4498871, 20.4801367], [85.4506757, 20.4778332], [85.4508587, 20.4776025], [85.4510342, 20.476683], [85.450691, 20.4725612], [85.450714, 20.4686645], [85.4507368, 20.4685405], [85.4510573, 20.4666541], [85.4510345, 20.4639611], [85.4512023, 20.4630436], [85.4511947, 20.4618972], [85.4513626, 20.4605202], [85.4517135, 20.4591411], [85.4520187, 20.4586814], [85.4521333, 20.4582218], [85.4528504, 20.4571251], [85.4533006, 20.4567531], [85.4554521, 20.4541935], [85.4555589, 20.4540657], [85.4560929, 20.4529136], [85.4560931, 20.4526848], [85.456444, 20.451651], [85.456627, 20.451363], [85.4571077, 20.4507278], [85.4580156, 20.4500317], [85.458977, 20.4488777], [85.459122, 20.4485936], [85.4597476, 20.4473805], [85.4601671, 20.4462323], [85.4601978, 20.4460492], [85.4605639, 20.4435924], [85.4606784, 20.4431328], [85.4612812, 20.4420971], [85.4616398, 20.44175], [85.4620441, 20.4407753], [85.4621205, 20.4405999], [85.4626546, 20.4396786], [85.4631962, 20.4390435], [85.4643483, 20.4384027], [85.4647679, 20.4378839], [85.4651189, 20.4365068], [85.4656225, 20.4360414], [85.4665, 20.4352346], [85.4683615, 20.4338709], [85.4685522, 20.4337278], [85.4690405, 20.4334933], [85.4707343, 20.4327913], [85.4717032, 20.4321524], [85.47284, 20.4307105], [85.4734351, 20.4293314], [85.4735496, 20.4287573], [85.4746635, 20.4244524], [85.4748086, 20.4240672], [85.4762048, 20.4203726], [85.4763192, 20.4201418], [85.4766244, 20.4197795], [85.4795083, 20.4163921], [85.4805918, 20.4152382], [85.4806833, 20.4151675], [85.4811792, 20.4148014], [85.4813776, 20.415591], [85.4824382, 20.4154308], [85.4831553, 20.415242], [85.4834452, 20.4151657], [85.4841395, 20.4151123], [85.4847728, 20.4153241], [85.4852533, 20.4159096], [85.4857341, 20.4169186], [85.4860545, 20.4176624], [85.4872751, 20.41862], [85.4883891, 20.418725], [85.4894496, 20.4189919], [85.4904108, 20.4195222], [85.4910441, 20.4205846], [85.4915247, 20.4214353], [85.492135, 20.4222859], [85.4921884, 20.4223394], [85.4927225, 20.4228696], [85.492959, 20.4231061], [85.4931726, 20.4233274], [85.4931956, 20.4233484], [85.4935159, 20.4238786], [85.4935694, 20.4244642], [85.4935692, 20.4248894], [85.4936762, 20.4249773], [85.4939432, 20.4252081], [85.4945764, 20.4254731], [85.4953774, 20.4256067], [85.496171, 20.4257383], [85.4963693, 20.425784], [85.4968652, 20.4258985], [85.4978418, 20.4259538], [85.4987726, 20.4260054], [85.4995813, 20.4260054], [85.5005503, 20.4260055], [85.500741, 20.4260055], [85.5020151, 20.4260055], [85.5028696, 20.4257919], [85.5035029, 20.4252616], [85.5038767, 20.4247295], [85.5039301, 20.4238254], [85.5038768, 20.4214889], [85.5038768, 20.4198066], [85.5038768, 20.4192573], [85.5036404, 20.4179547], [85.5036097, 20.4177696], [85.5031291, 20.416175], [85.5030834, 20.4150592], [85.5030149, 20.4130851], [85.5029996, 20.4126159], [85.5025267, 20.4090528], [85.5023129, 20.4074623], [85.5021527, 20.4064533], [85.5021528, 20.4060088], [85.5021528, 20.4048052], [85.5027327, 20.4032107], [85.5037168, 20.4018336], [85.5041671, 20.4011928], [85.5070891, 20.3958789], [85.5072265, 20.3959285], [85.5107471, 20.3972087], [85.5129334, 20.3980037], [85.5152689, 20.3988304], [85.5171371, 20.3994916], [85.5184646, 20.3998635], [85.5186905, 20.3997936], [85.5200057, 20.3993868], [85.5206772, 20.399051], [85.5207458, 20.3990548], [85.5207687, 20.3990587], [85.5208221, 20.3990606], [85.5208832, 20.3990759], [85.5209824, 20.3990987], [85.5211884, 20.3991521], [85.5212514, 20.3991679], [85.52128, 20.399175], [85.5212799, 20.4003423], [85.5207458, 20.4062399], [85.5206922, 20.4079927], [85.520677, 20.4086583], [85.5206389, 20.4099057], [85.5205245, 20.4105199], [85.5204787, 20.4107565], [85.5201047, 20.4117654], [85.5193113, 20.4119257], [85.518411, 20.4119256], [85.5183042, 20.4129346], [85.5182508, 20.4131997], [85.5176099, 20.4135183], [85.5170148, 20.4131463], [85.5168928, 20.4132951], [85.5165493, 20.4136784], [85.516229, 20.4143689], [85.514848, 20.4147408], [85.5140012, 20.4147942], [85.5135204, 20.4146874], [85.5132001, 20.4141572], [85.5127195, 20.4134667], [85.511926, 20.4130413], [85.5118878, 20.4130776], [85.5118861, 20.4130791], [85.5110791, 20.4137852], [85.5107052, 20.414262], [85.5105984, 20.4162286], [85.5106289, 20.4163086], [85.5109188, 20.4171326], [85.5109722, 20.4179813], [85.5110256, 20.4183533], [85.5109951, 20.4183551], [85.5103313, 20.4184067], [85.5102245, 20.4187786], [85.5104381, 20.4194157], [85.5109187, 20.4198945], [85.5114987, 20.420108], [85.5120862, 20.4204266], [85.5122463, 20.4210103], [85.5120862, 20.4212219], [85.5114987, 20.4211171], [85.5109188, 20.4206383], [85.5103847, 20.4204265], [85.5100643, 20.42048], [85.5100643, 20.4210103], [85.5101177, 20.4221259], [85.5102779, 20.4226048], [85.5110255, 20.4227631], [85.5113384, 20.4223378], [85.511552, 20.4217542], [85.5119793, 20.4220727], [85.5122463, 20.4224979], [85.5126202, 20.4224446], [85.5132533, 20.4219143], [85.513467, 20.4217007], [85.5143139, 20.4218609], [85.5146877, 20.4221261], [85.5153667, 20.423219], [85.515382, 20.4232419], [85.5157482, 20.4242509], [85.5159618, 20.4246228], [85.516122, 20.4246762], [85.5166026, 20.4243044], [85.5169231, 20.4229234], [85.5170223, 20.4218094], [85.51703, 20.4217542], [85.5165492, 20.4206384], [85.5159618, 20.4194158], [85.5158017, 20.4182483], [85.5158551, 20.4180349], [85.5163357, 20.4179814], [85.516351, 20.4179908], [85.5165875, 20.4181321], [85.5166028, 20.4181416], [85.5168164, 20.4186718], [85.5171826, 20.4202131], [85.5172894, 20.4206918], [85.5178234, 20.4210103], [85.5183042, 20.420957], [85.5186703, 20.4204266], [85.5190975, 20.420585], [85.5191281, 20.420627], [85.5193645, 20.4209569], [85.5197384, 20.4211705], [85.5198987, 20.4211706], [85.5197995, 20.4202703], [85.5197384, 20.4196294], [85.5201046, 20.4179814], [85.5209058, 20.4172911], [85.5219128, 20.417026], [85.5221723, 20.4172547], [85.5223401, 20.4173979], [85.522447, 20.4179815], [85.522073, 20.4187788], [85.5220273, 20.4190267], [85.5219128, 20.4196295], [85.5219128, 20.4201597], [85.5222867, 20.4212221], [85.5227673, 20.422233], [85.5229275, 20.4233488], [85.5229275, 20.4238256], [85.5225536, 20.4239858], [85.522073, 20.4236674], [85.5213329, 20.423242], [85.520532, 20.4234022], [85.519952, 20.4236673], [85.5200587, 20.4243043], [85.5207455, 20.4251015], [85.5214398, 20.4253667], [85.5220195, 20.425155], [85.5225537, 20.4252618], [85.5229274, 20.4259524], [85.5232402, 20.4267496], [85.5238277, 20.4269079], [85.5240947, 20.4266962], [85.5240871, 20.4266485], [85.5240413, 20.4262175], [85.5234539, 20.4253133], [85.5234005, 20.4247831], [85.5235607, 20.4243578], [85.5247281, 20.4241461], [85.5257428, 20.4239859], [85.5260098, 20.4228702], [85.5260099, 20.4206385], [85.5260098, 20.4187827], [85.5260099, 20.4184068], [85.5264829, 20.4168659], [85.5266278, 20.4161371], [85.5266965, 20.4158034], [85.5271238, 20.4147944], [85.5272536, 20.4144759], [85.5270933, 20.4144435], [85.5269865, 20.4144224], [85.5267271, 20.414369], [85.5261931, 20.4139971], [85.5258726, 20.41336], [85.5255522, 20.4127744], [85.5245451, 20.412456], [85.5244993, 20.4123949], [85.524385, 20.4122442], [85.5244383, 20.4109681], [85.5248885, 20.4095377], [85.5249725, 20.4092687], [85.5255752, 20.4082426], [85.527681, 20.4046454], [85.528093, 20.403522], [85.5281081, 20.4034782], [85.5312134, 20.4047694], [85.5341125, 20.4059749], [85.5356003, 20.406612], [85.5355851, 20.4067608], [85.5352799, 20.4092155], [85.5347456, 20.4118191], [85.5345321, 20.4132533], [85.5345473, 20.4134899], [85.5345855, 20.4143157], [85.534532, 20.415113], [85.5340591, 20.4156966], [85.5336852, 20.4158034], [85.5328307, 20.4156966], [85.5319837, 20.4159636], [85.5300153, 20.4169727], [85.5281615, 20.4179283], [85.5278943, 20.4196829], [85.5277722, 20.4215541], [85.5276273, 20.4238257], [85.5273067, 20.4262709], [85.5278638, 20.4269519], [85.5282147, 20.4273867], [85.5304501, 20.4289718], [85.5307628, 20.429193], [85.5310833, 20.4295116], [85.5315029, 20.4296184], [85.5320903, 20.4295116], [85.5326245, 20.4286609], [85.5342115, 20.4271732], [85.5352262, 20.4266429], [85.5370344, 20.4263245], [85.5377744, 20.4262176], [85.5381482, 20.4245698], [85.5383084, 20.4235608], [85.5389418, 20.4231354], [85.539636, 20.4232422], [85.5408566, 20.4242512], [85.542024, 20.4251554], [85.5432447, 20.4263245], [85.5434658, 20.4262922], [85.5436185, 20.4262711], [85.5436721, 20.4235074], [85.5441527, 20.4202134], [85.5449767, 20.4165227], [85.5461136, 20.4114472], [85.5466195, 20.4097998], [85.5467011, 20.4095342], [85.5467317, 20.4095419], [85.5532167, 20.411144], [85.5535828, 20.4112356], [85.5552156, 20.4114397], [85.5569627, 20.4116572], [85.5586793, 20.4118728], [85.5595339, 20.4119815], [85.5628297, 20.4124031], [85.562845, 20.4124316], [85.5628603, 20.4124526], [85.5630358, 20.4127235], [85.5629517, 20.4196643], [85.5629287, 20.4210109], [85.5627457, 20.4222583], [85.5626159, 20.4231357], [85.5626693, 20.4254207], [85.5625091, 20.4273872], [85.5618987, 20.4304676], [85.5598234, 20.4347724], [85.5585304, 20.4372864], [85.5585187, 20.4373092], [85.557275, 20.4397125], [85.5571148, 20.4402979], [85.5574352, 20.4425296], [85.5576336, 20.4437636], [85.5576717, 20.4440307], [85.5578701, 20.4452648], [85.5579082, 20.4455051], [85.5578854, 20.4464073], [85.557458, 20.4489575], [85.5574046, 20.4501266], [85.5574046, 20.4510668], [85.5574046, 20.4510917], [85.5560541, 20.4541359], [85.5549326, 20.4563026], [85.5545892, 20.4569606], [85.553315, 20.4591902], [85.5520561, 20.460636], [85.5512703, 20.4618719], [85.550599, 20.4621638], [85.550576, 20.4621657], [85.5497598, 20.4622745], [85.5481574, 20.4620054], [85.5474251, 20.4614904], [85.5474251, 20.460571], [85.5474785, 20.4593619], [85.5472954, 20.4582689], [85.5465554, 20.4572943], [85.5446709, 20.4575345], [85.5428399, 20.4585816], [85.5418785, 20.4607751], [85.5417183, 20.4615133], [85.5411536, 20.4641186], [85.540856, 20.4666746], [85.5407111, 20.4678913], [85.5405661, 20.4691292], [85.5407034, 20.4739072], [85.5409627, 20.4769552], [85.5418248, 20.4795415], [85.5434803, 20.4811437], [85.5449452, 20.4818838], [85.5457997, 20.4826276], [85.5461659, 20.4834307], [85.546242, 20.4859636], [85.5462421, 20.4875754], [85.5461887, 20.4894178], [85.5461811, 20.489599], [85.5461352, 20.4906843], [85.5457156, 20.4919527], [85.5456469, 20.4920538], [85.5454257, 20.4923646], [85.5449831, 20.4929941], [85.5437701, 20.4935758], [85.5428622, 20.4950216], [85.5420076, 20.496351], [85.5419695, 20.496496], [85.541649, 20.4976766], [85.5421449, 20.4996888], [85.5424729, 20.5008104], [85.5425645, 20.5009535], [85.5426408, 20.5010355], [85.5427247, 20.5011099], [85.5428163, 20.501169], [85.5429459, 20.5013789], [85.5433885, 20.5022619], [85.5443574, 20.5050753], [85.5447388, 20.5058631], [85.5448379, 20.506069], [85.545128, 20.5065668], [85.5454484, 20.507118], [85.5462341, 20.5087736], [85.5465927, 20.5099313], [85.54702, 20.5107611], [85.5473861, 20.5117529], [85.5478896, 20.5126399], [85.548233, 20.5132426], [85.5485457, 20.5138167], [85.5488356, 20.5143469], [85.5490188, 20.5146788], [85.5490798, 20.5152853], [85.5489729, 20.5157793], [85.5482787, 20.5164984], [85.5463331, 20.5171526], [85.5456007, 20.517372], [85.5439603, 20.5179727], [85.543228, 20.5185221], [85.5431441, 20.5186345], [85.5427244, 20.5191744], [85.5427168, 20.519285], [85.5426786, 20.5195826], [85.5426252, 20.5203665], [85.5424725, 20.5211675], [85.5425412, 20.5237482], [85.5426404, 20.5252074], [85.5429498, 20.5269387], [85.5430436, 20.527464], [85.5430495, 20.5274909], [85.5429865, 20.5275078], [85.5426936, 20.5275866], [85.5419395, 20.5277203], [85.5413392, 20.5278236], [85.5403251, 20.5280681], [85.5401328, 20.5281252], [85.5399405, 20.5281823], [85.5389489, 20.528576], [85.5381052, 20.5290657], [85.5333431, 20.5316634], [85.533075, 20.5316205], [85.5327217, 20.5314595], [85.5324363, 20.5312175], [85.5323745, 20.5311405], [85.532294, 20.5310402], [85.5320478, 20.5307309], [85.5319008, 20.5305491], [85.5316299, 20.5302938], [85.5313057, 20.5301059], [85.5311522, 20.5301091], [85.5307334, 20.5302817], [85.5303579, 20.530432], [85.5301007, 20.5305402], [85.530021, 20.5305737], [85.5299009, 20.5306081], [85.5297757, 20.530644], [85.5293719, 20.5307624], [85.52879, 20.5309247], [85.52841, 20.531066], [85.5278709, 20.5312827], [85.5269516, 20.5316273], [85.5251894, 20.5323802], [85.5231861, 20.5332891], [85.5219154, 20.5337951], [85.5193546, 20.5348148], [85.51883, 20.5350045], [85.5178961, 20.5353895], [85.5174436, 20.5355753], [85.5169601, 20.5357428], [85.5164765, 20.5359103], [85.5162548, 20.5360084], [85.5161058, 20.5360742], [85.5155997, 20.5363273], [85.5153406, 20.5363392], [85.515096, 20.5363502], [85.5148328, 20.536237], [85.5145708, 20.5361243], [85.5141632, 20.5361209], [85.5137845, 20.5361177], [85.5135446, 20.5361337], [85.5131367, 20.5361708], [85.5129639, 20.5361829], [85.5125593, 20.5363736]]]]}}, {"type": "Feature", "properties": {"OBJECTID": 346, "state": "ODISHA", "district": "Cuttack", "stcode11": "21", "dtcode11": "381", "blkcode11": "0123", "block_name": "BADAMBA", "code2011": "213810123", "block_lgd": 3333, "block_ver": 1, "dist_lgd": 350, "b_pan_code": 3696, "state_lgd": 21, "shape_Length": 101995.53560712912, "shape_Area": 420952295.639587}, "geometry": {"type": "Polygon", "coordinates": [[[85.274307, 20.5170073], [85.2736358, 20.5170186], [85.2721413, 20.5168998], [85.2712074, 20.5168319], [85.2710721, 20.5168283], [85.2709389, 20.5168247], [85.2706706, 20.516813], [85.2699161, 20.5169579], [85.269948, 20.5164741], [85.2694376, 20.5134072], [85.2685294, 20.5112074], [85.2682247, 20.5082496], [85.2683007, 20.5058224], [85.2686054, 20.5046088], [85.2692844, 20.5021807], [85.2703225, 20.5007064], [85.27004, 20.4991102], [85.2697879, 20.4973725], [85.2695364, 20.4963792], [85.2696436, 20.4952101], [85.2696132, 20.4947121], [85.2696818, 20.4937188], [85.2697876, 20.4927272], [85.2701081, 20.4911306], [85.2703903, 20.4903842], [85.2706731, 20.4888957], [85.2706736, 20.4875572], [85.2707043, 20.4875237], [85.2706689, 20.4872973], [85.2703663, 20.4853578], [85.2703608, 20.4853226], [85.270276, 20.4848204], [85.2701091, 20.483833], [85.2697582, 20.4829824], [85.2695752, 20.4826275], [85.2691861, 20.4818112], [85.2690793, 20.4813497], [85.2689724, 20.4807831], [85.2692242, 20.4799305], [85.2690488, 20.4790094], [85.268942, 20.4785477], [85.2694379, 20.4771992], [85.2694379, 20.4761712], [85.2689801, 20.4755875], [85.2688658, 20.4748589], [85.268698, 20.4742544], [85.2686902, 20.47422], [85.2683927, 20.4737907], [85.2681562, 20.4734398], [85.2675229, 20.4725891], [85.2676298, 20.471418], [85.2676909, 20.4711358], [85.2680875, 20.4700333], [85.2681563, 20.4697148], [85.2687667, 20.4685093], [85.2682631, 20.4686867], [85.2676604, 20.4686867], [85.2663177, 20.4692533], [85.2657835, 20.4694668], [85.2652875, 20.4697509], [85.2649291, 20.4698921], [85.2640058, 20.4701763], [85.2633345, 20.4703174], [85.2625181, 20.4703879], [85.2618085, 20.4704605], [85.2608854, 20.4703174], [85.2599317, 20.4699626], [85.25894, 20.4693961], [85.2581541, 20.468864], [85.2576277, 20.4684024], [85.2570172, 20.4680114], [85.2561704, 20.4681182], [85.2551023, 20.4681887], [85.2538969, 20.4682611], [85.2526914, 20.4684728], [85.2515546, 20.4684728], [85.250639, 20.4685091], [85.2496778, 20.4684023], [85.2488995, 20.4682612], [85.2478389, 20.4682973], [85.2470379, 20.4682973], [85.2457944, 20.4685892], [85.2439633, 20.4693215], [85.2426434, 20.4699071], [85.2419109, 20.469907], [85.2408886, 20.4693959], [85.2391262, 20.4682228], [85.2389354, 20.4687091], [85.2383327, 20.4699184], [85.2381572, 20.4717342], [85.2381572, 20.4756233], [85.2382487, 20.4778702], [85.2381572, 20.4789059], [85.2386759, 20.4797699], [85.2387674, 20.4802028], [85.2384165, 20.4802886], [85.237211, 20.4800293], [85.2359979, 20.4790794], [85.2341823, 20.4773512], [85.2328012, 20.4761401], [85.2316798, 20.4763136], [85.2309015, 20.4766589], [85.2304666, 20.4765732], [85.229864, 20.4764872], [85.2293452, 20.4759684], [85.2286509, 20.4748449], [85.228048, 20.4745856], [85.2271021, 20.4749308], [85.2258051, 20.4756231], [85.2233789, 20.4757947], [85.2214791, 20.4754495], [85.2194039, 20.47519], [85.2192361, 20.4754494], [85.2181984, 20.4757947], [85.2175043, 20.47614], [85.2166422, 20.4760542], [85.2159478, 20.4757088], [85.2150856, 20.474759], [85.2139642, 20.4742401], [85.2130105, 20.4739808], [85.2121483, 20.4733761], [85.2117134, 20.4728574], [85.2108514, 20.4728573], [85.2101571, 20.4732026], [85.2090356, 20.4732026], [85.2087304, 20.4732025], [85.2086007, 20.4732024], [85.2074792, 20.4728573], [85.206617, 20.4717338], [85.2060525, 20.4705932], [85.2060983, 20.4701773], [85.2062662, 20.4691645], [85.2056557, 20.4695231], [85.2053201, 20.4696758], [85.2050835, 20.4688422], [85.2047784, 20.4676407], [85.2046868, 20.467343], [85.2044122, 20.466439], [85.204107, 20.4654662], [85.2037408, 20.4642054], [85.2035501, 20.4629465], [85.203367, 20.4613997], [85.203123, 20.4596832], [85.2032451, 20.457564], [85.2033366, 20.4569956], [85.2034281, 20.4564177], [85.2037258, 20.4550424], [85.2043362, 20.453324], [85.2051221, 20.4518916], [85.2052365, 20.4517486], [85.2058544, 20.4509742], [85.2070065, 20.449885], [85.207861, 20.4490821], [85.2085324, 20.4486205], [85.2091352, 20.4481055], [85.2096311, 20.4476421], [85.2099896, 20.446616], [85.2104093, 20.4454124], [85.2106992, 20.4447715], [85.2110807, 20.4439227], [85.2117522, 20.4427193], [85.2127211, 20.4416301], [85.2134535, 20.4404838], [85.2144225, 20.4393927], [85.215094, 20.4385326], [85.2159027, 20.4375275], [85.2160628, 20.4373291], [85.2168564, 20.4366405], [85.2177032, 20.4360111], [85.2184967, 20.4351509], [85.2194733, 20.4344625], [85.2206254, 20.4331998], [85.2211747, 20.4322271], [85.2215332, 20.4314241], [85.2217774, 20.4305658], [85.2221436, 20.4296482], [85.2223573, 20.4285611], [85.2224412, 20.4281587], [85.2225099, 20.4277295], [85.2226244, 20.4270715], [85.2228074, 20.4259271], [85.2231738, 20.4247235], [85.2234713, 20.4238653], [85.2239596, 20.4225473], [85.2242037, 20.4213438], [85.2242801, 20.4210539], [85.2245013, 20.4201993], [85.2248675, 20.419053], [85.2249897, 20.4178513], [85.2250125, 20.4177274], [85.2252338, 20.4163618], [85.2252262, 20.4153317], [85.224677, 20.4143018], [85.2244098, 20.4135961], [85.2243107, 20.4133291], [85.2233341, 20.4116124], [85.2229526, 20.4109716], [85.2224186, 20.4100674], [85.2217549, 20.4088086], [85.2207173, 20.4074926], [85.2202902, 20.4066361], [85.2198018, 20.4050893], [85.2194966, 20.4029721], [85.2199774, 20.4007385], [85.2204657, 20.3992489], [85.2208244, 20.397931], [85.2211294, 20.3971299], [85.2214347, 20.3961571], [85.2219764, 20.3952969], [85.2226478, 20.394494], [85.2234336, 20.3935213], [85.2243491, 20.3924893], [85.2254402, 20.3917435], [85.2265388, 20.3915148], [85.2273781, 20.3913888], [85.227691, 20.3913412], [85.2286675, 20.3912267], [85.2291557, 20.3908243], [85.2289117, 20.3901377], [85.2286065, 20.389451], [85.227813, 20.3888235], [85.2265923, 20.3884801], [85.22631, 20.3883733], [85.2253792, 20.3880223], [85.2245401, 20.3876301], [85.2245137, 20.3876177], [85.2245018, 20.3876122], [85.2247503, 20.3874926], [85.2245217, 20.3873856], [85.224469, 20.3873605], [85.2234084, 20.3859841], [85.2220965, 20.3841842], [85.2208069, 20.3812044], [85.2207492, 20.3810482], [85.2198148, 20.378519], [85.2193959, 20.3754865], [85.2189538, 20.3731397], [85.2189516, 20.3731134], [85.2191241, 20.3730947], [85.2195981, 20.3730433], [85.2214896, 20.3726653], [85.2243312, 20.3721206], [85.2288973, 20.3715483], [85.2305478, 20.3712849], [85.2325438, 20.3705555], [85.239065, 20.3694651], [85.2416358, 20.3691434], [85.2453467, 20.3683766], [85.2470363, 20.3684705], [85.2477688, 20.3684959], [85.2478742, 20.3684924], [85.2482774, 20.3684108], [85.2500018, 20.3679717], [85.2503045, 20.3678889], [85.252825, 20.3673452], [85.2556573, 20.3663392], [85.2582064, 20.3658046], [85.2609421, 20.3648699], [85.2634668, 20.3643711], [85.265451, 20.3638082], [85.2658892, 20.3635958], [85.2666473, 20.3630567], [85.2674736, 20.3619629], [85.2679442, 20.3609965], [85.268755, 20.3604354], [85.2694799, 20.3602846], [85.2705428, 20.3598751], [85.2712924, 20.3596612], [85.2716089, 20.3596192], [85.2728142, 20.3597621], [85.2740291, 20.3599007], [85.2765026, 20.3601237], [85.2796084, 20.360335], [85.2827877, 20.3604115], [85.2859782, 20.36033], [85.2891289, 20.3603789], [85.2910507, 20.3602758], [85.2922547, 20.3601024], [85.2948859, 20.3599294], [85.2978611, 20.3598274], [85.2994229, 20.3597704], [85.3009849, 20.3597133], [85.3037402, 20.3595776], [85.3041003, 20.3595761], [85.3060057, 20.3595679], [85.3083639, 20.3593921], [85.3114503, 20.3591916], [85.3129888, 20.3590845], [85.3145322, 20.3589774], [85.3170601, 20.3590515], [85.3183226, 20.3589506], [85.3200368, 20.3588136], [85.3224714, 20.3586565], [85.3230081, 20.35863], [85.3256441, 20.3584521], [85.3287498, 20.3582334], [85.3301726, 20.3582018], [85.3316002, 20.3581658], [85.3340803, 20.3582346], [85.3366361, 20.35839], [85.3386358, 20.3585988], [85.3396454, 20.3591322], [85.3410149, 20.3600577], [85.3419551, 20.3607983], [85.3434621, 20.3618649], [85.3445233, 20.3624939], [85.345912, 20.3634285], [85.3472908, 20.3639293], [85.3498114, 20.3646984], [85.3514008, 20.3652193], [85.3526268, 20.3652354], [85.3547847, 20.3649848], [85.3555471, 20.3649016], [85.3578233, 20.3647921], [85.3584585, 20.3649607], [85.3597282, 20.3658262], [85.3608321, 20.3660444], [85.3624576, 20.3663261], [85.3637955, 20.3666368], [85.3666589, 20.367156], [85.3666612, 20.3671415], [85.3669268, 20.365426], [85.3675839, 20.3654623], [85.3679818, 20.3654623], [85.3691109, 20.365508], [85.370881, 20.3656931], [85.3720483, 20.3659983], [85.3727196, 20.3661758], [85.3746729, 20.3668663], [85.376954, 20.3674843], [85.3783425, 20.3678333], [85.3812265, 20.3688003], [85.3824471, 20.3695156], [85.3827218, 20.369674], [85.3854607, 20.3706964], [85.3897256, 20.3718828], [85.3929223, 20.3724588], [85.3946543, 20.372785], [85.3968209, 20.3731951], [85.4001627, 20.3744368], [85.4032754, 20.3760486], [85.4047328, 20.3766781], [85.4055108, 20.3770156], [85.4077234, 20.3778206], [85.4137735, 20.3785798], [85.4187632, 20.3793162], [85.4197398, 20.3795012], [85.4216091, 20.379547], [85.42241, 20.3798465], [85.4231959, 20.3801211], [85.4239741, 20.3801211], [85.4261027, 20.3800333], [85.4262096, 20.3800295], [85.427888, 20.379938], [85.4322064, 20.3800983], [85.4363034, 20.3801441], [85.437524, 20.3800698], [85.4381878, 20.3800298], [85.439668, 20.3792019], [85.4407056, 20.378626], [85.4415984, 20.3780414], [85.4424527, 20.3779356], [85.4436277, 20.3780749], [85.4458859, 20.3781206], [85.4470456, 20.3782255], [85.4474043, 20.3782579], [85.4511732, 20.3785785], [85.4517898, 20.3786221], [85.4533552, 20.378733], [85.4534009, 20.3787349], [85.4542927, 20.3787981], [85.4574445, 20.379456], [85.4580091, 20.3794312], [85.4583982, 20.3792938], [85.4587492, 20.3792023], [85.459207, 20.3791793], [85.4593749, 20.3790745], [85.4631056, 20.3799748], [85.4635939, 20.3801979], [85.4648146, 20.3805336], [85.4662717, 20.3806366], [85.4676147, 20.3809133], [85.4680571, 20.3809553], [85.468408, 20.3812509], [85.4684537, 20.381289], [85.4685912, 20.3814207], [85.4713301, 20.3822599], [85.4731612, 20.3827044], [85.4746261, 20.3833796], [85.4753508, 20.3834882], [85.4785017, 20.3844992], [85.4830338, 20.3859508], [85.4843917, 20.3862598], [85.4844605, 20.3862083], [85.485414, 20.3861034], [85.4876952, 20.3863686], [85.4885497, 20.3868473], [85.4890304, 20.3871124], [85.4891295, 20.3875913], [85.4891295, 20.3878563], [85.4891296, 20.3883351], [85.48945, 20.3887071], [85.4900375, 20.388707], [85.4906707, 20.3885468], [85.4911895, 20.3886709], [85.4919219, 20.3888482], [85.4885571, 20.4030827], [85.4885342, 20.4032105], [85.4883741, 20.4039295], [85.4875271, 20.4052476], [85.4875272, 20.4057683], [85.4873821, 20.4059742], [85.4872754, 20.4066112], [85.4868481, 20.4069832], [85.4860013, 20.4071949], [85.4854671, 20.4074085], [85.4853603, 20.4080989], [85.4853604, 20.4088962], [85.4845668, 20.4090031], [85.4836055, 20.4090545], [85.4818507, 20.4091079], [85.4806833, 20.4092148], [85.4804163, 20.4094265], [85.4805232, 20.4110744], [85.480897, 20.4136246], [85.4811792, 20.4148014], [85.4806833, 20.4151675], [85.4805918, 20.4152382], [85.4795083, 20.4163921], [85.4766244, 20.4197795], [85.4763192, 20.4201418], [85.4762048, 20.4203726], [85.4748086, 20.4240672], [85.4746635, 20.4244524], [85.4735496, 20.4287573], [85.4734351, 20.4293314], [85.47284, 20.4307105], [85.4717032, 20.4321524], [85.4707343, 20.4327913], [85.4690405, 20.4334933], [85.4685522, 20.4337278], [85.4683615, 20.4338709], [85.4665, 20.4352346], [85.4656225, 20.4360414], [85.4651189, 20.4365068], [85.4647679, 20.4378839], [85.4643483, 20.4384027], [85.4631962, 20.4390435], [85.4626546, 20.4396786], [85.4621205, 20.4405999], [85.4620441, 20.4407753], [85.4616398, 20.44175], [85.4612812, 20.4420971], [85.4606784, 20.4431328], [85.4605639, 20.4435924], [85.4601978, 20.4460492], [85.4601671, 20.4462323], [85.4597476, 20.4473805], [85.459122, 20.4485936], [85.458977, 20.4488777], [85.4580156, 20.4500317], [85.4571077, 20.4507278], [85.456627, 20.451363], [85.456444, 20.451651], [85.4560931, 20.4526848], [85.4560929, 20.4529136], [85.4555589, 20.4540657], [85.4554521, 20.4541935], [85.4533006, 20.4567531], [85.4528504, 20.4571251], [85.4521333, 20.4582218], [85.4520187, 20.4586814], [85.4517135, 20.4591411], [85.4513626, 20.4605202], [85.4511947, 20.4618972], [85.4512023, 20.4630436], [85.4510345, 20.4639611], [85.4510573, 20.4666541], [85.4507368, 20.4685405], [85.450714, 20.4686645], [85.450691, 20.4725612], [85.4510342, 20.476683], [85.4508587, 20.4776025], [85.4506757, 20.4778332], [85.4498871, 20.4801367], [85.4493175, 20.4818005], [85.4492794, 20.4820617], [85.4465634, 20.481375], [85.4462887, 20.4812168], [85.446487, 20.4797881], [85.446365, 20.4794696], [85.4452969, 20.4815753], [85.4450603, 20.482487], [85.4449763, 20.4828856], [85.4456946, 20.4845627], [85.446281, 20.4859316], [85.4463957, 20.4864169], [85.4465309, 20.4869841], [85.4467827, 20.488403], [85.44692, 20.48936], [85.4472018, 20.4906014], [85.4475609, 20.4917372], [85.448019, 20.4933328], [85.4481131, 20.493617], [85.4481135, 20.4936209], [85.447621, 20.4940149], [85.447398, 20.4941933], [85.4466819, 20.4948373], [85.4459231, 20.4959236], [85.4451832, 20.4970416], [85.4445784, 20.4975964], [85.4421149, 20.4975562], [85.4410274, 20.4979575], [85.4406708, 20.4981349], [85.4393731, 20.4989544], [85.4391945, 20.4995354], [85.4391467, 20.5000002], [85.4377932, 20.5006385], [85.4372921, 20.5008779], [85.4371993, 20.5010577], [85.4371112, 20.5012376], [85.4370148, 20.501349], [85.4369172, 20.5014617], [85.4367231, 20.5016902], [85.4366407, 20.5017798], [85.4364136, 20.5019586], [85.4363023, 20.5020479], [85.4361912, 20.5021372], [85.4355159, 20.5025557], [85.4348852, 20.5028165], [85.4345722, 20.5029448], [85.4342592, 20.5030773], [85.4339089, 20.5031193], [85.4337313, 20.5031403], [85.4337061, 20.5031438], [85.4335489, 20.5031657], [85.4327184, 20.5032847], [85.4320695, 20.5034369], [85.4313258, 20.503516], [85.4305819, 20.5035952], [85.4301956, 20.5036346], [85.4298092, 20.503674], [85.4295291, 20.5037498], [85.4285979, 20.5040019], [85.427755, 20.5042844], [85.4274433, 20.5043888], [85.4272491, 20.5044844], [85.4268845, 20.5046639], [85.4266098, 20.5048013], [85.4263255, 20.5049388], [85.4261486, 20.5050233], [85.4255836, 20.5052933], [85.4245826, 20.5056682], [85.4244049, 20.5057073], [85.4242272, 20.5057418], [85.4238715, 20.5058199], [85.42355, 20.5058621], [85.4232283, 20.5058998], [85.4223468, 20.5058511], [85.4221398, 20.5059306], [85.421928, 20.50601], [85.4216056, 20.5061335], [85.421288, 20.506257], [85.4209379, 20.5062629], [85.4205928, 20.5062643], [85.4202526, 20.5062432], [85.4199172, 20.5062175], [85.4192158, 20.5063647], [85.4189652, 20.5064979], [85.4187049, 20.5066311], [85.4183477, 20.5068173], [85.418194, 20.5068974], [85.4177257, 20.5072183], [85.4172622, 20.5075348], [85.4165774, 20.5079351], [85.4162632, 20.5081806], [85.4159539, 20.5084262], [85.4155542, 20.5086303], [85.4153805, 20.508719], [85.4153267, 20.5087569], [85.4150955, 20.5089198], [85.4148106, 20.5091204], [85.414124, 20.509218], [85.4138027, 20.5092241], [85.4134814, 20.5092347], [85.4126433, 20.5091548], [85.4123655, 20.5091251], [85.4122283, 20.5091125], [85.4120925, 20.5091001], [85.4112451, 20.5089795], [85.4108239, 20.5089213], [85.4104027, 20.5088587], [85.4095436, 20.5089504], [85.408019, 20.5089589], [85.4067957, 20.5090334], [85.4066614, 20.5090412], [85.4061197, 20.5090408], [85.4055778, 20.5090449], [85.4058046, 20.5075203], [85.4058715, 20.5070873], [85.406019, 20.5057968], [85.4062327, 20.5045973], [85.4062634, 20.5044215], [85.4062989, 20.5042366], [85.40636, 20.5038848], [85.4063835, 20.5034651], [85.4063925, 20.5030496], [85.4065215, 20.5026442], [85.4066455, 20.5022389], [85.4067342, 20.5010653], [85.4067404, 20.5009389], [85.406741, 20.5008802], [85.4067564, 20.5007766], [85.4069562, 20.5000015], [85.4069493, 20.4997438], [85.4069434, 20.4993915], [85.4071071, 20.4988555], [85.4074538, 20.4977837], [85.4078757, 20.4968436], [85.40806, 20.4961768], [85.4083069, 20.495479], [85.4085707, 20.4945419], [85.4087607, 20.4937758], [85.40874, 20.4929897], [85.4087629, 20.4926285], [85.408763, 20.4926219], [85.4087658, 20.4918878], [85.4086317, 20.4909336], [85.4082996, 20.4892186], [85.4081221, 20.4881555], [85.408092, 20.4879746], [85.4077234, 20.4879171], [85.4073689, 20.4878958], [85.4059074, 20.4878506], [85.4048725, 20.4878005], [85.4037713, 20.4876821], [85.4027514, 20.4875733], [85.4009559, 20.4873806], [85.4000981, 20.4873592], [85.3997528, 20.4873786], [85.3988753, 20.4878673], [85.398373, 20.4882376], [85.3976127, 20.4894411], [85.397241, 20.4901467], [85.3967301, 20.4908828], [85.3962748, 20.4913393], [85.3954862, 20.4920321], [85.3950848, 20.4920557], [85.3946228, 20.4920828], [85.3937851, 20.4921536], [85.3937065, 20.4921602], [85.3924395, 20.4922975], [85.3917046, 20.4924442], [85.3904762, 20.4925683], [85.3904174, 20.4926763], [85.3898669, 20.4935248], [85.3895702, 20.4939421], [85.3890714, 20.4944162], [85.3886255, 20.4949], [85.3881336, 20.4951754], [85.3876268, 20.4955095], [85.3857941, 20.4965719], [85.3852631, 20.4969147], [85.3845593, 20.4973012], [85.3839947, 20.4976482], [85.3838237, 20.4979673], [85.3835986, 20.4983943], [85.3830976, 20.4995504], [85.3827956, 20.4999993], [85.3826518, 20.4999979], [85.3816308, 20.4999975], [85.3814792, 20.4998246], [85.3813846, 20.4997107], [85.3812184, 20.4994983], [85.3810535, 20.4992875], [85.3805838, 20.4988224], [85.3792754, 20.4978798], [85.3787008, 20.497617], [85.3774911, 20.4970636], [85.3768838, 20.496927], [85.3759986, 20.4967697], [85.3740858, 20.4963318], [85.3736504, 20.4962418], [85.3718834, 20.4960761], [85.3707279, 20.496097], [85.3700074, 20.4963218], [85.3692803, 20.4965486], [85.3682271, 20.4968729], [85.3665751, 20.4971419], [85.3660183, 20.4972135], [85.3654199, 20.4971446], [85.3643433, 20.4969584], [85.363955, 20.4969637], [85.3620806, 20.4969686], [85.3615908, 20.4970497], [85.359573, 20.4970217], [85.3570372, 20.4970203], [85.3546206, 20.4970788], [85.3522956, 20.4970838], [85.35006, 20.4972523], [85.3478602, 20.4976559], [85.3473662, 20.4977283], [85.346876, 20.4978001], [85.3451818, 20.4979964], [85.3436201, 20.4983472], [85.343167, 20.4985642], [85.3426454, 20.4989386], [85.3424446, 20.4993341], [85.3421041, 20.4997826], [85.3420395, 20.4999988], [85.3418335, 20.4999968], [85.3381039, 20.4999973], [85.3377354, 20.5008383], [85.337578, 20.5011982], [85.3372547, 20.5018365], [85.3372254, 20.5018993], [85.337034, 20.5022996], [85.3366801, 20.5031137], [85.3366408, 20.5032081], [85.3365329, 20.5034375], [85.3364249, 20.5036668], [85.3362465, 20.5036956], [85.3362136, 20.5037009], [85.3361046, 20.5037177], [85.3353876, 20.5038284], [85.3346243, 20.5039386], [85.3342834, 20.503985], [85.3342374, 20.5039912], [85.3339426, 20.5040313], [85.3334001, 20.5041031], [85.3323887, 20.5041022], [85.3314204, 20.504093], [85.3304625, 20.5040115], [85.3303189, 20.5039966], [85.3301801, 20.5039726], [85.3297675, 20.5039097], [85.3297063, 20.5039003], [85.3291368, 20.503818], [85.3284374, 20.5037661], [85.3265196, 20.5038019], [85.3254408, 20.5038186], [85.3238187, 20.503979], [85.3222879, 20.5041313], [85.3208245, 20.5042482], [85.3194473, 20.5043704], [85.3184562, 20.5038233], [85.3173248, 20.5029497], [85.316557, 20.5034707], [85.3155159, 20.5044181], [85.3148805, 20.505103], [85.3138453, 20.5059556], [85.3137442, 20.5059816], [85.3136481, 20.5060124], [85.3129504, 20.5062494], [85.3124793, 20.5063714], [85.3120034, 20.5064932], [85.3114655, 20.5065828], [85.3109595, 20.5065982], [85.3104536, 20.5066136], [85.3096036, 20.506741], [85.3094818, 20.5067581], [85.3087346, 20.5068634], [85.3084324, 20.506892], [85.30813, 20.5069251], [85.3072609, 20.5070522], [85.3068566, 20.5072018], [85.3061861, 20.5075838], [85.3055054, 20.5080017], [85.3050798, 20.5083542], [85.3046541, 20.5087026], [85.3041171, 20.5091353], [85.3035147, 20.5098566], [85.3026901, 20.5107383], [85.3022095, 20.5112756], [85.3020935, 20.5113722], [85.3019629, 20.5114809], [85.301721, 20.5116818], [85.3010905, 20.511906], [85.3003919, 20.5122107], [85.2995779, 20.5125551], [85.2987553, 20.5132516], [85.2983289, 20.5136675], [85.2975881, 20.5143196], [85.2969631, 20.5149232], [85.2965565, 20.515267], [85.2961547, 20.5156109], [85.2954463, 20.5155136], [85.2947427, 20.5154118], [85.2945069, 20.5159379], [85.2942565, 20.5164638], [85.2939059, 20.5169437], [85.2932501, 20.516865], [85.2928528, 20.5168114], [85.2914409, 20.5165943], [85.290383, 20.5164529], [85.2890043, 20.5162676], [85.2887603, 20.5162336], [85.2885113, 20.5161996], [85.2881379, 20.5157261], [85.2875839, 20.5151063], [85.2857176, 20.5130781], [85.2855276, 20.5129227], [85.2853279, 20.5127716], [85.2846519, 20.5125937], [85.2844722, 20.5125464], [85.2835242, 20.5124422], [85.282581, 20.5123379], [85.2807866, 20.5124738], [85.2799265, 20.5126505], [85.2798727, 20.5127403], [85.2798189, 20.5128301], [85.2797065, 20.5130186], [85.2794819, 20.5133823], [85.2792362, 20.5139307], [85.2792068, 20.5139847], [85.2790452, 20.5142948], [85.278874, 20.5145957], [85.2788107, 20.5146808], [85.2787475, 20.5147615], [85.2784108, 20.5148922], [85.2782708, 20.5149465], [85.2780409, 20.5150656], [85.277398, 20.5153984], [85.2767764, 20.5156859], [85.276222, 20.5159559], [85.2756677, 20.5162258], [85.2750699, 20.516527], [85.2748319, 20.5166769], [85.274307, 20.5170073]]]}}, {"type": "Feature", "properties": {"OBJECTID": 347, "state": "ODISHA", "district": "Cuttack", "stcode11": "21", "dtcode11": "381", "blkcode11": "0124", "block_name": "BANKI", "code2011": "213810124", "block_lgd": 3334, "block_ver": 1, "dist_lgd": 350, "b_pan_code": 3697, "state_lgd": 21, "shape_Length": 145891.26516222034, "shape_Area": 228309215.46397138}, "geometry": {"type": "MultiPolygon", "coordinates": [[[[85.467729, 20.3806826], [85.4680571, 20.3809553], [85.4676147, 20.3809133], [85.4662717, 20.3806366], [85.4648146, 20.3805336], [85.4635939, 20.3801979], [85.4631056, 20.3799748], [85.4593749, 20.3790745], [85.459207, 20.3791793], [85.4587492, 20.3792023], [85.4583982, 20.3792938], [85.4580091, 20.3794312], [85.4574445, 20.379456], [85.4542927, 20.3787981], [85.4534009, 20.3787349], [85.4533552, 20.378733], [85.4517898, 20.3786221], [85.4511732, 20.3785785], [85.4474043, 20.3782579], [85.4470456, 20.3782255], [85.4458859, 20.3781206], [85.4436277, 20.3780749], [85.4424527, 20.3779356], [85.4415984, 20.3780414], [85.4407056, 20.378626], [85.439668, 20.3792019], [85.4381878, 20.3800298], [85.437524, 20.3800698], [85.4363034, 20.3801441], [85.4322064, 20.3800983], [85.427888, 20.379938], [85.4262096, 20.3800295], [85.4261027, 20.3800333], [85.4239741, 20.3801211], [85.4231959, 20.3801211], [85.42241, 20.3798465], [85.4216091, 20.379547], [85.4197398, 20.3795012], [85.4187632, 20.3793162], [85.4137735, 20.3785798], [85.4077234, 20.3778206], [85.4055108, 20.3770156], [85.4047328, 20.3766781], [85.4032754, 20.3760486], [85.4001627, 20.3744368], [85.3968209, 20.3731951], [85.3946543, 20.372785], [85.3929223, 20.3724588], [85.3897256, 20.3718828], [85.3854607, 20.3706964], [85.3827218, 20.369674], [85.3824471, 20.3695156], [85.3812265, 20.3688003], [85.3783425, 20.3678333], [85.376954, 20.3674843], [85.3746729, 20.3668663], [85.3727196, 20.3661758], [85.3720483, 20.3659983], [85.370881, 20.3656931], [85.3691109, 20.365508], [85.3679818, 20.3654623], [85.3675839, 20.3654623], [85.3669268, 20.365426], [85.3669725, 20.3651309], [85.3669782, 20.3650452], [85.3671799, 20.363168], [85.3673674, 20.3612818], [85.3675453, 20.3593909], [85.3675984, 20.3588219], [85.3677287, 20.3574236], [85.36789, 20.3557539], [85.369855, 20.35607], [85.3710646, 20.3562801], [85.3728185, 20.3566442], [85.3731673, 20.3567152], [85.373563, 20.3559648], [85.3727965, 20.3555377], [85.371767, 20.3550628], [85.3717422, 20.3550124], [85.3715325, 20.3545863], [85.3715878, 20.3538865], [85.372507, 20.3525491], [85.3726671, 20.3518823], [85.3721796, 20.351336], [85.3714737, 20.3510538], [85.3699935, 20.3510897], [85.369088, 20.351131], [85.3672506, 20.3509783], [85.3668487, 20.3509339], [85.3667015, 20.350815], [85.3665544, 20.3506962], [85.3664546, 20.3501532], [85.3663324, 20.3494927], [85.3660809, 20.3492645], [85.3654858, 20.3489246], [85.3648645, 20.3488104], [85.3644207, 20.3486527], [85.363941, 20.3482869], [85.3635945, 20.34799], [85.363258, 20.3476572], [85.3631492, 20.3475206], [85.3629967, 20.347456], [85.3626892, 20.347557], [85.3621165, 20.3478226], [85.3619724, 20.3478619], [85.3618234, 20.3479103], [85.3615696, 20.3479079], [85.3610775, 20.3477949], [85.360497, 20.3474416], [85.3599741, 20.3470709], [85.3594668, 20.3465873], [85.3590805, 20.3464346], [85.3584387, 20.3459949], [85.3579087, 20.3458364], [85.357458, 20.3454437], [85.3573397, 20.3453116], [85.3572117, 20.3451885], [85.3568761, 20.3447651], [85.3567513, 20.344335], [85.3565587, 20.3435383], [85.3565168, 20.3433712], [85.3564713, 20.3431893], [85.3563925, 20.3420368], [85.3563624, 20.3412644], [85.3563421, 20.3409612], [85.3562755, 20.3399715], [85.3563349, 20.3393352], [85.3564201, 20.3376243], [85.3564242, 20.3369274], [85.356426, 20.3366083], [85.3563126, 20.3364627], [85.356126, 20.336452], [85.355718, 20.3365384], [85.3553101, 20.3366249], [85.3548709, 20.3369459], [85.354274, 20.337243], [85.3539963, 20.3372359], [85.3535769, 20.3370602], [85.3531914, 20.3368353], [85.3528463, 20.3363894], [85.352654, 20.3360216], [85.3526407, 20.3358586], [85.3526371, 20.3358138], [85.3525381, 20.3356638], [85.3522948, 20.3355758], [85.3519021, 20.3355766], [85.3512789, 20.3356474], [85.3511161, 20.3356413], [85.3509581, 20.3356353], [85.3507153, 20.335502], [85.3504687, 20.3352694], [85.3504219, 20.3351062], [85.3504179, 20.3350925], [85.3504064, 20.335043], [85.350363, 20.3348574], [85.3503196, 20.3344277], [85.3503656, 20.3341615], [85.3506221, 20.333911], [85.351132, 20.3336855], [85.3519577, 20.3334765], [85.3521404, 20.3334285], [85.3531115, 20.3330673], [85.3535405, 20.3328003], [85.3536144, 20.3326023], [85.3536218, 20.3323496], [85.353634, 20.3320967], [85.3536727, 20.3316091], [85.3536561, 20.3313737], [85.3536478, 20.3312567], [85.3536836, 20.3310631], [85.3536986, 20.3309817], [85.353837, 20.3305718], [85.3539228, 20.3301571], [85.3539848, 20.3297332], [85.3539639, 20.3294305], [85.3539175, 20.3292991], [85.3538036, 20.3292033], [85.3536126, 20.3291517], [85.3534264, 20.3291003], [85.3530484, 20.3290742], [85.3521275, 20.3292191], [85.3518339, 20.3293653], [85.3510534, 20.3302658], [85.3508837, 20.330463], [85.3506384, 20.3305645], [85.3503608, 20.3305574], [85.3500598, 20.3304824], [85.3500039, 20.3303462], [85.3499479, 20.3302057], [85.3499282, 20.3297989], [85.3501257, 20.3292315], [85.3506101, 20.3287165], [85.3512817, 20.3281538], [85.351305, 20.3280495], [85.3513168, 20.3279964], [85.3512448, 20.3275667], [85.3510581, 20.3271133], [85.3510065, 20.3270133], [85.3506787, 20.3263101], [85.3505723, 20.3259613], [85.3502684, 20.3252629], [85.3499642, 20.3241534], [85.3497956, 20.3238041], [85.3492324, 20.3231754], [85.349021, 20.322794], [85.3490155, 20.3227764], [85.3489423, 20.3225402], [85.3490163, 20.3223029], [85.3490265, 20.32227], [85.3499209, 20.3214699], [85.3500274, 20.3213579], [85.3501339, 20.321246], [85.3502225, 20.3210076], [85.3501635, 20.3207135], [85.3496849, 20.3202302], [85.3490757, 20.3198902], [85.3487566, 20.3197247], [85.3479987, 20.3194149], [85.3477695, 20.3193585], [85.3476041, 20.3191491], [85.3474871, 20.3188995], [85.3475387, 20.318534], [85.3479981, 20.3181228], [85.3483476, 20.3176654], [85.3485283, 20.3173283], [85.3486572, 20.3173702], [85.348786, 20.3174122], [85.3490721, 20.3175322], [85.349427, 20.3179285], [85.3494412, 20.3179377], [85.3495172, 20.3179925], [85.3499168, 20.3182447], [85.3502125, 20.3183515], [85.3507564, 20.3185373], [85.3510337, 20.3185715], [85.3512926, 20.3185378], [85.3513944, 20.3184169], [85.351381, 20.3183357], [85.3512825, 20.318136], [85.3510497, 20.3179712], [85.3505585, 20.3177678], [85.3505749, 20.317628], [85.3505797, 20.3175872], [85.3507822, 20.3174535], [85.351031, 20.3174739], [85.3515155, 20.3173882], [85.3516649, 20.3172902], [85.3516714, 20.3172356], [85.3516858, 20.3171144], [85.3513446, 20.3167905], [85.3513417, 20.3161537], [85.3511953, 20.3159717], [85.350435, 20.3158786], [85.3503352, 20.31581], [85.3503177, 20.3156561], [85.3504727, 20.3154903], [85.3506744, 20.315429], [85.3513294, 20.3150602], [85.3516791, 20.315041], [85.3526208, 20.3151898], [85.3529709, 20.3151435], [85.3531498, 20.314978], [85.3531771, 20.3148016], [85.3532063, 20.314613], [85.3529561, 20.3142765], [85.3527658, 20.3141481], [85.3523545, 20.3136607], [85.3523571, 20.313574], [85.3523619, 20.313417], [85.352517, 20.3132422], [85.3527849, 20.3132582], [85.3532237, 20.313416], [85.3533392, 20.3133582], [85.353359, 20.3132954], [85.3532941, 20.3131052], [85.3530903, 20.3129001], [85.3530916, 20.3127735], [85.353145, 20.3127105], [85.3539974, 20.312687], [85.3541195, 20.3124669], [85.3540487, 20.3123716], [85.3537726, 20.3122109], [85.3534053, 20.3120856], [85.3532348, 20.3119213], [85.3532306, 20.3118624], [85.3533224, 20.3117772], [85.35361, 20.3117574], [85.353958, 20.3119007], [85.3541495, 20.3118935], [85.3541846, 20.3117405], [85.353676, 20.3113879], [85.3534851, 20.3108803], [85.3532859, 20.3107067], [85.3530979, 20.3103798], [85.3529726, 20.3099902], [85.3529169, 20.3098359], [85.3528562, 20.3096864], [85.3528564, 20.309197], [85.3528565, 20.3087469], [85.3524595, 20.3082689], [85.3520226, 20.3079215], [85.351867, 20.3077077], [85.3518839, 20.3070124], [85.3517988, 20.3064559], [85.3518431, 20.3063387], [85.3522476, 20.3061121], [85.3522868, 20.3060358], [85.3523211, 20.3059547], [85.3523771, 20.3056436], [85.3524331, 20.305337], [85.3529787, 20.3044433], [85.3529871, 20.3044198], [85.3532798, 20.3035925], [85.3535425, 20.3031931], [85.3537167, 20.3030094], [85.3541815, 20.3025305], [85.354479, 20.3020003], [85.3544432, 20.3017744], [85.3541345, 20.3015413], [85.3540821, 20.3015092], [85.3531305, 20.3014098], [85.3528165, 20.3012216], [85.3521665, 20.3006646], [85.3516474, 20.3004067], [85.3513819, 20.3001647], [85.3511685, 20.299964], [85.350942, 20.2996546], [85.3507693, 20.2992376], [85.3506778, 20.298374], [85.3504211, 20.2982045], [85.3496814, 20.2979807], [85.3494873, 20.2977846], [85.3493472, 20.2974444], [85.3493551, 20.2971821], [85.349362, 20.2969478], [85.3493263, 20.2966996], [85.3493086, 20.2965768], [85.3493899, 20.2956831], [85.3494098, 20.2956111], [85.3496242, 20.2952517], [85.3496212, 20.2950759], [85.349579, 20.2950032], [85.3495321, 20.2949124], [85.3494756, 20.2948171], [85.3491715, 20.2946154], [85.3489053, 20.2944277], [85.3487821, 20.2943047], [85.3487162, 20.2942046], [85.3487084, 20.2940328], [85.3487084, 20.2940309], [85.3487116, 20.2937255], [85.3487007, 20.2936623], [85.348689, 20.2935946], [85.3486043, 20.2934629], [85.3484908, 20.2933353], [85.3482866, 20.2931662], [85.3481447, 20.2930203], [85.3480841, 20.2928616], [85.3480809, 20.2927123], [85.3481356, 20.2925142], [85.3482337, 20.2922937], [85.3484519, 20.2920293], [85.3486223, 20.2917689], [85.3486817, 20.2915799], [85.3486496, 20.2914485], [85.3486075, 20.2913531], [85.3484987, 20.2912348], [85.3483463, 20.2911611], [85.3481938, 20.2910918], [85.3480695, 20.2910771], [85.3478726, 20.2911385], [85.3475499, 20.2913207], [85.3472854, 20.2914312], [85.3471905, 20.2914277], [85.3471132, 20.2914249], [85.3469792, 20.2914192], [85.3468556, 20.2913322], [85.3467235, 20.2911502], [85.3465965, 20.2909368], [85.3464259, 20.2907635], [85.3462503, 20.2906309], [85.3460977, 20.2905797], [85.3459403, 20.2905195], [85.3457117, 20.2904135], [85.3456359, 20.290336], [85.3455848, 20.290191], [85.3455109, 20.2899327], [85.3453949, 20.2895886], [85.3453797, 20.2895112], [85.3453586, 20.289403], [85.3453942, 20.2891999], [85.3455452, 20.2889485], [85.3457343, 20.288729], [85.3459656, 20.2885866], [85.3461969, 20.2884353], [85.3463719, 20.2881975], [85.3463928, 20.288017], [85.3463421, 20.2878404], [85.3462482, 20.2876633], [85.3460687, 20.2874495], [85.345802, 20.2873113], [85.3455347, 20.2872456], [85.3452571, 20.2872384], [85.34507, 20.2872639], [85.3447813, 20.2874012], [85.3445163, 20.2875657], [85.3444393, 20.2876146], [85.3443, 20.2876539], [85.3441373, 20.2876569], [85.3435523, 20.2877462], [85.3432889, 20.2877573], [85.3432577, 20.2875357], [85.3432774, 20.2874863], [85.3434549, 20.2870002], [85.3436244, 20.2868119], [85.3441334, 20.2862115], [85.3441929, 20.2860089], [85.3440564, 20.2858087], [85.3430447, 20.2859528], [85.342792, 20.2858646], [85.3426557, 20.2856238], [85.3424253, 20.2852333], [85.3423085, 20.2849612], [85.3418979, 20.2848534], [85.3411552, 20.2849232], [85.3403757, 20.2848526], [85.3397911, 20.2849056], [85.3393606, 20.28487], [85.3387233, 20.2849407], [85.33838, 20.2852627], [85.3381124, 20.285215], [85.3378352, 20.2851716], [85.3373851, 20.285172], [85.33692, 20.2852443], [85.3364916, 20.2850236], [85.3362533, 20.2844702], [85.3362764, 20.2841046], [85.3362171, 20.2838284], [85.3359643, 20.2837537], [85.3354787, 20.2839525], [85.3351677, 20.2839358], [85.3346427, 20.2837909], [85.3340417, 20.2840336], [85.3338541, 20.2841177], [85.3335815, 20.2840925], [85.3334965, 20.2839787], [85.3334069, 20.2838559], [85.3335422, 20.2832881], [85.3337546, 20.2826804], [85.3337571, 20.2824412], [85.3336441, 20.2822547], [85.3333912, 20.2821846], [85.3329369, 20.2821532], [85.3326074, 20.2820778], [85.3323131, 20.2818401], [85.3321586, 20.2815224], [85.3321585, 20.2812967], [85.3321584, 20.2810843], [85.3322991, 20.2809141], [85.3324445, 20.2807438], [85.3325998, 20.280542], [85.3326012, 20.2804111], [85.3322828, 20.2801957], [85.3318788, 20.2799344], [85.3316227, 20.279697], [85.3315195, 20.2795109], [85.3314065, 20.2793247], [85.3312761, 20.2789983], [85.3314328, 20.27867], [85.3314719, 20.2785891], [85.3314741, 20.2785841], [85.3315406, 20.2784274], [85.3316146, 20.2783858], [85.3316273, 20.2783782], [85.3317575, 20.2782937], [85.3319357, 20.278187], [85.3327268, 20.2780679], [85.3331097, 20.277629], [85.3334058, 20.2772389], [85.3344197, 20.2768917], [85.3347721, 20.276597], [85.3339281, 20.2758483], [85.3345137, 20.2752394], [85.3351312, 20.2747892], [85.3354163, 20.2745344], [85.3346349, 20.2733075], [85.334284, 20.2725545], [85.3359718, 20.272733], [85.3366936, 20.2732593], [85.3376625, 20.2739822], [85.3386904, 20.2745429], [85.3392187, 20.2748234], [85.3398557, 20.274807], [85.3401813, 20.2747964], [85.3411941, 20.274526], [85.3421621, 20.2744132], [85.3422487, 20.2743688], [85.3430327, 20.2740149], [85.3436115, 20.2738094], [85.3438255, 20.2737333], [85.3440841, 20.2737222], [85.3443381, 20.2737021], [85.344453, 20.2736986], [85.3445439, 20.2737086], [85.3446256, 20.2736686], [85.3447694, 20.2736474], [85.3453097, 20.2737112], [85.3460303, 20.2735658], [85.3464849, 20.2734739], [85.3468449, 20.2733779], [85.3475271, 20.2731451], [85.3478979, 20.2729317], [85.3491248, 20.2727852], [85.3494358, 20.2728062], [85.3503017, 20.2728595], [85.351433, 20.2731502], [85.3521363, 20.2736401], [85.3531876, 20.2729002], [85.3535577, 20.2727411], [85.353934, 20.2724735], [85.3546895, 20.2725439], [85.3551365, 20.2728236], [85.3555141, 20.2733376], [85.3561273, 20.2741925], [85.3573005, 20.2746055], [85.3589382, 20.274954], [85.3593208, 20.2750355], [85.3593782, 20.275027], [85.3597953, 20.2749767], [85.3613543, 20.2746569], [85.3622038, 20.2744482], [85.3623373, 20.2745081], [85.3637479, 20.2750949], [85.3641365, 20.2754689], [85.3657117, 20.2758947], [85.3671743, 20.2760934], [85.368936, 20.2769996], [85.3697522, 20.2772197], [85.3710449, 20.2771865], [85.3697555, 20.2759912], [85.3702253, 20.2759277], [85.373183, 20.275517], [85.3734051, 20.2785409], [85.3734721, 20.278546], [85.3741135, 20.2785519], [85.3741506, 20.2786697], [85.3744098, 20.2795259], [85.3755359, 20.2803177], [85.3764122, 20.2816763], [85.3770268, 20.2824184], [85.3773953, 20.2826576], [85.3777115, 20.2828627], [85.3792663, 20.2834146], [85.3793686, 20.283977], [85.3793749, 20.284012], [85.3794836, 20.2846045], [85.3803279, 20.2867488], [85.3803789, 20.2867352], [85.3811536, 20.2865261], [85.3817669, 20.2869293], [85.3833727, 20.2857968], [85.3841661, 20.2850047], [85.3847078, 20.2844165], [85.3856137, 20.2834325], [85.3862726, 20.2826799], [85.3876212, 20.2809489], [85.3880242, 20.2804059], [85.3882275, 20.2795347], [85.3883196, 20.2791394], [85.390087, 20.2790473], [85.3920148, 20.2787037], [85.3932084, 20.2785565], [85.3943991, 20.278206], [85.3946575, 20.2780286], [85.3949246, 20.277845], [85.3952543, 20.2778978], [85.3951616, 20.2771429], [85.3943197, 20.2770898], [85.3945328, 20.2759128], [85.394868, 20.2749585], [85.3934187, 20.2748594], [85.3933415, 20.2735351], [85.3935176, 20.2722244], [85.3937665, 20.2703729], [85.3933069, 20.2703778], [85.3922197, 20.271375], [85.3918267, 20.2709648], [85.3929973, 20.27023], [85.3928028, 20.2696096], [85.3940127, 20.2687804], [85.3952178, 20.2679513], [85.3950814, 20.2667939], [85.3958726, 20.2661777], [85.3957315, 20.2645416], [85.3955405, 20.2635643], [85.395612, 20.2621961], [85.3959797, 20.2608939], [85.3966027, 20.2594182], [85.3970815, 20.2584739], [85.3974107, 20.2581066], [85.3980748, 20.2577602], [85.3983814, 20.2577225], [85.4005466, 20.2580178], [85.4014406, 20.2581252], [85.4059664, 20.2573806], [85.4071107, 20.258746], [85.4076342, 20.2595186], [85.4079068, 20.2599999], [85.4081797, 20.2604767], [85.4084068, 20.2609954], [85.4087316, 20.2617374], [85.4100466, 20.2632624], [85.4105634, 20.2637595], [85.4122158, 20.2650753], [85.413269, 20.2655095], [85.4146608, 20.2665654], [85.4152061, 20.2670764], [85.4158455, 20.267746], [85.4163688, 20.2685277], [85.4172009, 20.269547], [85.4171649, 20.2697699], [85.4171295, 20.269989], [85.4172784, 20.2708802], [85.4184097, 20.2708609], [85.4190066, 20.2708506], [85.4191863, 20.2710735], [85.4193063, 20.2712623], [85.4196715, 20.2718369], [85.4187125, 20.2725014], [85.4194571, 20.2736416], [85.4208453, 20.2731708], [85.42179, 20.2729941], [85.4227347, 20.2728219], [85.4235728, 20.2727888], [85.4245667, 20.2729649], [85.4253179, 20.273473], [85.4279832, 20.2740436], [85.4280331, 20.2738809], [85.428102, 20.2736563], [85.4288774, 20.2731753], [85.4288988, 20.2731716], [85.4289436, 20.2731634], [85.4291411, 20.2731278], [85.429405, 20.2730806], [85.4304307, 20.2724665], [85.4312237, 20.2721483], [85.4321226, 20.271768], [85.433244, 20.2697409], [85.4333754, 20.2695297], [85.434915, 20.2687395], [85.4363326, 20.2681875], [85.4368976, 20.2681699], [85.4381592, 20.267418], [85.4423555, 20.2656755], [85.444398, 20.2648446], [85.4445711, 20.2647693], [85.444626, 20.2640651], [85.4455591, 20.2640871], [85.4454447, 20.2650074], [85.4467454, 20.2651318], [85.446729, 20.2643775], [85.4484013, 20.264198], [85.4499198, 20.2640668], [85.4509652, 20.2643652], [85.4510319, 20.264402], [85.4510984, 20.2644385], [85.4513501, 20.2651184], [85.451718, 20.2661515], [85.4518517, 20.2669603], [85.4519214, 20.2673823], [85.4519402, 20.2674885], [85.4519847, 20.2677392], [85.4533388, 20.2692418], [85.4534619, 20.2693784], [85.4539537, 20.2704804], [85.4540638, 20.2708995], [85.454295, 20.2717797], [85.4543519, 20.2728057], [85.4542177, 20.2737847], [85.4540321, 20.2746323], [85.4539974, 20.2766915], [85.4530325, 20.2774555], [85.4525934, 20.2777994], [85.4525492, 20.2779074], [85.4525577, 20.2780204], [85.4527878, 20.2784696], [85.4529926, 20.2790541], [85.453074, 20.2795288], [85.453151, 20.279977], [85.4530001, 20.280721], [85.4539176, 20.2821639], [85.4542162, 20.2826333], [85.4542993, 20.2829456], [85.4543871, 20.2832627], [85.4544178, 20.2836004], [85.4544949, 20.2844471], [85.4552749, 20.2854567], [85.4557422, 20.2865945], [85.4564502, 20.288114], [85.4574098, 20.2888678], [85.4574345, 20.289138], [85.4575047, 20.289903], [85.4575539, 20.2903735], [85.4575879, 20.2906986], [85.4571844, 20.2908308], [85.4577134, 20.293017], [85.4581738, 20.2943806], [85.4591836, 20.2963545], [85.4593367, 20.2973359], [85.4602213, 20.2972238], [85.4602524, 20.2972199], [85.4612014, 20.2970993], [85.4628771, 20.297096], [85.4631458, 20.2970397], [85.4648422, 20.2978313], [85.4672477, 20.29811], [85.4690829, 20.2984467], [85.4707974, 20.298403], [85.4736626, 20.2981133], [85.4737591, 20.2981036], [85.4742121, 20.2992549], [85.4771471, 20.2987565], [85.4782867, 20.2986432], [85.4783376, 20.2986381], [85.4794492, 20.3007494], [85.4801969, 20.3025766], [85.4806927, 20.3032614], [85.482768, 20.3050792], [85.4834469, 20.3059356], [85.4840649, 20.3074195], [85.4843853, 20.3085638], [85.4843853, 20.3090217], [85.4842098, 20.3094813], [85.4843319, 20.3098246], [85.4851254, 20.3103911], [85.4858654, 20.311074], [85.4863612, 20.3119304], [85.4864833, 20.312617], [85.48643, 20.3130748], [85.4858501, 20.3153693], [85.4858576, 20.3164584], [85.4860408, 20.3166282], [85.4860408, 20.3168571], [85.4863535, 20.3173129], [85.4869792, 20.3191421], [85.4874217, 20.3209713], [85.4881007, 20.3218258], [85.4883067, 20.3218239], [85.4893748, 20.3221043], [85.489863, 20.3223865], [85.4902293, 20.322728], [85.4909082, 20.3238113], [85.4912744, 20.3241528], [85.4925563, 20.3248317], [85.4931132, 20.3254002], [85.4933573, 20.3258559], [85.4934259, 20.3265427], [85.4932581, 20.3279197], [85.4922662, 20.3318183], [85.4922737, 20.3329647], [85.4925408, 20.3354825], [85.492434, 20.3368578], [85.4923194, 20.3370064], [85.4920753, 20.3373173], [85.4915947, 20.3375519], [85.4913506, 20.3375519], [85.4906182, 20.3373287], [85.4901299, 20.336932], [85.4891532, 20.33648], [85.4879937, 20.3357437], [85.4875054, 20.335633], [85.4867805, 20.3356369], [85.4853843, 20.3356617], [85.4853842, 20.335818], [85.4847283, 20.3369682], [85.4840187, 20.3386905], [85.48263, 20.3394458], [85.4822638, 20.3397357], [85.4818518, 20.3404814], [85.4818519, 20.3409392], [85.4821113, 20.3421103], [85.4821723, 20.3423697], [85.4821112, 20.3425413], [85.4823629, 20.3432852], [85.4821951, 20.3446605], [85.4809362, 20.346503], [85.4805242, 20.3479372], [85.4806463, 20.3480518], [85.4806538, 20.3482807], [85.4816457, 20.3505637], [85.4818288, 20.3507354], [85.4821415, 20.35142], [85.483057, 20.3523872], [85.4848499, 20.3552368], [85.4849796, 20.3556946], [85.4849339, 20.3558528], [85.4847813, 20.3563335], [85.4846211, 20.3563278], [85.4841328, 20.3565604], [85.4836522, 20.3565624], [85.4823169, 20.3565737], [85.4822482, 20.3564021], [85.4820423, 20.3562494], [85.4813328, 20.3557211], [85.4805928, 20.3545234], [85.4799823, 20.3540122], [85.4790669, 20.3534457], [85.4783344, 20.3534514], [85.4773579, 20.3532874], [85.4768696, 20.3530604], [85.4760151, 20.3523794], [85.4755269, 20.3521543], [85.4716358, 20.3517232], [85.469202, 20.3509965], [85.4682864, 20.3508897], [85.4682331, 20.3510613], [85.4680958, 20.3511338], [85.4676914, 20.3513512], [85.4673862, 20.3516965], [85.4669741, 20.3528466], [85.4667987, 20.353764], [85.4662113, 20.3555435], [85.4663256, 20.3557057], [85.4665774, 20.3560567], [85.4668903, 20.3569722], [85.4678134, 20.3581109], [85.4680041, 20.3587976], [85.4682482, 20.3592533], [85.4683779, 20.3597111], [85.4683244, 20.3603998], [85.4686449, 20.362], [85.4685838, 20.3622308], [85.468294, 20.363606], [85.4682481, 20.3637586], [85.4679965, 20.3645825], [85.4678896, 20.3655], [85.4678971, 20.3666464], [85.4677216, 20.367106], [85.4675003, 20.3696275], [85.4674926, 20.3744417], [85.4676986, 20.3774743], [85.467729, 20.3806826]]], [[[85.5031291, 20.416175], [85.5036097, 20.4177696], [85.5036404, 20.4179547], [85.5038768, 20.4192573], [85.5038768, 20.4198066], [85.5038768, 20.4214889], [85.5039301, 20.4238254], [85.5038767, 20.4247295], [85.5035029, 20.4252616], [85.5028696, 20.4257919], [85.5020151, 20.4260055], [85.500741, 20.4260055], [85.5005503, 20.4260055], [85.4995813, 20.4260054], [85.4987726, 20.4260054], [85.4978418, 20.4259538], [85.4968652, 20.4258985], [85.4963693, 20.425784], [85.496171, 20.4257383], [85.4953774, 20.4256067], [85.4945764, 20.4254731], [85.4939432, 20.4252081], [85.4936762, 20.4249773], [85.4935692, 20.4248894], [85.4935694, 20.4244642], [85.4935159, 20.4238786], [85.4931956, 20.4233484], [85.4931726, 20.4233274], [85.492959, 20.4231061], [85.4927225, 20.4228696], [85.4921884, 20.4223394], [85.492135, 20.4222859], [85.4915247, 20.4214353], [85.4910441, 20.4205846], [85.4904108, 20.4195222], [85.4894496, 20.4189919], [85.4883891, 20.418725], [85.4872751, 20.41862], [85.4860545, 20.4176624], [85.4857341, 20.4169186], [85.4852533, 20.4159096], [85.4847728, 20.4153241], [85.4841395, 20.4151123], [85.4834452, 20.4151657], [85.4831553, 20.415242], [85.4824382, 20.4154308], [85.4813776, 20.415591], [85.4811792, 20.4148014], [85.480897, 20.4136246], [85.4805232, 20.4110744], [85.4804163, 20.4094265], [85.4806833, 20.4092148], [85.4818507, 20.4091079], [85.4836055, 20.4090545], [85.4845668, 20.4090031], [85.4853604, 20.4088962], [85.4853603, 20.4080989], [85.4854671, 20.4074085], [85.4860013, 20.4071949], [85.4868481, 20.4069832], [85.4872754, 20.4066112], [85.4873821, 20.4059742], [85.4875272, 20.4057683], [85.4876416, 20.4056023], [85.4878018, 20.405814], [85.4881452, 20.406184], [85.4884961, 20.4065579], [85.4898236, 20.4076203], [85.4909908, 20.4083642], [85.4910976, 20.4087361], [85.4910976, 20.4092682], [85.4911511, 20.4095867], [85.4920512, 20.4094799], [85.4929592, 20.409375], [85.49418, 20.4092683], [85.495454, 20.4091615], [85.4966748, 20.4090548], [85.4973691, 20.4087362], [85.4971021, 20.4078341], [85.4971021, 20.4054422], [85.4972089, 20.4036893], [85.4973692, 20.4027853], [85.497743, 20.4018831], [85.4983763, 20.4011392], [85.4987425, 20.4009104], [85.4994901, 20.4004488], [85.4997725, 20.399331], [85.5001311, 20.3978987], [85.5000243, 20.3963041], [85.4995971, 20.3942843], [85.4992996, 20.3934374], [85.5008941, 20.3935137], [85.5035796, 20.3941852], [85.5067992, 20.3953926], [85.5069976, 20.3956425], [85.5070891, 20.3958789], [85.5041671, 20.4011928], [85.5037168, 20.4018336], [85.5027327, 20.4032107], [85.5021528, 20.4048052], [85.5021528, 20.4060088], [85.5021527, 20.4064533], [85.5023129, 20.4074623], [85.5025267, 20.4090528], [85.5029996, 20.4126159], [85.5030149, 20.4130851], [85.5030834, 20.4150592], [85.5031291, 20.416175]]], [[[85.5234539, 20.4253133], [85.5240413, 20.4262175], [85.5240871, 20.4266485], [85.5240947, 20.4266962], [85.5238277, 20.4269079], [85.5232402, 20.4267496], [85.5229274, 20.4259524], [85.5225537, 20.4252618], [85.5220195, 20.425155], [85.5214398, 20.4253667], [85.5207455, 20.4251015], [85.5200587, 20.4243043], [85.519952, 20.4236673], [85.520532, 20.4234022], [85.5213329, 20.423242], [85.522073, 20.4236674], [85.5225536, 20.4239858], [85.5229275, 20.4238256], [85.5229275, 20.4233488], [85.5227673, 20.422233], [85.5222867, 20.4212221], [85.5219128, 20.4201597], [85.5219128, 20.4196295], [85.5220273, 20.4190267], [85.522073, 20.4187788], [85.522447, 20.4179815], [85.5223401, 20.4173979], [85.5221723, 20.4172547], [85.5219128, 20.417026], [85.5209058, 20.4172911], [85.5201046, 20.4179814], [85.5197384, 20.4196294], [85.5197995, 20.4202703], [85.5198987, 20.4211706], [85.5197384, 20.4211705], [85.5193645, 20.4209569], [85.5191281, 20.420627], [85.5190975, 20.420585], [85.5186703, 20.4204266], [85.5183042, 20.420957], [85.5178234, 20.4210103], [85.5172894, 20.4206918], [85.5171826, 20.4202131], [85.5168164, 20.4186718], [85.5166028, 20.4181416], [85.5165875, 20.4181321], [85.516351, 20.4179908], [85.5163357, 20.4179814], [85.5158551, 20.4180349], [85.5158017, 20.4182483], [85.5159618, 20.4194158], [85.5165492, 20.4206384], [85.51703, 20.4217542], [85.5170223, 20.4218094], [85.5169231, 20.4229234], [85.5166026, 20.4243044], [85.516122, 20.4246762], [85.5159618, 20.4246228], [85.5157482, 20.4242509], [85.515382, 20.4232419], [85.5153667, 20.423219], [85.5146877, 20.4221261], [85.5143139, 20.4218609], [85.513467, 20.4217007], [85.5132533, 20.4219143], [85.5126202, 20.4224446], [85.5122463, 20.4224979], [85.5119793, 20.4220727], [85.511552, 20.4217542], [85.5113384, 20.4223378], [85.5110255, 20.4227631], [85.5102779, 20.4226048], [85.5101177, 20.4221259], [85.5100643, 20.4210103], [85.5100643, 20.42048], [85.5103847, 20.4204265], [85.5109188, 20.4206383], [85.5114987, 20.4211171], [85.5120862, 20.4212219], [85.5122463, 20.4210103], [85.5120862, 20.4204266], [85.5114987, 20.420108], [85.5109187, 20.4198945], [85.5104381, 20.4194157], [85.5102245, 20.4187786], [85.5103313, 20.4184067], [85.5109951, 20.4183551], [85.5110256, 20.4183533], [85.5109722, 20.4179813], [85.5109188, 20.4171326], [85.5106289, 20.4163086], [85.5105984, 20.4162286], [85.5107052, 20.414262], [85.5110791, 20.4137852], [85.5118861, 20.4130791], [85.5118878, 20.4130776], [85.511926, 20.4130413], [85.5127195, 20.4134667], [85.5132001, 20.4141572], [85.5135204, 20.4146874], [85.5140012, 20.4147942], [85.514848, 20.4147408], [85.516229, 20.4143689], [85.5165493, 20.4136784], [85.5168928, 20.4132951], [85.5170148, 20.4131463], [85.5176099, 20.4135183], [85.5182508, 20.4131997], [85.5183042, 20.4129346], [85.518411, 20.4119256], [85.5193113, 20.4119257], [85.5201047, 20.4117654], [85.5204787, 20.4107565], [85.5205245, 20.4105199], [85.5206389, 20.4099057], [85.520677, 20.4086583], [85.5206922, 20.4079927], [85.5207458, 20.4062399], [85.5212799, 20.4003423], [85.52128, 20.399175], [85.5216461, 20.3993009], [85.5219742, 20.3994669], [85.5220505, 20.3994954], [85.522081, 20.3995222], [85.523233, 20.4002221], [85.5247742, 20.4009603], [85.5268494, 20.4023012], [85.5278565, 20.4032416], [85.528093, 20.403522], [85.527681, 20.4046454], [85.5255752, 20.4082426], [85.5249725, 20.4092687], [85.5248885, 20.4095377], [85.5244383, 20.4109681], [85.524385, 20.4122442], [85.5244993, 20.4123949], [85.5245451, 20.412456], [85.5255522, 20.4127744], [85.5258726, 20.41336], [85.5261931, 20.4139971], [85.5267271, 20.414369], [85.5269865, 20.4144224], [85.5270933, 20.4144435], [85.5272536, 20.4144759], [85.5271238, 20.4147944], [85.5266965, 20.4158034], [85.5266278, 20.4161371], [85.5264829, 20.4168659], [85.5260099, 20.4184068], [85.5260098, 20.4187827], [85.5260099, 20.4206385], [85.5260098, 20.4228702], [85.5257428, 20.4239859], [85.5247281, 20.4241461], [85.5235607, 20.4243578], [85.5234005, 20.4247831], [85.5234539, 20.4253133]]], [[[85.5383084, 20.4235608], [85.5381482, 20.4245698], [85.5377744, 20.4262176], [85.5370344, 20.4263245], [85.5352262, 20.4266429], [85.5342115, 20.4271732], [85.5326245, 20.4286609], [85.5320903, 20.4295116], [85.5315029, 20.4296184], [85.5310833, 20.4295116], [85.5307628, 20.429193], [85.5304501, 20.4289718], [85.5282147, 20.4273867], [85.5278638, 20.4269519], [85.5273067, 20.4262709], [85.5276273, 20.4238257], [85.5277722, 20.4215541], [85.5278943, 20.4196829], [85.5281615, 20.4179283], [85.5300153, 20.4169727], [85.5319837, 20.4159636], [85.5328307, 20.4156966], [85.5336852, 20.4158034], [85.5340591, 20.4156966], [85.534532, 20.415113], [85.5345855, 20.4143157], [85.5345473, 20.4134899], [85.5345321, 20.4132533], [85.5347456, 20.4118191], [85.5352799, 20.4092155], [85.5355851, 20.4067608], [85.5356003, 20.406612], [85.5356613, 20.4065814], [85.5356996, 20.4065815], [85.5358139, 20.406591], [85.5358597, 20.4065967], [85.5393997, 20.4069973], [85.5437562, 20.4079378], [85.546106, 20.4092119], [85.5465714, 20.4093454], [85.5467317, 20.4095419], [85.5467011, 20.4095342], [85.5466195, 20.4097998], [85.5461136, 20.4114472], [85.5449767, 20.4165227], [85.5441527, 20.4202134], [85.5436721, 20.4235074], [85.5436185, 20.4262711], [85.5434658, 20.4262922], [85.5432447, 20.4263245], [85.542024, 20.4251554], [85.5408566, 20.4242512], [85.539636, 20.4232422], [85.5389418, 20.4231354], [85.5383084, 20.4235608]]], [[[85.6100319, 20.4922606], [85.608651, 20.4934833], [85.6076973, 20.4936951], [85.6050347, 20.4935367], [85.6025397, 20.4929511], [85.6009986, 20.4921539], [85.5992973, 20.4913222], [85.5987174, 20.4910379], [85.5973517, 20.4911753], [85.5965888, 20.4912515], [85.5958335, 20.4913355], [85.5951545, 20.4914098], [85.5939338, 20.4915166], [85.5928732, 20.4915166], [85.5922858, 20.4913564], [85.5915458, 20.4904542], [85.590058, 20.4889664], [85.5885397, 20.4875854], [85.587693, 20.4869466], [85.5876396, 20.4856723], [85.5875404, 20.4848827], [85.5873802, 20.4835933], [85.5873268, 20.4831738], [85.5872657, 20.4826969], [85.5869987, 20.4798282], [85.5857094, 20.4783349], [85.5852975, 20.4778617], [85.5834893, 20.4759201], [85.5823754, 20.4747279], [85.5820703, 20.4744666], [85.5793313, 20.472109], [85.5790719, 20.4718821], [85.5789804, 20.471804], [85.5777292, 20.4710086], [85.5766152, 20.4709017], [85.5760812, 20.4711668], [85.575448, 20.4720708], [85.57454, 20.4734518], [85.573426, 20.474621], [85.5720985, 20.474993], [85.5707711, 20.4749395], [85.5693367, 20.4739838], [85.5682686, 20.4722291], [85.5680474, 20.4709397], [85.5677956, 20.4694673], [85.5677422, 20.46867], [85.5676201, 20.468649], [85.5674218, 20.4686166], [85.5668877, 20.4688817], [85.5666742, 20.4701043], [85.5665215, 20.4705297], [85.5658806, 20.4705296], [85.5654534, 20.4702112], [85.5653466, 20.4693071], [85.5653465, 20.4687234], [85.5653008, 20.4686929], [85.5646599, 20.4682445], [85.5641259, 20.4679795], [85.5638054, 20.4671288], [85.563546, 20.4665451], [85.5621194, 20.4648418], [85.5610971, 20.4636231], [85.5601968, 20.4627381], [85.5598459, 20.462387], [85.5594796, 20.4620285], [85.5584726, 20.4602756], [85.5585717, 20.4588413], [85.5586557, 20.4587612], [85.5591592, 20.4582558], [85.5605935, 20.4582558], [85.5622415, 20.4587346], [85.5630884, 20.4587345], [85.5633021, 20.4587345], [85.5637293, 20.457777], [85.5637828, 20.4557057], [85.5636684, 20.4554825], [85.5634927, 20.4551354], [85.5632487, 20.4546433], [85.5630733, 20.4545154], [85.5625849, 20.4541645], [85.5624553, 20.4540596], [85.5623484, 20.4539147], [85.561761, 20.4531021], [85.5615169, 20.4524687], [85.5615016, 20.4524288], [85.5614758, 20.4524101], [85.5608073, 20.4523583], [85.5604563, 20.4523868], [85.56045, 20.4523874], [85.5594798, 20.4524651], [85.5589838, 20.4524706], [85.5589686, 20.4524212], [85.5585719, 20.4518795], [85.5583125, 20.4513493], [85.5579386, 20.4514025], [85.5574046, 20.4511355], [85.5574046, 20.4510917], [85.5574046, 20.4510668], [85.5574046, 20.4501266], [85.557458, 20.4489575], [85.5578854, 20.4464073], [85.5579082, 20.4455051], [85.5578701, 20.4452648], [85.5576717, 20.4440307], [85.5576336, 20.4437636], [85.5574352, 20.4425296], [85.5571148, 20.4402979], [85.557275, 20.4397125], [85.5585187, 20.4373092], [85.5585304, 20.4372864], [85.5598234, 20.4347724], [85.5618987, 20.4304676], [85.5625091, 20.4273872], [85.5626693, 20.4254207], [85.5626159, 20.4231357], [85.5627457, 20.4222583], [85.5648743, 20.4221516], [85.5666444, 20.4221517], [85.569101, 20.4226114], [85.5714051, 20.42338], [85.5730912, 20.4240706], [85.5733963, 20.4243776], [85.5760055, 20.4246847], [85.5761717, 20.4247022], [85.5771806, 20.4248087], [85.57715, 20.4249442], [85.5770356, 20.4259225], [85.5767915, 20.4267294], [85.5764328, 20.4273073], [85.5764328, 20.4282858], [85.5766846, 20.4289172], [85.5771729, 20.429434], [85.5774781, 20.430237], [85.5779663, 20.4312117], [85.5782791, 20.432131], [85.578157, 20.4327089], [85.5777373, 20.4331133], [85.577188, 20.4333459], [85.5768218, 20.4335216], [85.5763336, 20.4343302], [85.5760971, 20.4352533], [85.5757995, 20.4361175], [85.5754333, 20.4368669], [85.5751891, 20.4377901], [85.5752577, 20.4390547], [85.5755705, 20.4400331], [85.5761809, 20.441065], [85.5763486, 20.4418699], [85.5763716, 20.4419844], [85.5763716, 20.4431937], [85.5763334, 20.4435637], [85.5764707, 20.4435369], [85.5770506, 20.4431746], [85.5779203, 20.4419386], [85.5780118, 20.4417841], [85.5782103, 20.4414294], [85.5789427, 20.4395393], [85.5804686, 20.43903], [85.5820708, 20.4384482], [85.5833755, 20.4378665], [85.5849014, 20.437794], [85.5851532, 20.4377921], [85.5853744, 20.4377903], [85.5860686, 20.4377941], [85.5874497, 20.4372848], [85.5881056, 20.4372124], [85.5883957, 20.4363406], [85.5884644, 20.4344486], [85.5885941, 20.4329113], [85.5886094, 20.4327054], [85.5890443, 20.4319043], [85.5902115, 20.4316143], [85.5904633, 20.4316581], [85.5905244, 20.4316029], [85.5913789, 20.4307922], [85.5922868, 20.4299244], [85.5933168, 20.4284786], [85.5942858, 20.4272065], [85.5948885, 20.4257645], [85.5952547, 20.4245552], [85.5956744, 20.4236302], [85.5960407, 20.423058], [85.596773, 20.4235673], [85.5981158, 20.4245954], [85.5993975, 20.4253373], [85.6008091, 20.4261918], [85.6011675, 20.4264131], [85.6024568, 20.427218], [85.6041659, 20.4282442], [85.6055697, 20.4288698], [85.6072177, 20.4294935], [85.6093005, 20.4305178], [85.6112536, 20.4312541], [85.6127796, 20.4322822], [85.613283, 20.4325149], [85.6138781, 20.4327934], [85.6155947, 20.4341076], [85.6173036, 20.4354218], [85.6185244, 20.4365089], [85.620302, 20.4384545], [85.6216524, 20.4402303], [85.6226976, 20.441779], [85.6238572, 20.4428644], [85.6242998, 20.4437436], [85.6249635, 20.4450444], [85.6257723, 20.4474001], [85.6260086, 20.4479113], [85.6265123, 20.4490079], [85.6270615, 20.4505568], [85.6279236, 20.4522218], [85.6289689, 20.4531927], [85.6302658, 20.4541864], [85.6307999, 20.4545068], [85.6316621, 20.455596], [85.6326156, 20.4566222], [85.6335617, 20.4578848], [85.6338593, 20.4581461], [85.6343475, 20.4585678], [85.6360642, 20.4593097], [85.6367355, 20.4593917], [85.6374069, 20.4594737], [85.6400925, 20.4593441], [85.6412446, 20.4591648], [85.6421601, 20.4592754], [85.6441742, 20.4596665], [85.6453339, 20.4598896], [85.6461427, 20.4598439], [85.6464937, 20.4598248], [85.6469743, 20.4596494], [85.6470658, 20.4599506], [85.647493, 20.4616196], [85.6483094, 20.4631723], [85.6493928, 20.4646486], [85.6494003, 20.4646695], [85.649492, 20.4647057], [85.6498504, 20.4655335], [85.6499115, 20.467109], [85.6494765, 20.468902], [85.6494461, 20.4690603], [85.6492019, 20.4702046], [85.649179, 20.4702828], [85.6488203, 20.4714005], [85.6483855, 20.4722684], [85.6475157, 20.4731916], [85.6462111, 20.4738991], [85.6450209, 20.4746583], [85.643991, 20.4752019], [85.6428464, 20.4756901], [85.6417631, 20.4760162], [85.6410535, 20.4761803], [85.6402372, 20.476289], [85.6382688, 20.4768936], [85.6368193, 20.4771015], [85.6353237, 20.4771015], [85.6328824, 20.4771834], [85.6315091, 20.4770594], [85.6308911, 20.4771833], [85.6312649, 20.4787989], [85.6316769, 20.4802923], [85.6323406, 20.4827357], [85.6328822, 20.4845191], [85.6317608, 20.4847251], [85.6295253, 20.4851809], [85.6278239, 20.4853888], [85.6266185, 20.4856367], [85.6258783, 20.4857207], [85.6250469, 20.4858027], [85.6242151, 20.4857206], [85.6233913, 20.4859686], [85.6229716, 20.4862165], [85.6223154, 20.4865064], [85.6217356, 20.4866724], [85.6209422, 20.4865903], [85.6199122, 20.4862584], [85.6189128, 20.4859265], [85.6184016, 20.4855221], [85.6184015, 20.4854592], [85.61831, 20.4854706], [85.6179742, 20.4855126], [85.6173944, 20.4856194], [85.6169672, 20.485938], [85.6163263, 20.4864701], [85.6138849, 20.4884346], [85.6100319, 20.4922606]]]]}}, {"type": "Feature", "properties": {"OBJECTID": 395, "state": "ODISHA", "district": "Khordha", "stcode11": "21", "dtcode11": "386", "blkcode11": "0173", "block_name": "BEGUNIA", "code2011": "213860173", "block_lgd": 3459, "block_ver": 1, "dist_lgd": 362, "b_pan_code": 3822, "state_lgd": 21, "shape_Length": 177722.96968484076, "shape_Area": 443178458.01580894}, "geometry": {"type": "Polygon", "coordinates": [[[85.5631506, 20.3022753], [85.5630902, 20.3026389], [85.5629325, 20.303588], [85.5621702, 20.3042322], [85.5599116, 20.3051125], [85.5592935, 20.306196], [85.5590881, 20.3066687], [85.5583604, 20.3082075], [85.557477, 20.3095102], [85.556901, 20.3101604], [85.5561118, 20.3105965], [85.5545993, 20.3110584], [85.5525085, 20.3124143], [85.5509568, 20.3129751], [85.5506018, 20.31304], [85.5505993, 20.3130362], [85.5501624, 20.3124129], [85.5492357, 20.3116599], [85.5490871, 20.3111528], [85.5492967, 20.3102511], [85.5495759, 20.3095759], [85.5494943, 20.3090828], [85.5486995, 20.3085659], [85.54766, 20.3080964], [85.5472497, 20.3074335], [85.5473259, 20.3069689], [85.5477172, 20.3065973], [85.5479805, 20.3060847], [85.5478931, 20.3056952], [85.5476909, 20.3047948], [85.5477812, 20.3043484], [85.5488583, 20.3028304], [85.5488437, 20.3023426], [85.5484979, 20.301933], [85.5480546, 20.3017216], [85.5473411, 20.3017428], [85.5460442, 20.3021882], [85.5455323, 20.3021478], [85.5452669, 20.3018611], [85.5453005, 20.3013283], [85.5455701, 20.3011231], [85.5455706, 20.3011228], [85.5455557, 20.3011252], [85.544506, 20.3012991], [85.5432257, 20.3015143], [85.5414569, 20.3017345], [85.540153, 20.3013804], [85.538878, 20.3010263], [85.5375839, 20.3011781], [85.5347902, 20.3019408], [85.5340126, 20.3021466], [85.5329773, 20.3032807], [85.5317343, 20.3051131], [85.5309781, 20.3055992], [85.5294854, 20.3059842], [85.5283343, 20.3061778], [85.5272003, 20.3061141], [85.5267101, 20.3058028], [85.5263875, 20.3054793], [85.524992, 20.3057115], [85.524804, 20.3057233], [85.5244793, 20.3057433], [85.5240498, 20.304102], [85.5240495, 20.3041008], [85.5237627, 20.3030049], [85.5224464, 20.2979749], [85.5219009, 20.2955804], [85.5213526, 20.2931731], [85.5201397, 20.2933255], [85.5179744, 20.2934608], [85.5167214, 20.2938295], [85.5159834, 20.2939045], [85.5154508, 20.2935252], [85.5150059, 20.292487], [85.5147949, 20.2924727], [85.5147935, 20.2924726], [85.5132499, 20.2923682], [85.5118181, 20.2914075], [85.5107391, 20.2910956], [85.509256, 20.2909881], [85.506882, 20.2919255], [85.5055101, 20.2927043], [85.5038176, 20.2929699], [85.5017884, 20.2928938], [85.5004856, 20.2934428], [85.4999982, 20.2938497], [85.4993275, 20.2943994], [85.4979021, 20.29525], [85.4953982, 20.2962403], [85.4935306, 20.2967844], [85.4926248, 20.2968669], [85.4911453, 20.2968857], [85.4897813, 20.2973257], [85.4886912, 20.2976686], [85.4876011, 20.2980071], [85.4866945, 20.2981844], [85.4854061, 20.298241], [85.4845682, 20.2982427], [85.4831474, 20.2981311], [85.481954, 20.2982517], [85.4799841, 20.298474], [85.4783376, 20.2986381], [85.4782867, 20.2986432], [85.4771471, 20.2987565], [85.4742121, 20.2992549], [85.4737591, 20.2981036], [85.4736626, 20.2981133], [85.4707974, 20.298403], [85.4690829, 20.2984467], [85.4672477, 20.29811], [85.4648422, 20.2978313], [85.4647451, 20.2975276], [85.4637793, 20.2945055], [85.4624678, 20.2912223], [85.4594151, 20.2874049], [85.4589142, 20.2862274], [85.4589618, 20.28298], [85.4595457, 20.2729654], [85.4598125, 20.2706493], [85.4623316, 20.270301], [85.4638254, 20.2692213], [85.4657556, 20.2669208], [85.4658955, 20.2667541], [85.4672321, 20.2640573], [85.4679189, 20.2609573], [85.4679625, 20.2600302], [85.4680154, 20.2589039], [85.4684529, 20.2586912], [85.4693459, 20.2582573], [85.4706084, 20.2562017], [85.4710345, 20.2533675], [85.4703942, 20.2509994], [85.4688226, 20.2479823], [85.4685788, 20.2464538], [85.4697837, 20.2449577], [85.4710728, 20.2455083], [85.4725085, 20.2474202], [85.4734434, 20.2481545], [85.4748054, 20.2482753], [85.4760315, 20.2472908], [85.4775213, 20.2461258], [85.4782298, 20.2457581], [85.4784622, 20.2448101], [85.4796846, 20.2437403], [85.4825364, 20.2426961], [85.4837833, 20.2422232], [85.484988, 20.240727], [85.4867699, 20.2400635], [85.4898338, 20.23978], [85.4921383, 20.2392041], [85.4926692, 20.2387394], [85.4927494, 20.2386692], [85.4933289, 20.2373667], [85.494496, 20.2371528], [85.4955903, 20.2373687], [85.4983445, 20.236157], [85.500065, 20.2345761], [85.5027017, 20.2321529], [85.4997036, 20.2318364], [85.4976707, 20.230801], [85.4962878, 20.2301687], [85.4940298, 20.2302518], [85.49239, 20.2299706], [85.491278, 20.2293282], [85.4904088, 20.2279936], [85.4897806, 20.2271455], [85.4895467, 20.2268296], [85.489245, 20.2267893], [85.4885462, 20.2266956], [85.4858649, 20.2274774], [85.4824821, 20.2287976], [85.4810662, 20.2292904], [85.4789151, 20.2300389], [85.4763907, 20.2324377], [85.4735428, 20.233567], [85.4715591, 20.2337252], [85.4714248, 20.2337652], [85.4707895, 20.2339541], [85.4695932, 20.2343097], [85.4672449, 20.2343958], [85.466324, 20.2340025], [85.4662995, 20.2334055], [85.4669074, 20.2327854], [85.4691617, 20.2326174], [85.4699289, 20.2314789], [85.4694975, 20.2297865], [85.4681208, 20.227104], [85.4680927, 20.2264216], [85.4693186, 20.2254372], [85.4701866, 20.2245514], [85.4709432, 20.2231571], [85.471429, 20.2217727], [85.4709975, 20.2200804], [85.4701251, 20.2186604], [85.4689642, 20.216824], [85.4687791, 20.2145247], [85.4689413, 20.2118712], [85.4696217, 20.2108213], [85.4695456, 20.2097744], [85.4689332, 20.2093989], [85.4681387, 20.2088643], [85.4671676, 20.208303], [85.4664231, 20.2081313], [85.4654834, 20.2083316], [85.4647657, 20.2079599], [85.4639515, 20.2086529], [85.4634285, 20.2087384], [85.462916, 20.2090888], [85.462579, 20.2094328], [85.4620533, 20.2098831], [85.4614128, 20.2096744], [85.4608545, 20.209761], [85.4608007, 20.210161], [85.4597948, 20.210463], [85.4588158, 20.2105652], [85.4580002, 20.2112252], [85.4563887, 20.2113172], [85.4558237, 20.2112385], [85.4541059, 20.2121634], [85.4522383, 20.2119995], [85.4513968, 20.2120303], [85.450484, 20.2128926], [85.4493661, 20.2130329], [85.4480419, 20.2132803], [85.4475122, 20.2140622], [85.447206, 20.2143056], [85.4464685, 20.2142993], [85.445782, 20.2146891], [85.4455489, 20.214996], [85.4455545, 20.2159906], [85.4452283, 20.2165995], [85.4448912, 20.2169433], [85.4436789, 20.2173523], [85.4425232, 20.2174276], [85.4415737, 20.217396], [85.4411058, 20.2171146], [85.4405946, 20.2166358], [85.4396939, 20.216934], [85.4386354, 20.2176689], [85.4378897, 20.2183261], [85.4372963, 20.2184141], [85.4357065, 20.2190357], [85.4345655, 20.2194752], [85.4337214, 20.2194397], [85.43267, 20.2190634], [85.4309939, 20.2179399], [85.4308016, 20.2171015], [85.4300346, 20.2150899], [85.4279103, 20.2107902], [85.4276465, 20.2102029], [85.427144, 20.2093591], [85.4262673, 20.207954], [85.4253485, 20.2066611], [85.4248036, 20.2059293], [85.4234353, 20.2050949], [85.4227681, 20.2045223], [85.4223887, 20.2038287], [85.422173, 20.2025544], [85.4221631, 20.2023116], [85.4221352, 20.2022021], [85.4215544, 20.2023117], [85.4204937, 20.2027038], [85.419495, 20.202895], [85.4188432, 20.2029849], [85.4183291, 20.2030036], [85.4178507, 20.2027556], [85.4173761, 20.2020213], [85.4169815, 20.2009524], [85.4171671, 20.1999068], [85.4167019, 20.1979673], [85.4164565, 20.196252], [85.4164214, 20.1953911], [85.4157634, 20.1947518], [85.4150744, 20.194213], [85.4149868, 20.1937852], [85.415185, 20.1934796], [85.4135373, 20.1926773], [85.4123913, 20.192122], [85.4122294, 20.1933216], [85.4121728, 20.1945174], [85.4118114, 20.1951273], [85.411508, 20.1954367], [85.4111642, 20.195615], [85.410916, 20.1955578], [85.4106626, 20.195368], [85.4102177, 20.1947873], [85.4096689, 20.1942434], [85.4094181, 20.1941199], [85.4091457, 20.1943288], [85.4087709, 20.1946076], [85.408427, 20.1947858], [85.4077219, 20.1938498], [85.4077314, 20.1932194], [85.408059, 20.1926439], [85.408674, 20.1922237], [85.4094856, 20.1923269], [85.4096918, 20.1922201], [85.4098147, 20.1917845], [85.4097377, 20.1907593], [85.4099967, 20.1902195], [85.4105347, 20.1896362], [85.410691, 20.1891663], [85.4104916, 20.1885766], [85.409746, 20.1875095], [85.409107, 20.1864716], [85.408383, 20.1850721], [85.4081255, 20.1839209], [85.4078909, 20.1830775], [85.4038682, 20.1765219], [85.4011073, 20.1779031], [85.3990676, 20.179061], [85.3967393, 20.1808206], [85.3947254, 20.182618], [85.3930904, 20.1834657], [85.3924131, 20.1847712], [85.3877747, 20.1848895], [85.3874503, 20.1833244], [85.3865029, 20.1818312], [85.3857358, 20.1809226], [85.3848705, 20.1801655], [85.3836644, 20.180012], [85.3832455, 20.1799777], [85.3829732, 20.1796919], [85.3829254, 20.1785112], [85.382575, 20.1775875], [85.3816695, 20.1771275], [85.3797301, 20.1769018], [85.3785583, 20.1763034], [85.3776028, 20.1758945], [85.3764007, 20.1758392], [85.3754953, 20.1753791], [85.3733676, 20.1756528], [85.3729236, 20.1763695], [85.3722055, 20.176843], [85.3712206, 20.1772267], [85.3698336, 20.1771458], [85.369696, 20.1765799], [85.3697235, 20.1757762], [85.3697881, 20.1750812], [85.3697246, 20.173816], [85.3696286, 20.1720218], [85.3696887, 20.1708435], [85.3689232, 20.1708544], [85.3684799, 20.1707104], [85.3673632, 20.1699863], [85.3669443, 20.1697928], [85.3665777, 20.1696131], [85.3660839, 20.1692653], [85.3654027, 20.1685362], [85.3646785, 20.1678068], [85.3644433, 20.1675121], [85.3642062, 20.1672152], [85.3636317, 20.1668034], [85.3629923, 20.1661968], [85.3624147, 20.1656267], [85.3618517, 20.1650252], [85.3615225, 20.1644848], [85.3614671, 20.1642593], [85.3614123, 20.1640365], [85.361625, 20.1636613], [85.3620313, 20.1629446], [85.36225, 20.1621473], [85.3623792, 20.1616967], [85.362701, 20.1611125], [85.3628111, 20.1609644], [85.3628611, 20.1608972], [85.36287, 20.1600391], [85.3626939, 20.1590348], [85.3624524, 20.1583369], [85.362017, 20.1574386], [85.361627, 20.1570281], [85.3611985, 20.1565772], [85.360989, 20.1565115], [85.3605454, 20.1563724], [85.3598558, 20.1559821], [85.3586292, 20.1552795], [85.3581722, 20.1550822], [85.3576244, 20.1548455], [85.3570126, 20.1543565], [85.3567986, 20.1537765], [85.3566905, 20.1531363], [85.3565824, 20.1524961], [85.3565206, 20.1520168], [85.3564545, 20.1505572], [85.3563759, 20.1498474], [85.3564385, 20.1488858], [85.3565471, 20.1476447], [85.3564796, 20.1472488], [85.356412, 20.146853], [85.3561374, 20.1452108], [85.3558421, 20.1450907], [85.3556327, 20.1449983], [85.3554232, 20.1449061], [85.3552918, 20.14467], [85.3551569, 20.1438421], [85.355265, 20.1435721], [85.3555137, 20.1435745], [85.3560656, 20.1438415], [85.3562736, 20.1439251], [85.3564229, 20.143985], [85.3570999, 20.1441899], [85.3576585, 20.1442764], [85.3584088, 20.1443377], [85.3601471, 20.1445887], [85.3624288, 20.1450074], [85.3644107, 20.1448361], [85.3656647, 20.1447393], [85.3664498, 20.144655], [85.3671349, 20.1445814], [85.3676517, 20.144541], [85.3679004, 20.1445433], [85.3683204, 20.1444257], [85.3685096, 20.1443728], [85.3691253, 20.1445004], [85.3696669, 20.1448486], [85.37002, 20.1453986], [85.370343, 20.1456003], [85.3705664, 20.1457378], [85.3708197, 20.1457788], [85.3708624, 20.1457858], [85.3709687, 20.1458152], [85.3713345, 20.1459166], [85.3715883, 20.1458919], [85.3719577, 20.1457869], [85.3724068, 20.1458272], [85.3732809, 20.1459346], [85.3736171, 20.1459873], [85.3740163, 20.1460499], [85.3751755, 20.1463541], [85.375865, 20.1465509], [85.3763533, 20.1466902], [85.3766657, 20.1470092], [85.3768251, 20.1472498], [85.3770753, 20.1476274], [85.3776664, 20.1496744], [85.3777353, 20.1498048], [85.3778776, 20.1500739], [85.3783334, 20.1503942], [85.3788863, 20.15058], [85.3793575, 20.1507966], [85.3798308, 20.1508371], [85.3808157, 20.1508642], [85.3820198, 20.1509838], [85.3822636, 20.1510799], [85.3826057, 20.1512149], [85.3825637, 20.1534368], [85.3826064, 20.1543993], [85.3831657, 20.1548877], [85.3837125, 20.1552089], [85.3842412, 20.1558824], [85.384735, 20.1562437], [85.3852563, 20.1562395], [85.3858532, 20.1558971], [85.3861564, 20.1552495], [85.3861612, 20.1547707], [85.3862296, 20.1537008], [85.3860359, 20.1529989], [85.3857539, 20.1520523], [85.3863226, 20.1516285], [85.386904, 20.1513719], [85.3866814, 20.150227], [85.3873392, 20.14998], [85.3876205, 20.1486727], [85.3883102, 20.1481009], [85.3888395, 20.1477986], [85.3892512, 20.1472965], [85.389463, 20.1462325], [85.3908086, 20.1459039], [85.3911747, 20.1458145], [85.390913, 20.1452248], [85.3884271, 20.1455815], [85.3870948, 20.1435096], [85.3872827, 20.1429061], [85.3876121, 20.1420328], [85.3876191, 20.141881], [85.3876799, 20.1405564], [85.3878921, 20.1399169], [85.3883273, 20.1394421], [85.3876423, 20.1386318], [85.3876047, 20.1384887], [85.3875686, 20.1383512], [85.3875676, 20.1379853], [85.3876125, 20.1373398], [85.387638, 20.13726], [85.3877507, 20.1369074], [85.3883384, 20.1364617], [85.3886039, 20.1362602], [85.3887192, 20.1362162], [85.3889674, 20.1361551], [85.389285, 20.1360768], [85.3899328, 20.1358568], [85.3906964, 20.1355521], [85.391042, 20.1354288], [85.3928676, 20.1341491], [85.3943839, 20.1332009], [85.3950914, 20.1332254], [85.3955151, 20.1338842], [85.3954251, 20.1347371], [85.3953352, 20.13559], [85.3954437, 20.1361962], [85.395867, 20.1368911], [85.3965421, 20.1372948], [85.3975519, 20.1376925], [85.3980984, 20.1380316], [85.3985715, 20.1376023], [85.3993326, 20.1375279], [85.3996855, 20.1376305], [85.4000746, 20.1379368], [85.4001167, 20.1379309], [85.4003811, 20.1378944], [85.4004805, 20.1378349], [85.4005447, 20.1377965], [85.4010494, 20.137548], [85.4013856, 20.1374156], [85.4015385, 20.137417], [85.4018344, 20.1374919], [85.4019491, 20.1374975], [85.4020638, 20.1375031], [85.4022999, 20.137329], [85.4024457, 20.1371045], [85.402541, 20.1370004], [85.4026342, 20.1368985], [85.4031136, 20.1367944], [85.4032858, 20.1367959], [85.4035154, 20.1367891], [85.4038986, 20.1367203], [85.4041521, 20.1367315], [85.4044111, 20.1366525], [85.4047691, 20.1362538], [85.4052264, 20.1362063], [85.4056883, 20.1361583], [85.4064012, 20.1361286], [85.4067276, 20.1360169], [85.4069675, 20.1359349], [85.4071318, 20.1357739], [85.4078321, 20.1350981], [85.4082866, 20.1346053], [85.408702, 20.134207], [85.408752, 20.1339907], [85.409003, 20.1337671], [85.409246, 20.1333718], [85.4093048, 20.1332459], [85.4093947, 20.1328672], [85.4093103, 20.1326904], [85.4092653, 20.1324235], [85.4092484, 20.1321974], [85.4093658, 20.1319366], [85.4096224, 20.1316317], [85.4100272, 20.1313237], [85.410433, 20.1309208], [85.4106255, 20.1308051], [85.4108075, 20.1307796], [85.4109267, 20.1307988], [85.411222, 20.1309369], [85.4112994, 20.1309686], [85.4114029, 20.1310109], [85.4116511, 20.1310582], [85.411862, 20.131015], [85.4119421, 20.1309656], [85.4120641, 20.1308903], [85.4121409, 20.1307802], [85.4122582, 20.130612], [85.412525, 20.1302441], [85.4130029, 20.1298058], [85.4133872, 20.1296375], [85.4137606, 20.1295957], [85.4139364, 20.129543], [85.4140532, 20.129508], [85.4142086, 20.1292745], [85.4142676, 20.1281729], [85.4145495, 20.1277057], [85.415411, 20.1271804], [85.4155203, 20.1270936], [85.4156135, 20.1270196], [85.4157649, 20.1267003], [85.4158282, 20.1261182], [85.4158713, 20.1256308], [85.4160757, 20.1251566], [85.4162729, 20.1246994], [85.416279, 20.1245548], [85.4161103, 20.1242237], [85.4159415, 20.1238924], [85.4157518, 20.1232673], [85.4150902, 20.1224754], [85.4133625, 20.1206937], [85.4130151, 20.1204131], [85.4125989, 20.120077], [85.4110333, 20.1188479], [85.4105488, 20.1185228], [85.4096514, 20.1178733], [85.4092709, 20.1176802], [85.4086292, 20.1172996], [85.4082991, 20.1170522], [85.4081567, 20.1169455], [85.4080311, 20.1168515], [85.4078774, 20.1164526], [85.4078308, 20.1157132], [85.4077868, 20.1150153], [85.4078732, 20.1140224], [85.4082861, 20.1129195], [85.4087079, 20.1123496], [85.4087945, 20.1113476], [85.4087321, 20.1112131], [85.4086682, 20.1110756], [85.4080891, 20.1097106], [85.4076814, 20.1084197], [85.4071317, 20.106495], [85.4067482, 20.1056514], [85.4065392, 20.1054478], [85.4063268, 20.105241], [85.4053343, 20.1040847], [85.4049669, 20.1035888], [85.4046032, 20.103098], [85.4046253, 20.1027928], [85.4046477, 20.1024841], [85.4051151, 20.1016486], [85.4055779, 20.1008212], [85.4056466, 20.1006132], [85.4057357, 20.1003438], [85.4056579, 20.1000606], [85.4055789, 20.0997734], [85.4051439, 20.0988208], [85.4047592, 20.0983181], [85.4038839, 20.0971742], [85.4032664, 20.0948921], [85.4022988, 20.0936367], [85.4011881, 20.0923755], [85.4008519, 20.0906379], [85.4005774, 20.0905258], [85.4003092, 20.0904162], [85.3994585, 20.0903634], [85.3987581, 20.0901312], [85.398358, 20.089992], [85.3980305, 20.0898301], [85.3977062, 20.0896699], [85.3975578, 20.0895607], [85.3974451, 20.0894778], [85.3973194, 20.0893938], [85.3971365, 20.0892718], [85.3966128, 20.0890592], [85.3962009, 20.0891277], [85.395666, 20.0890687], [85.395124, 20.0892444], [85.392875, 20.0908185], [85.3920029, 20.0910182], [85.3913944, 20.0911391], [85.3907542, 20.0910973], [85.3897655, 20.0909979], [85.3886504, 20.0906399], [85.3867573, 20.0911513], [85.3864833, 20.0912253], [85.3854528, 20.0914779], [85.3849647, 20.0915187], [85.384374, 20.0917661], [85.3840363, 20.0911307], [85.3845306, 20.0904712], [85.3841207, 20.0894331], [85.3833668, 20.0878815], [85.3827365, 20.0864077], [85.3819793, 20.0847114], [85.3810421, 20.0828599], [85.3801875, 20.0808962], [85.3807708, 20.0808925], [85.3810777, 20.080805], [85.3815322, 20.080773], [85.3820961, 20.0807962], [85.3823065, 20.0807891], [85.3825274, 20.0806919], [85.3826035, 20.0805202], [85.3826351, 20.080449], [85.3826937, 20.080332], [85.3828476, 20.080243], [85.3829917, 20.0801721], [85.3832597, 20.0801384], [85.3835232, 20.0800956], [85.3838388, 20.0800895], [85.3840588, 20.0800734], [85.3842032, 20.0799755], [85.384271, 20.0798925], [85.3843388, 20.0798095], [85.3843519, 20.079759], [85.3844085, 20.0795392], [85.3843342, 20.0793307], [85.3842434, 20.0792225], [85.3841547, 20.0791168], [85.3840329, 20.0788718], [85.3839616, 20.0783562], [85.3839358, 20.0780849], [85.383986, 20.0778505], [85.3840498, 20.0777262], [85.3841129, 20.0776032], [85.384269, 20.0772929], [85.3842708, 20.0771123], [85.3842257, 20.076859], [85.3840657, 20.0765956], [85.3840591, 20.0763154], [85.3840144, 20.0760124], [85.3839156, 20.0758578], [85.3834507, 20.0755059], [85.3833179, 20.0754052], [85.3831221, 20.0749156], [85.3829227, 20.0747783], [85.3826895, 20.0746678], [85.3823323, 20.0745471], [85.3820766, 20.0743007], [85.3819261, 20.074069], [85.3817391, 20.0736428], [85.3815794, 20.0733792], [85.3810159, 20.0728412], [85.3806751, 20.0725218], [85.3806001, 20.0723675], [85.3805385, 20.0718611], [85.3803665, 20.0713967], [85.3802129, 20.0709818], [85.3802155, 20.0707108], [85.3804395, 20.0703334], [85.3805945, 20.0701362], [85.3807494, 20.0699388], [85.3814584, 20.069322], [85.3821783, 20.0685924], [85.3822956, 20.0683404], [85.3825244, 20.067936], [85.3826789, 20.0677929], [85.3828565, 20.0677402], [85.3830337, 20.0676877], [85.383192, 20.0676305], [85.3833504, 20.0675732], [85.3833949, 20.0675298], [85.383442, 20.0674837], [85.3846116, 20.0657824], [85.38477, 20.0650628], [85.3847971, 20.0649395], [85.3849081, 20.0643759], [85.3856829, 20.0638725], [85.3863943, 20.0634725], [85.3864937, 20.0631166], [85.3864144, 20.0629216], [85.3861827, 20.0626712], [85.3859815, 20.0623833], [85.3857823, 20.0620983], [85.3857023, 20.0619688], [85.3856224, 20.0618394], [85.3856247, 20.061618], [85.3857172, 20.0609866], [85.3858536, 20.0607349], [85.3860668, 20.0604568], [85.3863503, 20.0603057], [85.3868787, 20.0600531], [85.387128, 20.0599921], [85.387358, 20.0599309], [85.3874638, 20.0598597], [85.3875561, 20.059725], [85.387577, 20.0595536], [85.3874598, 20.0593267], [85.387319, 20.0590724], [85.3871291, 20.0589532], [85.3871056, 20.0589034], [85.3870608, 20.0586139], [85.3870588, 20.0583429], [85.3870411, 20.0581982], [85.3870961, 20.0574941], [85.3872311, 20.0564382], [85.3875252, 20.0557363], [85.3875131, 20.0550496], [85.3876397, 20.0538854], [85.3878376, 20.0536975], [85.3881698, 20.0534567], [85.3891105, 20.0530767], [85.3895165, 20.0526468], [85.3896824, 20.0523231], [85.389713, 20.0521336], [85.3898578, 20.0519814], [85.3905841, 20.052015], [85.3907888, 20.051912], [85.3909012, 20.0518555], [85.3915479, 20.0517212], [85.3916649, 20.0516352], [85.3918753, 20.0514803], [85.3919299, 20.0512911], [85.3916985, 20.0510181], [85.3912939, 20.0503819], [85.3912312, 20.0499568], [85.3916279, 20.0490299], [85.3917553, 20.0489542], [85.3918828, 20.0488785], [85.3922319, 20.0488548], [85.393194, 20.0491977], [85.3935491, 20.0490654], [85.3936093, 20.0488838], [85.3938103, 20.0482773], [85.394092, 20.0478462], [85.394577, 20.0476249], [85.3953556, 20.0472118], [85.3958626, 20.046697], [85.3961156, 20.0458003], [85.3962448, 20.0448439], [85.3962505, 20.0442794], [85.3961831, 20.0438633], [85.3957084, 20.0435383], [85.3946602, 20.0431944], [85.3940946, 20.0428866], [85.3939842, 20.0424747], [85.3940944, 20.0419788], [85.3943157, 20.0418226], [85.394901, 20.0416157], [85.3967304, 20.0417407], [85.3971479, 20.0415637], [85.397214, 20.0414582], [85.3973277, 20.0412764], [85.3974054, 20.0406944], [85.3970979, 20.0399056], [85.3968709, 20.0391989], [85.3969152, 20.0385986], [85.397085, 20.037882], [85.3974653, 20.0376098], [85.3983372, 20.0378842], [85.3990665, 20.0380896], [85.3994277, 20.0378127], [85.3997153, 20.0367855], [85.4012043, 20.0388555], [85.4035979, 20.0426505], [85.4054926, 20.0448756], [85.4106872, 20.0410406], [85.4130311, 20.0451313], [85.417308, 20.0432114], [85.420137, 20.0424028], [85.4212504, 20.0422447], [85.4214813, 20.0443501], [85.425913, 20.0442266], [85.4274469, 20.0437002], [85.4287875, 20.0445336], [85.431203, 20.0442692], [85.4321253, 20.0440004], [85.4335662, 20.0442418], [85.4351071, 20.0438916], [85.4377975, 20.0442639], [85.4392503, 20.0440345], [85.440856, 20.0445052], [85.4432119, 20.0443015], [85.445742, 20.0437974], [85.4476535, 20.0433746], [85.4522777, 20.0420717], [85.4524684, 20.0429255], [85.4541837, 20.0422747], [85.4559781, 20.0420324], [85.4574521, 20.0415668], [85.4590692, 20.0400371], [85.4604281, 20.0382816], [85.4610632, 20.0370821], [85.4617917, 20.0366436], [85.4630534, 20.037068], [85.4638058, 20.0376346], [85.4649152, 20.03847], [85.4664826, 20.0387655], [85.4692804, 20.0387216], [85.471299, 20.0378829], [85.4715686, 20.0368731], [85.4730311, 20.0376428], [85.4741686, 20.0380717], [85.4753391, 20.0377933], [85.4769374, 20.0373229], [85.4778142, 20.0374671], [85.4792962, 20.0387066], [85.4799181, 20.0402129], [85.4798012, 20.043095], [85.478779, 20.0431325], [85.4780208, 20.0437297], [85.4774156, 20.0451183], [85.4767205, 20.0472501], [85.4756388, 20.04877], [85.473449, 20.0497044], [85.4725033, 20.0501377], [85.4720363, 20.0504964], [85.4719926, 20.0508965], [85.4725016, 20.0515609], [85.4730177, 20.0523959], [85.4728147, 20.0533142], [85.4724103, 20.0539387], [85.4735508, 20.0540758], [85.4759718, 20.052507], [85.4776539, 20.0508783], [85.4797323, 20.0499314], [85.4833027, 20.0494519], [85.4877056, 20.0492011], [85.4882976, 20.0503981], [85.4884013, 20.0503088], [85.4893659, 20.0491416], [85.4901537, 20.048155], [85.4916435, 20.0460847], [85.4916647, 20.0446173], [85.4913567, 20.0438452], [85.4938241, 20.0434062], [85.4966734, 20.0433011], [85.499081, 20.0436475], [85.5004325, 20.0451645], [85.5013531, 20.0473938], [85.5035607, 20.0495756], [85.5053375, 20.0524697], [85.5052075, 20.0537803], [85.5052145, 20.0537886], [85.5059825, 20.0547092], [85.5067826, 20.0562465], [85.5074693, 20.0572657], [85.5093709, 20.0564991], [85.5117951, 20.0550167], [85.5136823, 20.0539023], [85.5147745, 20.0536008], [85.5148688, 20.0535499], [85.5147688, 20.055385], [85.5143505, 20.0586212], [85.5135393, 20.0612629], [85.5131661, 20.0633659], [85.5133465, 20.0632721], [85.5156769, 20.0639694], [85.5167313, 20.0649751], [85.5168251, 20.0672349], [85.5165447, 20.0696824], [85.5172198, 20.070093], [85.5189076, 20.0708141], [85.5199384, 20.0703243], [85.521858, 20.0699921], [85.5243222, 20.0694655], [85.526698, 20.0690292], [85.5303644, 20.068632], [85.5317614, 20.0690154], [85.5334595, 20.0699971], [85.5354335, 20.0709684], [85.535547, 20.0714864], [85.5356215, 20.0754882], [85.5352956, 20.0787212], [85.5359449, 20.0810476], [85.5366138, 20.0816322], [85.5365508, 20.0823309], [85.5357668, 20.0834046], [85.5349971, 20.084826], [85.5349738, 20.086481], [85.5356449, 20.0893288], [85.5353675, 20.0915155], [85.5343267, 20.0919546], [85.5347341, 20.0923105], [85.5350655, 20.0930383], [85.5350905, 20.095087], [85.5355991, 20.0971746], [85.5365324, 20.1007836], [85.5370053, 20.1029806], [85.5370552, 20.1032123], [85.5370414, 20.1042653], [85.5365707, 20.1048566], [85.5352665, 20.1064947], [85.5329998, 20.1099379], [85.531417, 20.1124447], [85.5270589, 20.1192107], [85.5255538, 20.1206899], [85.523747, 20.1226525], [85.5228254, 20.1210158], [85.5222794, 20.1198595], [85.5217029, 20.1194691], [85.5210837, 20.1195509], [85.5199795, 20.1199446], [85.5192654, 20.1207358], [85.5186584, 20.1211112], [85.5180343, 20.1210755], [85.5164317, 20.1199584], [85.5159371, 20.1200355], [85.5156481, 20.1205756], [85.5150582, 20.1213621], [85.5142001, 20.1216879], [85.5120027, 20.1212398], [85.5112203, 20.1203864], [85.5105026, 20.1195894], [85.5084905, 20.1194614], [85.5072558, 20.1193564], [85.5058714, 20.1189958], [85.5045966, 20.1182782], [85.5037522, 20.1174271], [85.5025017, 20.1172967], [85.5023657, 20.1177723], [85.5026984, 20.1182894], [85.5032699, 20.1185625], [85.5040828, 20.1186501], [85.5043363, 20.1187584], [85.5044179, 20.1192259], [85.5039643, 20.1203016], [85.5025417, 20.1235304], [85.5016919, 20.1255618], [85.5015686, 20.1270957], [85.5010092, 20.1271164], [85.5006227, 20.128307], [85.500269, 20.1287907], [85.4996547, 20.1289898], [85.4989782, 20.1291913], [85.4983858, 20.1299189], [85.4975567, 20.1309494], [85.4966753, 20.1322173], [85.4957482, 20.1331338], [85.49611, 20.1343558], [85.4968922, 20.1352093], [85.4959763, 20.1360025], [85.4947436, 20.1378127], [85.4946682, 20.1397565], [85.4945069, 20.1418802], [85.494838, 20.1438679], [85.4964749, 20.1458076], [85.4966428, 20.1468603], [85.497553, 20.1492973], [85.5001128, 20.1547324], [85.5002403, 20.1553459], [85.4980083, 20.1557892], [85.4958674, 20.1562211], [85.4945638, 20.1568182], [85.4942101, 20.1573018], [85.4943, 20.1584749], [85.4943453, 20.1595713], [85.4948376, 20.1614356], [85.4960198, 20.1629215], [85.4968544, 20.164028], [85.4962456, 20.1643642], [85.4955392, 20.164351], [85.4947575, 20.1635171], [85.4933782, 20.1632933], [85.492763, 20.1634729], [85.4930476, 20.16609], [85.4930936, 20.167206], [85.493726, 20.1689474], [85.4943463, 20.1703951], [85.4946057, 20.1721503], [85.4950516, 20.1738987], [85.4958804, 20.1758682], [85.4965662, 20.1789019], [85.497223, 20.1812308], [85.4973472, 20.1818476], [85.4974606, 20.1824109], [85.4988206, 20.1817389], [85.5003833, 20.1816244], [85.5004288, 20.1816044], [85.5003711, 20.1821333], [85.5002021, 20.1836196], [85.5008333, 20.1855117], [85.5017406, 20.1873937], [85.5032078, 20.1905609], [85.5034121, 20.1911922], [85.5035774, 20.191703], [85.5050946, 20.1927354], [85.5061148, 20.1940037], [85.5065477, 20.1955548], [85.5073623, 20.1963083], [85.5078674, 20.1964361], [85.5083645, 20.1962001], [85.5089094, 20.1960059], [85.5091484, 20.1962147], [85.5096581, 20.196283], [85.510343, 20.1961271], [85.5112893, 20.1956132], [85.5118396, 20.1955494], [85.5119171, 20.1963563], [85.5117231, 20.1972341], [85.5118277, 20.1975348], [85.5122156, 20.1979994], [85.5123168, 20.1982133], [85.5121046, 20.1986566], [85.5119865, 20.1991397], [85.5120008, 20.1994874], [85.5120171, 20.1998786], [85.5121641, 20.2000909], [85.5123518, 20.200171], [85.5127289, 20.2003747], [85.5127433, 20.2007224], [85.5124817, 20.2010804], [85.5121811, 20.2016138], [85.5121109, 20.2021388], [85.5124528, 20.2026051], [85.5128495, 20.2032869], [85.5136075, 20.2037812], [85.5137689, 20.2043412], [85.5136896, 20.2046489], [85.5137996, 20.2050802], [85.5140972, 20.2055915], [85.5141153, 20.2060262], [85.5139953, 20.206466], [85.5140079, 20.2067702], [85.5139781, 20.2071631], [85.5138581, 20.2076029], [85.5138707, 20.2079071], [85.5139753, 20.2082079], [85.5141846, 20.2088097], [85.5140312, 20.2095555], [85.5139525, 20.2101062], [85.5144091, 20.2100022], [85.5159448, 20.2092489], [85.5175128, 20.2092779], [85.5194834, 20.2078991], [85.5207464, 20.207243], [85.5218958, 20.2060684], [85.522798, 20.2055996], [85.5233972, 20.2067095], [85.5250483, 20.2087378], [85.5267951, 20.2108497], [85.5279899, 20.2129821], [85.529044, 20.2161645], [85.5299048, 20.2169161], [85.5302351, 20.21821], [85.5299916, 20.2190026], [85.5297553, 20.2199691], [85.5291327, 20.2205146], [85.5281455, 20.2211606], [85.5269456, 20.2211179], [85.5252961, 20.2213532], [85.5232081, 20.2221269], [85.5220514, 20.2231276], [85.520752, 20.2229144], [85.5189221, 20.2232434], [85.518498, 20.2241298], [85.5178899, 20.2250229], [85.5174694, 20.2259961], [85.5178628, 20.226591], [85.5178881, 20.2271996], [85.5168097, 20.2280145], [85.5178763, 20.2292811], [85.5200403, 20.2303329], [85.5219606, 20.2321773], [85.5224496, 20.2328558], [85.5234838, 20.2333398], [85.52426, 20.2342689], [85.5251028, 20.234586], [85.5253183, 20.2347462], [85.5256197, 20.2353446], [85.5268381, 20.2358218], [85.5270407, 20.2360687], [85.5277441, 20.2354399], [85.5285255, 20.234279], [85.5287431, 20.2341391], [85.5277787, 20.2320563], [85.5282298, 20.2296017], [85.5291157, 20.2265215], [85.5300847, 20.2254408], [85.5332953, 20.2250606], [85.5369876, 20.2251848], [85.5395937, 20.2257846], [85.5408228, 20.2265226], [85.5410612, 20.2255444], [85.5408137, 20.22403], [85.5406723, 20.2206398], [85.5404553, 20.217644], [85.5405856, 20.2165619], [85.542058, 20.2162093], [85.5443957, 20.2159049], [85.5473299, 20.2155344], [85.5501719, 20.2151676], [85.5514016, 20.2148172], [85.5523891, 20.2142828], [85.5541948, 20.2155658], [85.5562403, 20.2181887], [85.5573561, 20.2176552], [85.5594971, 20.2170531], [85.5618204, 20.2161968], [85.5619934, 20.216133], [85.562634, 20.216022], [85.5643075, 20.2152631], [85.5657709, 20.2149908], [85.5658324, 20.2150061], [85.5654834, 20.2133465], [85.5654288, 20.2120427], [85.5648075, 20.2104116], [85.5657242, 20.2102904], [85.567285, 20.210145], [85.568106, 20.2099402], [85.5684558, 20.2094919], [85.5680513, 20.2086363], [85.5684822, 20.2079237], [85.5685051, 20.2062685], [85.5679758, 20.204634], [85.5699713, 20.203863], [85.5731993, 20.2039166], [85.5751718, 20.2048006], [85.5771701, 20.2062932], [85.5792566, 20.2076952], [85.5811263, 20.2083218], [85.5833057, 20.2075437], [85.5862213, 20.206738], [85.588124, 20.2081469], [85.5889484, 20.208029], [85.5920443, 20.2071293], [85.5941501, 20.2067892], [85.5989024, 20.2058273], [85.602635, 20.2047294], [85.6056471, 20.2046163], [85.6056101, 20.2048011], [85.6076677, 20.2055073], [85.6102516, 20.2055843], [85.612751, 20.2058387], [85.6151436, 20.2057486], [85.6175692, 20.2064408], [85.618701, 20.2067141], [85.6191022, 20.2074826], [85.6194223, 20.2085152], [85.6191683, 20.2090472], [85.6186529, 20.2099373], [85.6177067, 20.2115402], [85.6178355, 20.2124061], [85.6180526, 20.2131815], [85.6176365, 20.214242], [85.6180268, 20.2147497], [85.6183579, 20.2160432], [85.6187886, 20.2175072], [85.6203237, 20.2167529], [85.6231288, 20.2155151], [85.6248517, 20.2148408], [85.6257977, 20.2154145], [85.6270235, 20.2160649], [85.6276639, 20.2159537], [85.6276309, 20.2151713], [85.6269535, 20.2144132], [85.6271155, 20.2138847], [85.6275609, 20.2135197], [85.6278996, 20.2128103], [85.6287647, 20.2114717], [85.6299537, 20.2112526], [85.6311685, 20.2116422], [85.6322102, 20.2122993], [85.6337305, 20.2133738], [85.6339846, 20.2150185], [85.6352325, 20.2161904], [85.6360498, 20.2180751], [85.6367162, 20.2207489], [85.6381226, 20.2213054], [85.6389326, 20.2230161], [85.63968, 20.223249], [85.6399009, 20.2241114], [85.6392089, 20.2251823], [85.6389226, 20.2268473], [85.6384549, 20.2272502], [85.637967, 20.2277614], [85.6373224, 20.2281359], [85.6360825, 20.2281895], [85.635451, 20.228171], [85.6348066, 20.2285229], [85.6341582, 20.2288025], [85.632968, 20.2291725], [85.6322295, 20.2293384], [85.6315018, 20.2293645], [85.6308679, 20.229617], [85.6295371, 20.2302028], [85.6289842, 20.2304877], [85.6282724, 20.2308796], [85.6277373, 20.2313181], [85.6272064, 20.2318289], [85.6267792, 20.2325122], [85.6264294, 20.2331192], [85.6262781, 20.2334668], [85.6261705, 20.2337136], [85.6260406, 20.2343359], [85.6257744, 20.2357658], [85.6254907, 20.2370058], [85.6251052, 20.2383941], [85.6247251, 20.2397101], [85.6243829, 20.2410671], [85.6238637, 20.2424137], [85.623691, 20.2430041], [85.6233843, 20.2435844], [85.6228484, 20.2441132], [85.6222948, 20.2444748], [85.6217663, 20.2447011], [85.6211129, 20.2449896], [85.6204839, 20.2452104], [85.6198852, 20.2452689], [85.6192855, 20.2454043], [85.6185461, 20.2456785], [85.6174965, 20.2463749], [85.6182075, 20.2471666], [85.6190663, 20.2480181], [85.6198775, 20.248833], [85.6201849, 20.24926], [85.6203721, 20.2497222], [85.6202117, 20.2500056], [85.621012, 20.2504456], [85.6212304, 20.2506459], [85.6213631, 20.2507961], [85.6213904, 20.250959], [85.6213847, 20.2510582], [85.6212062, 20.2512194], [85.6208685, 20.2515285], [85.6206285, 20.2521409], [85.6206799, 20.2533565], [85.6209507, 20.2552152], [85.6224661, 20.2586827], [85.6245752, 20.2637947], [85.6249198, 20.2648861], [85.6244474, 20.2690472], [85.6233499, 20.271907], [85.6231288, 20.2730933], [85.6240117, 20.2766553], [85.6239104, 20.2773006], [85.6233052, 20.2781597], [85.6225529, 20.2792278], [85.6217849, 20.2810872], [85.6205615, 20.2846236], [85.6202834, 20.2862883], [85.6214246, 20.2887205], [85.62143, 20.2887321], [85.6235384, 20.2917843], [85.6235032, 20.2925202], [85.6219224, 20.2931535], [85.6213169, 20.2933972], [85.6202706, 20.2936871], [85.6195122, 20.2938979], [85.6193435, 20.2940276], [85.6184231, 20.2947069], [85.6182883, 20.2948097], [85.6161202, 20.2957819], [85.6150772, 20.2962434], [85.6139661, 20.2968174], [85.6118071, 20.2967822], [85.6085279, 20.2972666], [85.6067708, 20.2977811], [85.6055546, 20.2983406], [85.6023498, 20.2990604], [85.6011307, 20.2993985], [85.5998108, 20.2986877], [85.5991695, 20.2984574], [85.5981643, 20.2980964], [85.5969689, 20.2973866], [85.5963386, 20.2971918], [85.5937209, 20.2975999], [85.5904508, 20.2981157], [85.5871834, 20.2994175], [85.5840039, 20.3004984], [85.5823549, 20.3012304], [85.5810308, 20.3020597], [85.5793686, 20.3021456], [85.5775026, 20.3009561], [85.5761226, 20.3005474], [85.5741672, 20.2997094], [85.5730027, 20.2987739], [85.5717254, 20.2981445], [85.5711902, 20.2980228], [85.5704902, 20.2981254], [85.5694225, 20.2986498], [85.5672737, 20.2996034], [85.5668633, 20.2999748], [85.5661729, 20.2995582], [85.5651633, 20.2994778], [85.5644046, 20.2997154], [85.5636209, 20.3005943], [85.5632272, 20.3007266], [85.5631131, 20.3011504], [85.5631506, 20.3022753]]]}}, {"type": "Feature", "properties": {"OBJECTID": 397, "state": "ODISHA", "district": "Khordha", "stcode11": "21", "dtcode11": "386", "blkcode11": "0174", "block_name": "BOLAGARH", "code2011": "213860174", "block_lgd": 3461, "block_ver": 1, "dist_lgd": 362, "b_pan_code": 3824, "state_lgd": 21, "shape_Length": 134243.94853076877, "shape_Area": 279289564.42694044}, "geometry": {"type": "Polygon", "coordinates": [[[85.4647451, 20.2975276], [85.4648422, 20.2978313], [85.4631458, 20.2970397], [85.4628771, 20.297096], [85.4612014, 20.2970993], [85.4602524, 20.2972199], [85.4602213, 20.2972238], [85.4593367, 20.2973359], [85.4591836, 20.2963545], [85.4581738, 20.2943806], [85.4577134, 20.293017], [85.4571844, 20.2908308], [85.4575879, 20.2906986], [85.4575539, 20.2903735], [85.4575047, 20.289903], [85.4574345, 20.289138], [85.4574098, 20.2888678], [85.4564502, 20.288114], [85.4557422, 20.2865945], [85.4552749, 20.2854567], [85.4544949, 20.2844471], [85.4544178, 20.2836004], [85.4543871, 20.2832627], [85.4542993, 20.2829456], [85.4542162, 20.2826333], [85.4539176, 20.2821639], [85.4530001, 20.280721], [85.453151, 20.279977], [85.453074, 20.2795288], [85.4529926, 20.2790541], [85.4527878, 20.2784696], [85.4525577, 20.2780204], [85.4525492, 20.2779074], [85.4525934, 20.2777994], [85.4530325, 20.2774555], [85.4539974, 20.2766915], [85.4540321, 20.2746323], [85.4542177, 20.2737847], [85.4543519, 20.2728057], [85.454295, 20.2717797], [85.4540638, 20.2708995], [85.4539537, 20.2704804], [85.4534619, 20.2693784], [85.4533388, 20.2692418], [85.4519847, 20.2677392], [85.4519402, 20.2674885], [85.4519214, 20.2673823], [85.4518517, 20.2669603], [85.451718, 20.2661515], [85.4513501, 20.2651184], [85.4510984, 20.2644385], [85.4510319, 20.264402], [85.4509652, 20.2643652], [85.4499198, 20.2640668], [85.4484013, 20.264198], [85.446729, 20.2643775], [85.4467454, 20.2651318], [85.4454447, 20.2650074], [85.4455591, 20.2640871], [85.444626, 20.2640651], [85.4445711, 20.2647693], [85.444398, 20.2648446], [85.4423555, 20.2656755], [85.4381592, 20.267418], [85.4368976, 20.2681699], [85.4363326, 20.2681875], [85.434915, 20.2687395], [85.4333754, 20.2695297], [85.433244, 20.2697409], [85.4321226, 20.271768], [85.4312237, 20.2721483], [85.4304307, 20.2724665], [85.429405, 20.2730806], [85.4291411, 20.2731278], [85.4289436, 20.2731634], [85.4288988, 20.2731716], [85.4288774, 20.2731753], [85.428102, 20.2736563], [85.4280331, 20.2738809], [85.4279832, 20.2740436], [85.4253179, 20.273473], [85.4245667, 20.2729649], [85.4235728, 20.2727888], [85.4227347, 20.2728219], [85.42179, 20.2729941], [85.4208453, 20.2731708], [85.4194571, 20.2736416], [85.4187125, 20.2725014], [85.4196715, 20.2718369], [85.4193063, 20.2712623], [85.4191863, 20.2710735], [85.4190066, 20.2708506], [85.4184097, 20.2708609], [85.4172784, 20.2708802], [85.4171295, 20.269989], [85.4171649, 20.2697699], [85.4172009, 20.269547], [85.4163688, 20.2685277], [85.4158455, 20.267746], [85.4152061, 20.2670764], [85.4146608, 20.2665654], [85.413269, 20.2655095], [85.4122158, 20.2650753], [85.4105634, 20.2637595], [85.4100466, 20.2632624], [85.4087316, 20.2617374], [85.4084068, 20.2609954], [85.4081797, 20.2604767], [85.4079068, 20.2599999], [85.4076342, 20.2595186], [85.4071107, 20.258746], [85.4059664, 20.2573806], [85.4014406, 20.2581252], [85.4005466, 20.2580178], [85.3983814, 20.2577225], [85.3980748, 20.2577602], [85.3974107, 20.2581066], [85.3970815, 20.2584739], [85.3966027, 20.2594182], [85.3959797, 20.2608939], [85.395612, 20.2621961], [85.3955405, 20.2635643], [85.3957315, 20.2645416], [85.3958726, 20.2661777], [85.3950814, 20.2667939], [85.3952178, 20.2679513], [85.3940127, 20.2687804], [85.3928028, 20.2696096], [85.3929973, 20.27023], [85.3918267, 20.2709648], [85.3922197, 20.271375], [85.3933069, 20.2703778], [85.3937665, 20.2703729], [85.3935176, 20.2722244], [85.3933415, 20.2735351], [85.3934187, 20.2748594], [85.394868, 20.2749585], [85.3945328, 20.2759128], [85.3943197, 20.2770898], [85.3951616, 20.2771429], [85.3952543, 20.2778978], [85.3949246, 20.277845], [85.3946575, 20.2780286], [85.3943991, 20.278206], [85.3932084, 20.2785565], [85.3920148, 20.2787037], [85.390087, 20.2790473], [85.3883196, 20.2791394], [85.3882275, 20.2795347], [85.3880242, 20.2804059], [85.3876212, 20.2809489], [85.3862726, 20.2826799], [85.3856137, 20.2834325], [85.3847078, 20.2844165], [85.3841661, 20.2850047], [85.3833727, 20.2857968], [85.3817669, 20.2869293], [85.3811536, 20.2865261], [85.3803789, 20.2867352], [85.3803279, 20.2867488], [85.3794836, 20.2846045], [85.3793749, 20.284012], [85.3793686, 20.283977], [85.3792663, 20.2834146], [85.3777115, 20.2828627], [85.3773953, 20.2826576], [85.3770268, 20.2824184], [85.3764122, 20.2816763], [85.3755359, 20.2803177], [85.3744098, 20.2795259], [85.3741506, 20.2786697], [85.3741135, 20.2785519], [85.3734721, 20.278546], [85.3734051, 20.2785409], [85.373183, 20.275517], [85.3702253, 20.2759277], [85.3697555, 20.2759912], [85.3710449, 20.2771865], [85.3697522, 20.2772197], [85.368936, 20.2769996], [85.3671743, 20.2760934], [85.3657117, 20.2758947], [85.3641365, 20.2754689], [85.3637479, 20.2750949], [85.3623373, 20.2745081], [85.3622038, 20.2744482], [85.3613543, 20.2746569], [85.3597953, 20.2749767], [85.3593782, 20.275027], [85.3593208, 20.2750355], [85.3589382, 20.274954], [85.3573005, 20.2746055], [85.3561273, 20.2741925], [85.3555141, 20.2733376], [85.3551365, 20.2728236], [85.3546895, 20.2725439], [85.353934, 20.2724735], [85.3535577, 20.2727411], [85.3531876, 20.2729002], [85.3521363, 20.2736401], [85.351433, 20.2731502], [85.3503017, 20.2728595], [85.3494358, 20.2728062], [85.3491248, 20.2727852], [85.3478979, 20.2729317], [85.3475271, 20.2731451], [85.3468449, 20.2733779], [85.3464849, 20.2734739], [85.3460303, 20.2735658], [85.3453097, 20.2737112], [85.3447694, 20.2736474], [85.3446256, 20.2736686], [85.3445439, 20.2737086], [85.344453, 20.2736986], [85.3443381, 20.2737021], [85.3440841, 20.2737222], [85.3438255, 20.2737333], [85.3436115, 20.2738094], [85.3430327, 20.2740149], [85.3422487, 20.2743688], [85.3421621, 20.2744132], [85.3411941, 20.274526], [85.3401813, 20.2747964], [85.3398557, 20.274807], [85.3392187, 20.2748234], [85.3386904, 20.2745429], [85.3376625, 20.2739822], [85.3366936, 20.2732593], [85.3359718, 20.272733], [85.334284, 20.2725545], [85.3346349, 20.2733075], [85.3354163, 20.2745344], [85.3351312, 20.2747892], [85.3345137, 20.2752394], [85.3339281, 20.2758483], [85.3347721, 20.276597], [85.3344197, 20.2768917], [85.3334058, 20.2772389], [85.3331097, 20.277629], [85.3327268, 20.2780679], [85.3319357, 20.278187], [85.3317575, 20.2782937], [85.3316273, 20.2783782], [85.3316146, 20.2783858], [85.3315406, 20.2784274], [85.3306793, 20.2784012], [85.3292091, 20.2784594], [85.3289126, 20.2779914], [85.3286744, 20.2774335], [85.328495, 20.2767497], [85.3284181, 20.2763425], [85.3286421, 20.2755362], [85.3283486, 20.2738938], [85.3278645, 20.2721637], [85.3273788, 20.2710344], [85.3278314, 20.2703387], [85.3289973, 20.2696407], [85.3289945, 20.2696218], [85.3289749, 20.269487], [85.328888, 20.268664], [85.3288256, 20.2673446], [85.328855, 20.2668299], [85.3290175, 20.2659597], [85.3294818, 20.2650654], [85.3298239, 20.2644092], [85.3297964, 20.2638488], [85.3283495, 20.2630762], [85.3281164, 20.2629521], [85.3272405, 20.2620584], [85.3259688, 20.2614771], [85.3252358, 20.2606526], [85.3252679, 20.2603278], [85.3248568, 20.2598406], [85.3246449, 20.2595224], [85.3244242, 20.2582284], [85.326378, 20.2576734], [85.3269177, 20.2568972], [85.3269255, 20.255714], [85.3272936, 20.2544257], [85.3274806, 20.2557327], [85.3277631, 20.2557128], [85.3280481, 20.2550336], [85.3285444, 20.2565108], [85.3288177, 20.2573579], [85.3288362, 20.2574124], [85.3291491, 20.2581425], [85.3291576, 20.258161], [85.3292098, 20.2582742], [85.3292435, 20.2582608], [85.3293064, 20.2581982], [85.3293458, 20.2580993], [85.3293232, 20.2579725], [85.3292253, 20.2577367], [85.329193, 20.2576599], [85.3291738, 20.2576143], [85.3291458, 20.2575418], [85.329118, 20.2574692], [85.3291573, 20.2573657], [85.3291834, 20.2573178], [85.3291965, 20.2572939], [85.3293118, 20.2572498], [85.3293979, 20.2572551], [85.3295787, 20.2573516], [85.3298477, 20.2577155], [85.330009, 20.257839], [85.3302716, 20.2578913], [85.3302819, 20.2578371], [85.3303434, 20.2574583], [85.3303522, 20.2573003], [85.330361, 20.2571423], [85.3302644, 20.2558948], [85.3300258, 20.254935], [85.3300415, 20.2547996], [85.3307956, 20.2554481], [85.3311086, 20.2557177], [85.3313879, 20.2557374], [85.3314051, 20.2557386], [85.3316778, 20.2557592], [85.3318116, 20.2557696], [85.3318703, 20.2557678], [85.3319265, 20.255766], [85.3322902, 20.2557696], [85.3324475, 20.2558343], [85.3330768, 20.2560615], [85.3335661, 20.2564095], [85.3338187, 20.2565067], [85.3340686, 20.2564007], [85.3345833, 20.2561707], [85.3348322, 20.2561686], [85.33511, 20.256144], [85.3352645, 20.2560101], [85.335276, 20.255843], [85.3351765, 20.2557472], [85.3350013, 20.2555604], [85.3349374, 20.2552843], [85.3350302, 20.2551046], [85.3351796, 20.2550111], [85.335337, 20.2550578], [85.335735, 20.2554364], [85.3358841, 20.2558172], [85.335879, 20.2562915], [85.3359107, 20.2564543], [85.3360201, 20.2565276], [85.3361541, 20.2565289], [85.3363373, 20.2564042], [85.3367013, 20.2559288], [85.3371137, 20.2558605], [85.3372945, 20.2559571], [85.3374046, 20.255958], [85.3375098, 20.2559591], [85.3376436, 20.2559784], [85.3377932, 20.2558662], [85.3377981, 20.2558625], [85.3378993, 20.2557912], [85.3383625, 20.2554387], [85.3386605, 20.2553377], [85.339174, 20.255198], [85.3397924, 20.2551], [85.3398646, 20.2550814], [85.3401139, 20.2550173], [85.3403256, 20.2549199], [85.340628, 20.2548369], [85.3407437, 20.2547611], [85.340817, 20.2546038], [85.3407673, 20.2543368], [85.3403483, 20.253687], [85.3401838, 20.2534054], [85.3401054, 20.2531156], [85.3401467, 20.2528405], [85.3402166, 20.2527914], [85.3402865, 20.2527425], [85.3404216, 20.2526443], [85.340927, 20.2523827], [85.3410382, 20.2522572], [85.3410832, 20.2520859], [85.340971, 20.251823], [85.3408351, 20.2517393], [85.3407476, 20.2516854], [85.3404331, 20.2515558], [85.340341, 20.2514417], [85.3403009, 20.2513921], [85.3401734, 20.2512282], [85.3401174, 20.2510786], [85.3400991, 20.2510152], [85.3400861, 20.2508705], [85.3400666, 20.2504638], [85.3399826, 20.2502689], [85.3398307, 20.2501364], [85.3396312, 20.249999], [85.3393175, 20.2497883], [85.3389202, 20.2493465], [85.338847, 20.2490476], [85.3387343, 20.2483735], [85.3387148, 20.2477808], [85.3386946, 20.2471672], [85.3383294, 20.2463958], [85.3376367, 20.2458428], [85.3373921, 20.245634], [85.3371766, 20.24545], [85.3331525, 20.2458272], [85.3319782, 20.2461403], [85.3310743, 20.2463812], [85.3300537, 20.2464987], [85.3299147, 20.2465147], [85.3297563, 20.2465273], [85.3281473, 20.246656], [85.327763, 20.2454554], [85.3270901, 20.2448165], [85.3259999, 20.2447294], [85.325471, 20.2422876], [85.324942, 20.2398457], [85.3234322, 20.2338151], [85.3234172, 20.2328071], [85.3234073, 20.23213], [85.3230637, 20.2302523], [85.3225866, 20.2296741], [85.3213412, 20.2302359], [85.320252, 20.2313907], [85.3197435, 20.2317151], [85.3194426, 20.231907], [85.3173458, 20.2324198], [85.3167884, 20.2326313], [85.316332, 20.2319223], [85.3161665, 20.2312839], [85.3158567, 20.2307344], [85.3151319, 20.2309397], [85.3146757, 20.2297518], [85.3140083, 20.2299577], [85.3149588, 20.2319091], [85.3133127, 20.2336638], [85.3123516, 20.2327105], [85.3115135, 20.231885], [85.3107412, 20.2311729], [85.309496, 20.2303841], [85.3078322, 20.2298079], [85.3073835, 20.2297042], [85.3073469, 20.2296912], [85.3050477, 20.2288778], [85.303095, 20.2284659], [85.3015931, 20.2279636], [85.2999162, 20.227708], [85.2992949, 20.2276478], [85.2975271, 20.2273957], [85.2936245, 20.2272043], [85.2904104, 20.2270646], [85.2871834, 20.2267893], [85.2844512, 20.2267851], [85.282595, 20.2263063], [85.281356, 20.2262761], [85.2801607, 20.2266212], [85.2786286, 20.2267055], [85.2765888, 20.226821], [85.2754089, 20.2266513], [85.2741172, 20.2266161], [85.273745, 20.2266754], [85.2733694, 20.2267352], [85.2728449, 20.2269775], [85.2723258, 20.2272173], [85.2721697, 20.2274487], [85.271917, 20.227823], [85.2703515, 20.2278934], [85.2679031, 20.2277518], [85.2653141, 20.2273378], [85.2642569, 20.2273047], [85.2631254, 20.2270903], [85.2623631, 20.2267892], [85.2619922, 20.2265777], [85.2613814, 20.2266845], [85.2610141, 20.2267487], [85.2600055, 20.2270911], [85.258585, 20.2270227], [85.2585, 20.2270179], [85.2567247, 20.2269184], [85.2553755, 20.2264714], [85.254573, 20.2263641], [85.2548857, 20.2257801], [85.2549953, 20.224539], [85.2550659, 20.2229274], [85.2546838, 20.221573], [85.254541, 20.2210838], [85.2550877, 20.2192555], [85.2548879, 20.2144848], [85.2548874, 20.2144749], [85.2548788, 20.2144052], [85.2548127, 20.2138736], [85.2548003, 20.2138516], [85.2547973, 20.2138464], [85.2545593, 20.2134283], [85.2533504, 20.2132898], [85.2519715, 20.212942], [85.2509904, 20.2125118], [85.2500004, 20.2120777], [85.249466, 20.2118254], [85.2485439, 20.2113902], [85.2479411, 20.2109597], [85.2477465, 20.2108222], [85.2476328, 20.2106673], [85.2475862, 20.2106038], [85.2451779, 20.2099022], [85.2447967, 20.2098333], [85.2423751, 20.2093955], [85.2415207, 20.2092778], [85.2392987, 20.2089717], [85.238406, 20.2092657], [85.2376754, 20.2095064], [85.2368216, 20.2101733], [85.2359571, 20.2108487], [85.2352582, 20.2111797], [85.2339126, 20.2118172], [85.2321339, 20.2129872], [85.2318665, 20.2132722], [85.2315965, 20.2135599], [85.2309026, 20.2148357], [85.2303944, 20.215501], [85.2299749, 20.2160504], [85.2300385, 20.2164808], [85.2304594, 20.2193296], [85.2288882, 20.2211792], [85.2295869, 20.2232864], [85.2275879, 20.22276], [85.2275151, 20.2227409], [85.2274114, 20.2227136], [85.226451, 20.22386], [85.2252145, 20.2244572], [85.2223169, 20.2217496], [85.2196035, 20.2205298], [85.2193295, 20.220337], [85.2183076, 20.2196179], [85.2176155, 20.2186263], [85.2167099, 20.2166432], [85.2152009, 20.2142839], [85.2133385, 20.2122912], [85.2137271, 20.2100956], [85.2115602, 20.2075488], [85.2119759, 20.205927], [85.2129699, 20.2035073], [85.2124561, 20.201998], [85.2122612, 20.2015031], [85.2115827, 20.1997798], [85.211224, 20.198869], [85.2091129, 20.1985585], [85.2078404, 20.1981299], [85.2064896, 20.1974477], [85.2053894, 20.1966593], [85.2039321, 20.1956151], [85.2030537, 20.1946124], [85.2018185, 20.193019], [85.2015237, 20.1924605], [85.2013221, 20.1920881], [85.2011257, 20.1917067], [85.2008498, 20.1913475], [85.2004751, 20.1908598], [85.2004375, 20.1908099], [85.2003906, 20.1907415], [85.1998295, 20.1900131], [85.1989568, 20.1864542], [85.1992142, 20.1858396], [85.1993749, 20.1854558], [85.1997356, 20.1843338], [85.1997593, 20.1842603], [85.1998857, 20.1838667], [85.2002505, 20.18168], [85.2003719, 20.1811121], [85.2013126, 20.181135], [85.201333, 20.1811355], [85.2026, 20.1807916], [85.2039227, 20.1797392], [85.2026254, 20.1785742], [85.2044933, 20.1771029], [85.2035869, 20.1756483], [85.2040713, 20.1751068], [85.2033611, 20.174894], [85.2026508, 20.1746813], [85.2026814, 20.1736834], [85.2048552, 20.1739134], [85.2050363, 20.175645], [85.2064794, 20.1761883], [85.2064813, 20.1747656], [85.2065379, 20.1747066], [85.2070525, 20.1741707], [85.2078095, 20.1729716], [85.2081292, 20.1724654], [85.2093946, 20.1722389], [85.2115602, 20.1719176], [85.2123458, 20.1714062], [85.2130213, 20.1708457], [85.2133405, 20.1705808], [85.2133426, 20.1699845], [85.212314, 20.1695902], [85.2123166, 20.1689309], [85.2133372, 20.1683585], [85.2131128, 20.1674755], [85.211849, 20.1667356], [85.2117973, 20.16643], [85.2117235, 20.1659936], [85.2123816, 20.1657383], [85.2122159, 20.1654722], [85.2117758, 20.1647655], [85.2116255, 20.1640831], [85.2114756, 20.1634031], [85.2113312, 20.1619149], [85.2112162, 20.1607284], [85.2111717, 20.1602699], [85.2061189, 20.1591249], [85.2043548, 20.1587251], [85.2037009, 20.1585769], [85.2036886, 20.158514], [85.2034619, 20.1573708], [85.2031632, 20.1558434], [85.2036405, 20.1537252], [85.2038182, 20.1529369], [85.2071333, 20.1528805], [85.2073766, 20.1508278], [85.2093035, 20.1508836], [85.2094636, 20.1498467], [85.2096029, 20.1489446], [85.2092996, 20.1466108], [85.2094815, 20.1457591], [85.210683, 20.1431382], [85.2126129, 20.1412292], [85.2124793, 20.1390406], [85.2120043, 20.1312594], [85.2198994, 20.1291488], [85.2238119, 20.1287897], [85.2248205, 20.1286971], [85.2251247, 20.1284337], [85.2251352, 20.1284247], [85.2251875, 20.1283801], [85.2255303, 20.1280855], [85.2256994, 20.1279291], [85.2271095, 20.1267058], [85.228482, 20.1245831], [85.2287594, 20.1241523], [85.2292802, 20.12334], [85.2314406, 20.1191794], [85.2340538, 20.1182738], [85.2370139, 20.1172479], [85.2409597, 20.115878], [85.241897, 20.1167185], [85.2423468, 20.1171249], [85.2427453, 20.1173475], [85.2431036, 20.1175477], [85.2439768, 20.1180355], [85.246564, 20.1184362], [85.2467166, 20.1189028], [85.2476358, 20.1218026], [85.2477283, 20.1220881], [85.2477562, 20.1225897], [85.2480133, 20.1235499], [85.2482677, 20.1243338], [85.2482073, 20.1254488], [85.2482708, 20.1270528], [85.248258, 20.1281999], [85.2482952, 20.1295733], [85.2484758, 20.1301126], [85.2489155, 20.1305596], [85.2499978, 20.1312841], [85.2502351, 20.131449], [85.251182, 20.1323029], [85.2520054, 20.1330835], [85.252485, 20.1332329], [85.2526344, 20.1332795], [85.2529987, 20.1332108], [85.2532033, 20.1331235], [85.2538684, 20.1328401], [85.2545599, 20.1325758], [85.2552665, 20.1322486], [85.2555927, 20.1321525], [85.2557446, 20.1322624], [85.2564389, 20.1338998], [85.2570268, 20.1347999], [85.2580427, 20.1359076], [85.2590177, 20.136825], [85.2599221, 20.1376424], [85.2607895, 20.138342], [85.2615729, 20.1388646], [85.2622686, 20.1395264], [85.2626584, 20.1401626], [85.2629367, 20.1409558], [85.2632179, 20.1417091], [85.2633175, 20.1419758], [85.2635873, 20.141849], [85.2639952, 20.1416572], [85.2647367, 20.1416466], [85.2653182, 20.1418284], [85.2657873, 20.1422214], [85.2656577, 20.1426989], [85.2655895, 20.1428067], [85.2650443, 20.1432303], [85.2655699, 20.1437233], [85.2662288, 20.1442402], [85.2668321, 20.1450547], [85.2674612, 20.1456932], [85.2677447, 20.1459986], [85.2679514, 20.1462378], [85.2681225, 20.1464359], [85.2684403, 20.1466739], [85.2686787, 20.1467486], [85.2692656, 20.1468717], [85.2698352, 20.1472702], [85.2706241, 20.1481452], [85.2707096, 20.1482104], [85.2711458, 20.1485433], [85.2717208, 20.1488832], [85.2724086, 20.1489622], [85.2731174, 20.1488788], [85.2735247, 20.1488105], [85.2738983, 20.1487601], [85.2741372, 20.1487713], [85.2742033, 20.1487604], [85.2745494, 20.1487031], [85.274842, 20.1486531], [85.2748992, 20.1486433], [85.2750809, 20.1486451], [85.2755212, 20.1486134], [85.2757605, 20.1486066], [85.2762284, 20.1485344], [85.2763114, 20.1485216], [85.2764548, 20.1485321], [85.276913, 20.1486179], [85.2780626, 20.1493247], [85.278835, 20.1495536], [85.2793778, 20.1497757], [85.2795328, 20.1498005], [85.2796786, 20.1498238], [85.2799745, 20.1498718], [85.2803666, 20.1498847], [85.2807304, 20.1498611], [85.2813194, 20.1497857], [85.2823589, 20.1496423], [85.2833825, 20.1505148], [85.2836578, 20.1506336], [85.2839395, 20.1507551], [85.2846416, 20.1508343], [85.2858831, 20.1505798], [85.2870462, 20.1505008], [85.2876491, 20.1504796], [85.2881938, 20.1505255], [85.2881638, 20.1506473], [85.2875792, 20.1511926], [85.2873539, 20.1515019], [85.2872199, 20.1516859], [85.2871996, 20.1517806], [85.2871392, 20.15206], [85.2871368, 20.1522678], [85.2871728, 20.1524849], [85.2878849, 20.1534043], [85.2888925, 20.1544393], [85.2897471, 20.1545831], [85.2903756, 20.1548421], [85.2905572, 20.154853], [85.2912668, 20.1542592], [85.2919136, 20.154157], [85.2922408, 20.1539795], [85.2928177, 20.153705], [85.2930907, 20.1536626], [85.2934178, 20.1534895], [85.2935955, 20.1534326], [85.2938928, 20.1533632], [85.2943329, 20.1533585], [85.2948328, 20.1531284], [85.2953642, 20.1530703], [85.2957649, 20.1531645], [85.2960119, 20.1533385], [85.29636, 20.1534323], [85.2970979, 20.1533129], [85.2981778, 20.1534046], [85.2985516, 20.1535528], [85.2989254, 20.1537009], [85.2994426, 20.1539449], [85.3001865, 20.1542959], [85.3002766, 20.1543735], [85.3005295, 20.1543409], [85.3007652, 20.1543105], [85.3011143, 20.1543047], [85.301824, 20.1545826], [85.3027233, 20.1545822], [85.3031064, 20.1547463], [85.3034897, 20.1549103], [85.3039424, 20.155033], [85.3040429, 20.1550602], [85.3043881, 20.155145], [85.3057458, 20.1554786], [85.3060481, 20.1554815], [85.3063484, 20.1554844], [85.3068896, 20.1554249], [85.3073685, 20.1553722], [85.3083028, 20.1552096], [85.3085295, 20.1551534], [85.3087585, 20.1550965], [85.3093833, 20.1552652], [85.3100146, 20.1552621], [85.3107573, 20.1551428], [85.311419, 20.1549865], [85.3120849, 20.1548845], [85.3124733, 20.155478], [85.3128615, 20.1560709], [85.3136098, 20.1576363], [85.3136701, 20.1582647], [85.3135467, 20.159063], [85.3131375, 20.1606491], [85.3127911, 20.163044], [85.3126545, 20.1641901], [85.3104813, 20.1643454], [85.3108944, 20.1655101], [85.3117801, 20.167664], [85.3128592, 20.1696256], [85.3134667, 20.1705122], [85.3139286, 20.1707064], [85.3147226, 20.170705], [85.3153474, 20.1708781], [85.3159203, 20.1709874], [85.3166414, 20.1711028], [85.3182702, 20.1713216], [85.3192679, 20.1715162], [85.3198611, 20.1719601], [85.3201139, 20.1724593], [85.3205831, 20.1728793], [85.3214059, 20.1735558], [85.3217448, 20.1738345], [85.3224324, 20.1743112], [85.3231978, 20.174842], [85.3239166, 20.1751741], [85.3243528, 20.1755396], [85.3248275, 20.1758693], [85.3255102, 20.1760067], [85.3261403, 20.1765864], [85.3261932, 20.1769221], [85.3262387, 20.1772106], [85.3262002, 20.1781452], [85.3268417, 20.1785398], [85.3270539, 20.1788355], [85.3271186, 20.1790438], [85.3271359, 20.1791319], [85.3272093, 20.1795053], [85.3272524, 20.1795756], [85.3273598, 20.1797507], [85.3275259, 20.1798742], [85.3277166, 20.1799302], [85.3279085, 20.1798778], [85.3283119, 20.1797462], [85.3285032, 20.179748], [85.3286949, 20.1797092], [85.328947, 20.1798606], [85.3294735, 20.1807148], [85.32982, 20.1811172], [85.3302342, 20.1815982], [85.3303955, 20.1816705], [85.3305534, 20.1817413], [85.3306523, 20.1817159], [85.3308614, 20.1816619], [85.3309418, 20.1816412], [85.3320619, 20.1806761], [85.3320621, 20.1806672], [85.3320637, 20.1805136], [85.3320854, 20.1802699], [85.3320125, 20.1790316], [85.3315954, 20.1778376], [85.3311908, 20.1766796], [85.3315128, 20.1742977], [85.3317374, 20.1734192], [85.3322105, 20.173008], [85.3331954, 20.1726064], [85.3344756, 20.1723294], [85.3365684, 20.1716491], [85.3372294, 20.1715741], [85.3375187, 20.1715129], [85.3377615, 20.1714617], [85.3384792, 20.1714503], [85.3399666, 20.1710218], [85.3418639, 20.173438], [85.3423415, 20.1753351], [85.3419873, 20.1762441], [85.3420673, 20.1768231], [85.3428292, 20.1780723], [85.3430141, 20.1786793], [85.3430453, 20.1791155], [85.3430766, 20.1795517], [85.3418766, 20.180394], [85.3428597, 20.181975], [85.3433921, 20.1822963], [85.3437785, 20.1824711], [85.3440348, 20.1825869], [85.344273, 20.1826747], [85.3448402, 20.1828837], [85.3456487, 20.1828731], [85.3459618, 20.1831155], [85.3459751, 20.1836848], [85.3457788, 20.1841527], [85.3454007, 20.1846233], [85.3454913, 20.1850985], [85.3456786, 20.185311], [85.3458364, 20.1854902], [85.3462544, 20.1857652], [85.3463346, 20.1858304], [85.3463778, 20.1858656], [85.3466899, 20.1862074], [85.3467358, 20.1863975], [85.346577, 20.186929], [85.3465736, 20.1872497], [85.3468345, 20.1874689], [85.3472218, 20.1874906], [85.347663, 20.1873864], [85.3479968, 20.1874888], [85.3483794, 20.1879577], [85.3488563, 20.1880976], [85.3491247, 20.1880459], [85.3492879, 20.187895], [85.3494485, 20.1877464], [85.3499718, 20.1875707], [85.3505832, 20.1876487], [85.351024, 20.1875895], [85.3516894, 20.1871034], [85.3519579, 20.1866001], [85.3520455, 20.1865473], [85.3521792, 20.1864667], [85.3523889, 20.1865544], [85.3525287, 20.1869035], [85.3525041, 20.1874138], [85.3527245, 20.1878494], [85.3538088, 20.1884603], [85.3545245, 20.1895601], [85.3549674, 20.1897494], [85.3555127, 20.1897545], [85.3559375, 20.1898488], [85.3562831, 20.1888268], [85.3565081, 20.1883635], [85.3568667, 20.1879243], [85.3580014, 20.1883052], [85.3583886, 20.1883269], [85.3587718, 20.1882854], [85.3592241, 20.1880276], [85.3598159, 20.1877079], [85.3601327, 20.1876115], [85.3603824, 20.1875236], [85.3611611, 20.1876211], [85.3615686, 20.1875482], [85.3617392, 20.1867909], [85.361904, 20.1861148], [85.3619411, 20.1857765], [85.3622281, 20.1853229], [85.3623824, 20.1851979], [85.3624614, 20.1849818], [85.3626255, 20.1848297], [85.3629412, 20.1848417], [85.3631152, 20.1846718], [85.3632546, 20.1841355], [85.3634634, 20.1838393], [85.3642082, 20.1835346], [85.3646596, 20.1833762], [85.3649853, 20.183334], [85.3652686, 20.1832373], [85.3657999, 20.1827455], [85.3661576, 20.1819312], [85.3662216, 20.181304], [85.3664476, 20.1807369], [85.3667297, 20.1802787], [85.3671245, 20.1795869], [85.3675588, 20.1792296], [85.3678688, 20.1788622], [85.3681574, 20.1787067], [85.3693007, 20.1787083], [85.3699457, 20.1783258], [85.3700574, 20.1782676], [85.370167, 20.1782105], [85.3698448, 20.1771816], [85.3698336, 20.1771458], [85.3712206, 20.1772267], [85.3722055, 20.176843], [85.3729236, 20.1763695], [85.3733676, 20.1756528], [85.3754953, 20.1753791], [85.3764007, 20.1758392], [85.3776028, 20.1758945], [85.3785583, 20.1763034], [85.3797301, 20.1769018], [85.3816695, 20.1771275], [85.382575, 20.1775875], [85.3829254, 20.1785112], [85.3829732, 20.1796919], [85.3832455, 20.1799777], [85.3836644, 20.180012], [85.3848705, 20.1801655], [85.3857358, 20.1809226], [85.3865029, 20.1818312], [85.3874503, 20.1833244], [85.3877747, 20.1848895], [85.3924131, 20.1847712], [85.3930904, 20.1834657], [85.3947254, 20.182618], [85.3967393, 20.1808206], [85.3990676, 20.179061], [85.4011073, 20.1779031], [85.4038682, 20.1765219], [85.4078909, 20.1830775], [85.4081255, 20.1839209], [85.408383, 20.1850721], [85.409107, 20.1864716], [85.409746, 20.1875095], [85.4104916, 20.1885766], [85.410691, 20.1891663], [85.4105347, 20.1896362], [85.4099967, 20.1902195], [85.4097377, 20.1907593], [85.4098147, 20.1917845], [85.4096918, 20.1922201], [85.4094856, 20.1923269], [85.408674, 20.1922237], [85.408059, 20.1926439], [85.4077314, 20.1932194], [85.4077219, 20.1938498], [85.408427, 20.1947858], [85.4087709, 20.1946076], [85.4091457, 20.1943288], [85.4094181, 20.1941199], [85.4096689, 20.1942434], [85.4102177, 20.1947873], [85.4106626, 20.195368], [85.410916, 20.1955578], [85.4111642, 20.195615], [85.411508, 20.1954367], [85.4118114, 20.1951273], [85.4121728, 20.1945174], [85.4122294, 20.1933216], [85.4123913, 20.192122], [85.4135373, 20.1926773], [85.415185, 20.1934796], [85.4149868, 20.1937852], [85.4150744, 20.194213], [85.4157634, 20.1947518], [85.4164214, 20.1953911], [85.4164565, 20.196252], [85.4167019, 20.1979673], [85.4171671, 20.1999068], [85.4169815, 20.2009524], [85.4173761, 20.2020213], [85.4178507, 20.2027556], [85.4183291, 20.2030036], [85.4188432, 20.2029849], [85.419495, 20.202895], [85.4204937, 20.2027038], [85.4215544, 20.2023117], [85.4221352, 20.2022021], [85.4221631, 20.2023116], [85.422173, 20.2025544], [85.4223887, 20.2038287], [85.4227681, 20.2045223], [85.4234353, 20.2050949], [85.4248036, 20.2059293], [85.4253485, 20.2066611], [85.4262673, 20.207954], [85.427144, 20.2093591], [85.4276465, 20.2102029], [85.4279103, 20.2107902], [85.4300346, 20.2150899], [85.4308016, 20.2171015], [85.4309939, 20.2179399], [85.43267, 20.2190634], [85.4337214, 20.2194397], [85.4345655, 20.2194752], [85.4357065, 20.2190357], [85.4372963, 20.2184141], [85.4378897, 20.2183261], [85.4386354, 20.2176689], [85.4396939, 20.216934], [85.4405946, 20.2166358], [85.4411058, 20.2171146], [85.4415737, 20.217396], [85.4425232, 20.2174276], [85.4436789, 20.2173523], [85.4448912, 20.2169433], [85.4452283, 20.2165995], [85.4455545, 20.2159906], [85.4455489, 20.214996], [85.445782, 20.2146891], [85.4464685, 20.2142993], [85.447206, 20.2143056], [85.4475122, 20.2140622], [85.4480419, 20.2132803], [85.4493661, 20.2130329], [85.450484, 20.2128926], [85.4513968, 20.2120303], [85.4522383, 20.2119995], [85.4541059, 20.2121634], [85.4558237, 20.2112385], [85.4563887, 20.2113172], [85.4580002, 20.2112252], [85.4588158, 20.2105652], [85.4597948, 20.210463], [85.4608007, 20.210161], [85.4608545, 20.209761], [85.4614128, 20.2096744], [85.4620533, 20.2098831], [85.462579, 20.2094328], [85.462916, 20.2090888], [85.4634285, 20.2087384], [85.4639515, 20.2086529], [85.4647657, 20.2079599], [85.4654834, 20.2083316], [85.4664231, 20.2081313], [85.4671676, 20.208303], [85.4681387, 20.2088643], [85.4689332, 20.2093989], [85.4695456, 20.2097744], [85.4696217, 20.2108213], [85.4689413, 20.2118712], [85.4687791, 20.2145247], [85.4689642, 20.216824], [85.4701251, 20.2186604], [85.4709975, 20.2200804], [85.471429, 20.2217727], [85.4709432, 20.2231571], [85.4701866, 20.2245514], [85.4693186, 20.2254372], [85.4680927, 20.2264216], [85.4681208, 20.227104], [85.4694975, 20.2297865], [85.4699289, 20.2314789], [85.4691617, 20.2326174], [85.4669074, 20.2327854], [85.4662995, 20.2334055], [85.466324, 20.2340025], [85.4672449, 20.2343958], [85.4695932, 20.2343097], [85.4707895, 20.2339541], [85.4714248, 20.2337652], [85.4715591, 20.2337252], [85.4735428, 20.233567], [85.4763907, 20.2324377], [85.4789151, 20.2300389], [85.4810662, 20.2292904], [85.4824821, 20.2287976], [85.4858649, 20.2274774], [85.4885462, 20.2266956], [85.489245, 20.2267893], [85.4895467, 20.2268296], [85.4897806, 20.2271455], [85.4904088, 20.2279936], [85.491278, 20.2293282], [85.49239, 20.2299706], [85.4940298, 20.2302518], [85.4962878, 20.2301687], [85.4976707, 20.230801], [85.4997036, 20.2318364], [85.5027017, 20.2321529], [85.500065, 20.2345761], [85.4983445, 20.236157], [85.4955903, 20.2373687], [85.494496, 20.2371528], [85.4933289, 20.2373667], [85.4927494, 20.2386692], [85.4926692, 20.2387394], [85.4921383, 20.2392041], [85.4898338, 20.23978], [85.4867699, 20.2400635], [85.484988, 20.240727], [85.4837833, 20.2422232], [85.4825364, 20.2426961], [85.4796846, 20.2437403], [85.4784622, 20.2448101], [85.4782298, 20.2457581], [85.4775213, 20.2461258], [85.4760315, 20.2472908], [85.4748054, 20.2482753], [85.4734434, 20.2481545], [85.4725085, 20.2474202], [85.4710728, 20.2455083], [85.4697837, 20.2449577], [85.4685788, 20.2464538], [85.4688226, 20.2479823], [85.4703942, 20.2509994], [85.4710345, 20.2533675], [85.4706084, 20.2562017], [85.4693459, 20.2582573], [85.4684529, 20.2586912], [85.4680154, 20.2589039], [85.4679625, 20.2600302], [85.4679189, 20.2609573], [85.4672321, 20.2640573], [85.4658955, 20.2667541], [85.4657556, 20.2669208], [85.4638254, 20.2692213], [85.4623316, 20.270301], [85.4598125, 20.2706493], [85.4595457, 20.2729654], [85.4589618, 20.28298], [85.4589142, 20.2862274], [85.4594151, 20.2874049], [85.4624678, 20.2912223], [85.4637793, 20.2945055], [85.4647451, 20.2975276]]]}}, {"type": "Feature", "properties": {"OBJECTID": 353, "state": "ODISHA", "district": "Cuttack", "stcode11": "21", "dtcode11": "381", "blkcode11": "0122", "block_name": "NARASINGHPUR", "code2011": "213810122", "block_lgd": 3340, "block_ver": 1, "dist_lgd": 350, "b_pan_code": 3703, "state_lgd": 21, "shape_Length": 142900.37782310296, "shape_Area": 730028203.8682941}, "geometry": {"type": "Polygon", "coordinates": [[[85.0998317, 20.6170776], [85.0988105, 20.6174276], [85.0977892, 20.6177778], [85.0944098, 20.6187385], [85.0918277, 20.6188546], [85.0911043, 20.6187834], [85.0907972, 20.618169], [85.0906502, 20.6178751], [85.0905059, 20.6175833], [85.090201, 20.6169669], [85.0899108, 20.6166079], [85.0896152, 20.6162424], [85.0894047, 20.615976], [85.0890391, 20.6155134], [85.0895534, 20.6150449], [85.0898532, 20.6148586], [85.0901481, 20.6146722], [85.0906455, 20.6144067], [85.0911381, 20.6141412], [85.0919134, 20.6131291], [85.091896, 20.612596], [85.0915811, 20.6120822], [85.090925, 20.6116143], [85.0903762, 20.6109986], [85.0904103, 20.610195], [85.0906986, 20.6093809], [85.0905901, 20.6088466], [85.0898731, 20.6082562], [85.0884346, 20.6070706], [85.087708, 20.60648], [85.0866987, 20.6055024], [85.0860507, 20.6032326], [85.0860695, 20.60172], [85.086491, 20.5998549], [85.0864598, 20.5997171], [85.0863545, 20.5992527], [85.0862082, 20.5988536], [85.0859788, 20.598228], [85.0857839, 20.5969433], [85.0856322, 20.5956454], [85.0855954, 20.5955141], [85.0855589, 20.5953783], [85.0853371, 20.5950844], [85.0851153, 20.5947907], [85.0835619, 20.5939786], [85.0820231, 20.5931486], [85.0816761, 20.5928998], [85.0808585, 20.5923138], [85.0803467, 20.5914501], [85.0799404, 20.5897972], [85.0793683, 20.5883773], [85.0784145, 20.587188], [85.0768139, 20.5855534], [85.0764093, 20.5849347], [85.075827, 20.5831897], [85.0749623, 20.5817754], [85.0744866, 20.5814675], [85.0740109, 20.5811597], [85.0736228, 20.5811238], [85.0734206, 20.5811508], [85.0732481, 20.5811738], [85.0723825, 20.5813719], [85.0712877, 20.5818564], [85.0703453, 20.5828169], [85.0692718, 20.5842817], [85.0688469, 20.5845163], [85.0682893, 20.5842345], [85.0672231, 20.5824569], [85.0648922, 20.5820875], [85.0651552, 20.5783467], [85.0601605, 20.5777895], [85.0552361, 20.5777342], [85.0543285, 20.5789705], [85.0534208, 20.5802112], [85.0527844, 20.5808498], [85.0519202, 20.5816801], [85.0510609, 20.5825149], [85.0503146, 20.5831162], [85.0495686, 20.5837129], [85.0480344, 20.5848066], [85.0472819, 20.5851414], [85.0465343, 20.5854761], [85.0457546, 20.5857021], [85.0430907, 20.5855094], [85.0412853, 20.5856695], [85.0402986, 20.5859565], [85.0393069, 20.5862478], [85.0380811, 20.5864733], [85.0377036, 20.5863742], [85.037326, 20.586275], [85.0367974, 20.5859799], [85.035826, 20.5854406], [85.0351471, 20.5852794], [85.0344976, 20.5854391], [85.034192, 20.5857111], [85.0338815, 20.5859829], [85.0329276, 20.5870742], [85.032468, 20.5877509], [85.0320038, 20.5884274], [85.0319026, 20.5884624], [85.0292148, 20.5882602], [85.0275744, 20.5897724], [85.0246462, 20.5888719], [85.0232487, 20.5886437], [85.0218464, 20.5884199], [85.0152327, 20.5869668], [85.0150887, 20.586934], [85.0124305, 20.5863295], [85.0068128, 20.5850139], [84.9999991, 20.5834721], [84.9997008, 20.5834041], [84.999081, 20.5832627], [84.998182, 20.5829839], [84.9979013, 20.5828969], [84.9939078, 20.5820739], [84.9912773, 20.581533], [84.9874618, 20.5805412], [84.9869856, 20.5804174], [84.9868736, 20.5801858], [84.9868705, 20.5789619], [84.9871358, 20.5762826], [84.9868962, 20.5751688], [84.985884, 20.573012], [84.984745, 20.5715186], [84.984706, 20.5714675], [84.9833854, 20.569736], [84.9809524, 20.5666097], [84.9799338, 20.5652868], [84.9798823, 20.5652199], [84.9792742, 20.5669649], [84.9779508, 20.5698712], [84.9762991, 20.5718255], [84.974999, 20.5733637], [84.9732112, 20.5729318], [84.9702299, 20.5721111], [84.9692305, 20.5721521], [84.9681765, 20.5721954], [84.965624, 20.5725949], [84.963453, 20.5729347], [84.959343, 20.5740604], [84.9559852, 20.5752264], [84.9534832, 20.575504], [84.9500948, 20.5757214], [84.9500985, 20.5758026], [84.9489333, 20.5786743], [84.9474894, 20.5797908], [84.94555, 20.5810187], [84.9436985, 20.5817689], [84.9401778, 20.5821876], [84.9361953, 20.5824232], [84.9359209, 20.5824394], [84.9350777, 20.582023], [84.9342727, 20.5816159], [84.9329401, 20.5815865], [84.932495, 20.581655], [84.9298935, 20.5820558], [84.9264464, 20.582001], [84.9258878, 20.5818136], [84.92299, 20.5805009], [84.9223249, 20.5803936], [84.9202691, 20.5813488], [84.9153406, 20.5826894], [84.9106971, 20.5835093], [84.9080274, 20.5844615], [84.9075937, 20.5846143], [84.90716, 20.5847672], [84.9062047, 20.5844892], [84.9028188, 20.5834592], [84.8984137, 20.5822859], [84.8969236, 20.5818433], [84.8962313, 20.5802227], [84.8948375, 20.5783633], [84.8935366, 20.5763696], [84.8927875, 20.5749274], [84.8924059, 20.5741928], [84.8914585, 20.5712551], [84.8894826, 20.5663992], [84.8891718, 20.5659817], [84.8881221, 20.5645718], [84.8861529, 20.5623847], [84.8847435, 20.5616631], [84.8823734, 20.5605696], [84.8815563, 20.5601926], [84.8761412, 20.5586045], [84.8754632, 20.5584129], [84.875272, 20.5583589], [84.8747461, 20.5551283], [84.8742773, 20.5532361], [84.8741649, 20.5527822], [84.8738768, 20.5521176], [84.8735841, 20.5514427], [84.8722811, 20.5495053], [84.8715876, 20.548474], [84.8706722, 20.5474394], [84.8690104, 20.5455613], [84.8679639, 20.544267], [84.8672476, 20.5433812], [84.8661039, 20.54073], [84.8656221, 20.5396131], [84.8649536, 20.5383856], [84.8628986, 20.5361973], [84.8605944, 20.5336762], [84.8581892, 20.5328878], [84.8519368, 20.529916], [84.8504683, 20.5291067], [84.8485166, 20.5280312], [84.8491543, 20.5273346], [84.8510745, 20.52506], [84.8528398, 20.5229099], [84.8541619, 20.5212554], [84.8568917, 20.5179792], [84.8595148, 20.5154873], [84.8647415, 20.5118714], [84.8677564, 20.5094429], [84.8697362, 20.5077484], [84.8703465, 20.5072259], [84.8718261, 20.5055913], [84.8734152, 20.5036689], [84.8742099, 20.5030129], [84.8744284, 20.5028325], [84.8784486, 20.5008044], [84.879864, 20.4999998], [84.8806356, 20.4995589], [84.881806, 20.4988901], [84.8844405, 20.4976823], [84.8863155, 20.4968227], [84.8927941, 20.4948881], [84.8929996, 20.4948267], [84.8959981, 20.4946102], [84.8991329, 20.4949237], [84.9002788, 20.4950211], [84.9044561, 20.4953762], [84.9063159, 20.4957103], [84.9093513, 20.4955933], [84.910671, 20.4958125], [84.9156225, 20.4961204], [84.9204265, 20.4958649], [84.9206104, 20.4958551], [84.9261956, 20.4950141], [84.9315596, 20.4938679], [84.9352806, 20.4927899], [84.9363806, 20.4924712], [84.9426139, 20.4908156], [84.9491654, 20.4886486], [84.9534758, 20.486699], [84.9559124, 20.4854443], [84.9572396, 20.4847609], [84.9599138, 20.4833111], [84.96661, 20.4792034], [84.9715505, 20.4763257], [84.9760138, 20.4736321], [84.9773222, 20.4728888], [84.9810986, 20.4713971], [84.9821146, 20.4710048], [84.9847206, 20.4699986], [84.9877455, 20.4688053], [84.9906702, 20.4672134], [84.9924061, 20.4660095], [84.9931294, 20.4653801], [84.9967321, 20.4622425], [85.0000007, 20.4593957], [85.0005465, 20.458713], [85.0005804, 20.4586705], [85.001523, 20.4576652], [85.0029897, 20.4565079], [85.0039469, 20.4557642], [85.0055503, 20.4545186], [85.005879, 20.4542876], [85.0088824, 20.4522156], [85.0089829, 20.4521463], [85.012697, 20.4498541], [85.0150862, 20.4489161], [85.0151338, 20.4488974], [85.018149, 20.4480376], [85.0203166, 20.4471454], [85.0224081, 20.4465686], [85.025181, 20.4455524], [85.0281202, 20.4443792], [85.0289325, 20.444055], [85.0312031, 20.4429698], [85.032621, 20.4422452], [85.0341476, 20.4412553], [85.0350625, 20.440516], [85.0364744, 20.439132], [85.0380263, 20.4372798], [85.0392074, 20.4359473], [85.0404576, 20.4348323], [85.0404675, 20.4348258], [85.0416799, 20.4340331], [85.045323, 20.4317605], [85.0469919, 20.4307194], [85.049028, 20.4296175], [85.0495919, 20.4293123], [85.0521417, 20.4281394], [85.0538854, 20.4273372], [85.0561535, 20.4264187], [85.0580766, 20.4254963], [85.0610876, 20.4245363], [85.0623696, 20.4243157], [85.0641963, 20.4238077], [85.0656127, 20.4231731], [85.0660328, 20.4230659], [85.0673766, 20.422723], [85.0681834, 20.4225648], [85.0686346, 20.4223873], [85.069233, 20.422152], [85.0702167, 20.4212551], [85.0711248, 20.4198877], [85.0719032, 20.4185505], [85.0729164, 20.4175908], [85.0739322, 20.4171775], [85.0747148, 20.4170552], [85.0761256, 20.4172424], [85.0770441, 20.4173428], [85.0780901, 20.4172099], [85.0797455, 20.4166093], [85.0808916, 20.4161298], [85.0844137, 20.4152698], [85.0862708, 20.4147405], [85.0864425, 20.4146916], [85.0890396, 20.4138663], [85.0912079, 20.4132308], [85.0921843, 20.4129118], [85.0931967, 20.4127829], [85.0944496, 20.4125618], [85.0965408, 20.4127518], [85.0984008, 20.4130431], [85.0994507, 20.4129733], [85.1009065, 20.4126278], [85.1031327, 20.4119566], [85.1053667, 20.4106486], [85.1072152, 20.4097824], [85.10726, 20.4097614], [85.1087131, 20.4092488], [85.1103673, 20.4087338], [85.1115838, 20.4083541], [85.1134818, 20.4078778], [85.114629, 20.4073032], [85.1161099, 20.4060636], [85.1177325, 20.4045953], [85.1188885, 20.4032891], [85.119935, 20.4019183], [85.1211199, 20.4001969], [85.1225379, 20.3986044], [85.1234713, 20.3976885], [85.123585, 20.397577], [85.1251409, 20.3964692], [85.1271994, 20.3953802], [85.1289931, 20.3943922], [85.1305192, 20.39337], [85.1315938, 20.3926308], [85.1321419, 20.3922538], [85.1333941, 20.3912962], [85.134707, 20.3896707], [85.135655, 20.3884931], [85.1365332, 20.3875676], [85.1371006, 20.3871708], [85.1371756, 20.3871184], [85.1380533, 20.3870284], [85.1398472, 20.3872146], [85.1416063, 20.3875044], [85.1430238, 20.3875374], [85.1443452, 20.3871857], [85.1457059, 20.3866931], [85.1459327, 20.386611], [85.1477553, 20.385587], [85.1511041, 20.3835181], [85.1535412, 20.381813], [85.1545189, 20.3811289], [85.1560033, 20.3799478], [85.157316, 20.3791216], [85.158434, 20.3785463], [85.1599199, 20.3784491], [85.1614568, 20.3787164], [85.1623241, 20.3788672], [85.1644494, 20.3793775], [85.165904, 20.3795012], [85.1685353, 20.3793437], [85.1700268, 20.3791786], [85.1714732, 20.3791803], [85.1733394, 20.3789289], [85.1760747, 20.3784787], [85.1781674, 20.378094], [85.1798951, 20.3778095], [85.1815512, 20.3774881], [85.1822749, 20.3773673], [85.1840466, 20.3770715], [85.1852651, 20.3769125], [85.1872571, 20.3773623], [85.1890189, 20.3778369], [85.1911498, 20.3791099], [85.1928393, 20.3800353], [85.1944916, 20.3808697], [85.1954047, 20.3810238], [85.1966565, 20.3808651], [85.1998301, 20.379814], [85.2021313, 20.3792053], [85.2036209, 20.3787917], [85.2064534, 20.3773891], [85.2095281, 20.3753432], [85.2107441, 20.3745472], [85.2117942, 20.374454], [85.2129101, 20.3744519], [85.2148653, 20.3739435], [85.2172003, 20.3733034], [85.218823, 20.3731274], [85.2189516, 20.3731134], [85.2189538, 20.3731397], [85.2193959, 20.3754865], [85.2198148, 20.378519], [85.2207492, 20.3810482], [85.2208069, 20.3812044], [85.2220965, 20.3841842], [85.2234084, 20.3859841], [85.224469, 20.3873605], [85.2245217, 20.3873856], [85.2247503, 20.3874926], [85.2245018, 20.3876122], [85.2245137, 20.3876177], [85.2245401, 20.3876301], [85.2253792, 20.3880223], [85.22631, 20.3883733], [85.2265923, 20.3884801], [85.227813, 20.3888235], [85.2286065, 20.389451], [85.2289117, 20.3901377], [85.2291557, 20.3908243], [85.2286675, 20.3912267], [85.227691, 20.3913412], [85.2273781, 20.3913888], [85.2265388, 20.3915148], [85.2254402, 20.3917435], [85.2243491, 20.3924893], [85.2234336, 20.3935213], [85.2226478, 20.394494], [85.2219764, 20.3952969], [85.2214347, 20.3961571], [85.2211294, 20.3971299], [85.2208244, 20.397931], [85.2204657, 20.3992489], [85.2199774, 20.4007385], [85.2194966, 20.4029721], [85.2198018, 20.4050893], [85.2202902, 20.4066361], [85.2207173, 20.4074926], [85.2217549, 20.4088086], [85.2224186, 20.4100674], [85.2229526, 20.4109716], [85.2233341, 20.4116124], [85.2243107, 20.4133291], [85.2244098, 20.4135961], [85.224677, 20.4143018], [85.2252262, 20.4153317], [85.2252338, 20.4163618], [85.2250125, 20.4177274], [85.2249897, 20.4178513], [85.2248675, 20.419053], [85.2245013, 20.4201993], [85.2242801, 20.4210539], [85.2242037, 20.4213438], [85.2239596, 20.4225473], [85.2234713, 20.4238653], [85.2231738, 20.4247235], [85.2228074, 20.4259271], [85.2226244, 20.4270715], [85.2225099, 20.4277295], [85.2224412, 20.4281587], [85.2223573, 20.4285611], [85.2221436, 20.4296482], [85.2217774, 20.4305658], [85.2215332, 20.4314241], [85.2211747, 20.4322271], [85.2206254, 20.4331998], [85.2194733, 20.4344625], [85.2184967, 20.4351509], [85.2177032, 20.4360111], [85.2168564, 20.4366405], [85.2160628, 20.4373291], [85.2159027, 20.4375275], [85.215094, 20.4385326], [85.2144225, 20.4393927], [85.2134535, 20.4404838], [85.2127211, 20.4416301], [85.2117522, 20.4427193], [85.2110807, 20.4439227], [85.2106992, 20.4447715], [85.2104093, 20.4454124], [85.2099896, 20.446616], [85.2096311, 20.4476421], [85.2091352, 20.4481055], [85.2085324, 20.4486205], [85.207861, 20.4490821], [85.2070065, 20.449885], [85.2058544, 20.4509742], [85.2052365, 20.4517486], [85.2051221, 20.4518916], [85.2043362, 20.453324], [85.2037258, 20.4550424], [85.2034281, 20.4564177], [85.2033366, 20.4569956], [85.2032451, 20.457564], [85.203123, 20.4596832], [85.203367, 20.4613997], [85.2035501, 20.4629465], [85.2037408, 20.4642054], [85.204107, 20.4654662], [85.2044122, 20.466439], [85.2046868, 20.467343], [85.2047784, 20.4676407], [85.2050835, 20.4688422], [85.2053201, 20.4696758], [85.2056557, 20.4695231], [85.2062662, 20.4691645], [85.2060983, 20.4701773], [85.2060525, 20.4705932], [85.206617, 20.4717338], [85.2074792, 20.4728573], [85.2086007, 20.4732024], [85.2087304, 20.4732025], [85.2090356, 20.4732026], [85.2101571, 20.4732026], [85.2108514, 20.4728573], [85.2117134, 20.4728574], [85.2121483, 20.4733761], [85.2130105, 20.4739808], [85.2139642, 20.4742401], [85.2150856, 20.474759], [85.2159478, 20.4757088], [85.2166422, 20.4760542], [85.2175043, 20.47614], [85.2181984, 20.4757947], [85.2192361, 20.4754494], [85.2194039, 20.47519], [85.2214791, 20.4754495], [85.2233789, 20.4757947], [85.2258051, 20.4756231], [85.2271021, 20.4749308], [85.228048, 20.4745856], [85.2286509, 20.4748449], [85.2293452, 20.4759684], [85.229864, 20.4764872], [85.2304666, 20.4765732], [85.2309015, 20.4766589], [85.2316798, 20.4763136], [85.2328012, 20.4761401], [85.2341823, 20.4773512], [85.2359979, 20.4790794], [85.237211, 20.4800293], [85.2384165, 20.4802886], [85.2387674, 20.4802028], [85.2386759, 20.4797699], [85.2381572, 20.4789059], [85.2382487, 20.4778702], [85.2381572, 20.4756233], [85.2381572, 20.4717342], [85.2383327, 20.4699184], [85.2389354, 20.4687091], [85.2391262, 20.4682228], [85.2408886, 20.4693959], [85.2419109, 20.469907], [85.2426434, 20.4699071], [85.2439633, 20.4693215], [85.2457944, 20.4685892], [85.2470379, 20.4682973], [85.2478389, 20.4682973], [85.2488995, 20.4682612], [85.2496778, 20.4684023], [85.250639, 20.4685091], [85.2515546, 20.4684728], [85.2526914, 20.4684728], [85.2538969, 20.4682611], [85.2551023, 20.4681887], [85.2561704, 20.4681182], [85.2570172, 20.4680114], [85.2576277, 20.4684024], [85.2581541, 20.468864], [85.25894, 20.4693961], [85.2599317, 20.4699626], [85.2608854, 20.4703174], [85.2618085, 20.4704605], [85.2625181, 20.4703879], [85.2633345, 20.4703174], [85.2640058, 20.4701763], [85.2649291, 20.4698921], [85.2652875, 20.4697509], [85.2657835, 20.4694668], [85.2663177, 20.4692533], [85.2676604, 20.4686867], [85.2682631, 20.4686867], [85.2687667, 20.4685093], [85.2681563, 20.4697148], [85.2680875, 20.4700333], [85.2676909, 20.4711358], [85.2676298, 20.471418], [85.2675229, 20.4725891], [85.2681562, 20.4734398], [85.2683927, 20.4737907], [85.2686902, 20.47422], [85.268698, 20.4742544], [85.2688658, 20.4748589], [85.2689801, 20.4755875], [85.2694379, 20.4761712], [85.2694379, 20.4771992], [85.268942, 20.4785477], [85.2690488, 20.4790094], [85.2692242, 20.4799305], [85.2689724, 20.4807831], [85.2690793, 20.4813497], [85.2691861, 20.4818112], [85.2695752, 20.4826275], [85.2697582, 20.4829824], [85.2701091, 20.483833], [85.270276, 20.4848204], [85.2703608, 20.4853226], [85.2703663, 20.4853578], [85.2706689, 20.4872973], [85.2707043, 20.4875237], [85.2706736, 20.4875572], [85.2706731, 20.4888957], [85.2703903, 20.4903842], [85.2701081, 20.4911306], [85.2697876, 20.4927272], [85.2696818, 20.4937188], [85.2696132, 20.4947121], [85.2696436, 20.4952101], [85.2695364, 20.4963792], [85.2697879, 20.4973725], [85.27004, 20.4991102], [85.2703225, 20.5007064], [85.2692844, 20.5021807], [85.2686054, 20.5046088], [85.2683007, 20.5058224], [85.2682247, 20.5082496], [85.2685294, 20.5112074], [85.2694376, 20.5134072], [85.269948, 20.5164741], [85.2699161, 20.5169579], [85.2689937, 20.517135], [85.2678456, 20.5173539], [85.2671241, 20.5175634], [85.266182, 20.5177753], [85.2656602, 20.5179039], [85.2655476, 20.5179316], [85.2639843, 20.5183767], [85.2633104, 20.5186229], [85.2624191, 20.519007], [85.2613787, 20.5194345], [85.2610224, 20.51958], [85.2606613, 20.5197209], [85.2602403, 20.5196738], [85.2598186, 20.5196267], [85.2589807, 20.5195324], [85.2571903, 20.5193022], [85.2558204, 20.5191799], [85.2552987, 20.5191161], [85.2550402, 20.5190864], [85.2547816, 20.5190567], [85.2535724, 20.5187238], [85.2535253, 20.5187199], [85.252902, 20.5186675], [85.2522361, 20.5186155], [85.251757, 20.5185971], [85.2512729, 20.5185742], [85.2499949, 20.5196723], [85.2496607, 20.5199625], [85.2492969, 20.5202736], [85.2489298, 20.5205875], [85.2480222, 20.521143], [85.2479595, 20.5211693], [85.2478727, 20.5212136], [85.2478688, 20.5211368], [85.2471452, 20.5219515], [85.2458456, 20.5224035], [85.2435837, 20.523582], [85.2412887, 20.5251394], [85.2383382, 20.5278149], [85.2353665, 20.5306843], [85.2324454, 20.5328766], [85.2304654, 20.5349475], [85.2286891, 20.5366629], [85.2270036, 20.5382904], [85.2261277, 20.5389723], [85.2245071, 20.5402339], [85.2239363, 20.540753], [85.2233277, 20.5413065], [85.2233134, 20.5413194], [85.2227143, 20.5418642], [85.2203357, 20.5435515], [85.2181527, 20.5447115], [85.2114054, 20.5482966], [85.2114083, 20.5483444], [85.211474, 20.5494128], [85.2118837, 20.5516977], [85.2121532, 20.5532633], [85.2121521, 20.5537691], [85.2102475, 20.5554929], [85.2089291, 20.5567031], [85.2061949, 20.5588381], [85.2036469, 20.5606227], [85.2014829, 20.5623752], [85.1994226, 20.5642778], [85.1971602, 20.5666299], [85.1968942, 20.5672323], [85.1970483, 20.5675862], [85.1972052, 20.5677669], [85.197337, 20.5679189], [85.1980884, 20.5684596], [85.2011959, 20.5704927], [85.2059834, 20.5736587], [85.207817, 20.575159], [85.2078881, 20.5760585], [85.2072474, 20.5767023], [85.2062087, 20.5773554], [85.201764, 20.5797255], [85.2005768, 20.579948], [85.1990133, 20.5799498], [85.197296, 20.5803881], [85.1955667, 20.581445], [85.1949822, 20.5817956], [85.1947176, 20.5822761], [85.1940338, 20.5829148], [85.1935268, 20.5832076], [85.1909289, 20.5863283], [85.1893384, 20.588615], [85.187403, 20.590871], [85.1865446, 20.5916659], [85.1856815, 20.5924608], [85.1851448, 20.5928325], [85.184429, 20.5933282], [85.1828639, 20.5934519], [85.1810355, 20.5975876], [85.1791139, 20.6002636], [85.1786752, 20.6008506], [85.1783073, 20.6011404], [85.1763817, 20.6017252], [85.1752703, 20.6019083], [85.1739595, 20.6021242], [85.1715372, 20.6025277], [85.1699354, 20.6025061], [85.1679772, 20.6034067], [85.1674826, 20.6036325], [85.1660143, 20.6043028], [85.1641757, 20.6052362], [85.1632247, 20.6057335], [85.161569, 20.6065994], [85.160806, 20.6070341], [85.1587023, 20.6088542], [85.157744, 20.6099685], [85.1566921, 20.6108922], [85.1558181, 20.6113661], [85.1549806, 20.611601], [85.1542519, 20.6115707], [85.1535259, 20.6113145], [85.152764, 20.6108548], [85.1512433, 20.6096688], [85.150305, 20.6091213], [85.1495485, 20.6090048], [85.1484876, 20.6090702], [85.1469823, 20.6093882], [85.1454724, 20.6097018], [85.1444873, 20.6102467], [85.1435335, 20.6109816], [85.1420301, 20.6123294], [85.1419068, 20.612379], [85.1416251, 20.6124922], [85.1413866, 20.6123902], [85.1406853, 20.6121416], [85.1387453, 20.6114539], [85.1378644, 20.6113181], [85.1366262, 20.611368], [85.1356181, 20.6114384], [85.1342971, 20.6119796], [85.1325648, 20.6136093], [85.1313722, 20.6142468], [85.1289485, 20.6155349], [85.1282908, 20.6158369], [85.1278535, 20.6160377], [85.1275307, 20.616114], [85.1271222, 20.6162105], [85.1270067, 20.6162453], [85.1263011, 20.6162783], [85.124998, 20.6157539], [85.1229961, 20.6135328], [85.1222507, 20.6129014], [85.1200433, 20.611361], [85.1191212, 20.6107176], [85.1178127, 20.6102518], [85.1171165, 20.6103165], [85.1165186, 20.6105674], [85.1159159, 20.6108136], [85.1144751, 20.6117419], [85.1139467, 20.6118084], [85.1123618, 20.6115742], [85.1103006, 20.6118544], [85.1094983, 20.612093], [85.1092318, 20.6121724], [85.1060998, 20.6140936], [85.1034961, 20.616716], [85.1028241, 20.6171467], [85.1023297, 20.6171774], [85.1008203, 20.6170433], [85.0998317, 20.6170776]]]}}, {"type": "Feature", "properties": {"OBJECTID": 398, "state": "ODISHA", "district": "Khordha", "stcode11": "21", "dtcode11": "386", "blkcode11": "0171", "block_name": "CHILIKA", "code2011": "213860171", "block_lgd": 3462, "block_ver": 1, "dist_lgd": 362, "b_pan_code": 3825, "state_lgd": 21, "shape_Length": 99048.61189965863, "shape_Area": 129923115.1628425}, "geometry": {"type": "Polygon", "coordinates": [[[85.301224, 19.8417239], [85.2985319, 19.8449009], [85.2984318, 19.8429691], [85.2982751, 19.8413991], [85.2977427, 19.840645], [85.2961797, 19.8408195], [85.2935421, 19.8408242], [85.2925495, 19.8395515], [85.2919, 19.8390097], [85.2895716, 19.8373086], [85.2879147, 19.8359109], [85.2856438, 19.8348618], [85.283153, 19.8330179], [85.2817913, 19.8319365], [85.2835449, 19.8319478], [85.2863043, 19.8318497], [85.287433, 19.8318096], [85.2885609, 19.8301642], [85.2895218, 19.8290598], [85.2893954, 19.8274589], [85.2909647, 19.8267376], [85.2919976, 19.8263705], [85.2929989, 19.825889], [85.2936388, 19.8250282], [85.2939448, 19.8240361], [85.293751, 19.8223188], [85.2934385, 19.8184057], [85.2935838, 19.8165276], [85.2937929, 19.814677], [85.2931676, 19.813956], [85.2923225, 19.8140158], [85.2915269, 19.8137469], [85.2910926, 19.8138812], [85.2904135, 19.8141729], [85.2892654, 19.814511], [85.2884346, 19.8150624], [85.2879488, 19.8162687], [85.2866266, 19.8169697], [85.2854204, 19.8174288], [85.2841318, 19.818188], [85.2829206, 19.8193213], [85.2829806, 19.8208354], [85.2834144, 19.8222767], [85.2831534, 19.822821], [85.2818927, 19.8234901], [85.2809301, 19.823762], [85.2784669, 19.8238115], [85.2767761, 19.8239309], [85.2734306, 19.8242874], [85.2727652, 19.8241325], [85.2709422, 19.8217], [85.2705613, 19.8215945], [85.2698716, 19.821619], [85.268334, 19.8216436], [85.2678509, 19.8213337], [85.2665705, 19.8215632], [85.2667436, 19.8219734], [85.2672422, 19.8226691], [85.2675643, 19.8236685], [85.2677911, 19.8246415], [85.2684025, 19.8258091], [85.2685457, 19.8270526], [85.2686108, 19.8286722], [85.2689901, 19.8303237], [85.2695795, 19.8317298], [85.2696264, 19.8328418], [85.2693347, 19.8326871], [85.2682211, 19.833113], [85.2665106, 19.8335303], [85.2642204, 19.8335815], [85.2619257, 19.8335141], [85.2591617, 19.8334928], [85.2583151, 19.8335227], [85.2583139, 19.8326931], [85.2583834, 19.8320663], [85.2577316, 19.8320941], [85.2572939, 19.8321393], [85.257122, 19.8325616], [85.2567529, 19.832753], [85.2560258, 19.83263], [85.2553136, 19.8320384], [85.2548618, 19.8317274], [85.2535982, 19.8315342], [85.253115, 19.8312242], [85.252728, 19.8301676], [85.2517824, 19.8292794], [85.2506628, 19.8287541], [85.2495941, 19.8279297], [85.2489733, 19.8277206], [85.249484, 19.8271377], [85.2508933, 19.825453], [85.2526736, 19.8231169], [85.2532082, 19.8214823], [85.2539195, 19.8195516], [85.2547188, 19.816519], [85.2540745, 19.8157132], [85.2526762, 19.8146441], [85.2521209, 19.8138766], [85.2518552, 19.8126846], [85.2518321, 19.8109869], [85.2509271, 19.8091132], [85.2511254, 19.8075041], [85.2489796, 19.806337], [85.247981, 19.8054194], [85.2466799, 19.8045953], [85.2456282, 19.8045496], [85.2437726, 19.8051948], [85.2417992, 19.8056361], [85.2411325, 19.8053696], [85.2395723, 19.8035191], [85.2379509, 19.8023332], [85.2366968, 19.8015903], [85.2315793, 19.8016046], [85.2293918, 19.8015986], [85.2292345, 19.8002124], [85.228631, 19.7976625], [85.2278353, 19.7946839], [85.2275047, 19.792394], [85.2273867, 19.7904824], [85.2273533, 19.7885138], [85.2276357, 19.7862231], [85.2277294, 19.785266], [85.2286032, 19.7852145], [85.2289391, 19.7848502], [85.2285497, 19.7799414], [85.2283787, 19.7789314], [85.2277117, 19.7785913], [85.2270178, 19.778201], [85.2263175, 19.7782049], [85.2260317, 19.7787333], [85.2255726, 19.7798691], [85.224921, 19.7805555], [85.2236027, 19.7809956], [85.2236999, 19.7828694], [85.2244029, 19.7857269], [85.2250248, 19.7870734], [85.2253989, 19.7882591], [85.2256686, 19.7895559], [85.2260001, 19.7918783], [85.2265056, 19.7941621], [85.2266459, 19.7960648], [85.2273978, 19.7996143], [85.227824, 19.8009886], [85.2278175, 19.8016125], [85.2233747, 19.8021], [85.2183524, 19.8023176], [85.2170484, 19.802529], [85.2140866, 19.8030298], [85.2127847, 19.8011919], [85.2102665, 19.797802], [85.2085009, 19.795056], [85.2080086, 19.7945084], [85.2082768, 19.793555], [85.208667, 19.7928986], [85.2089057, 19.7918404], [85.2094564, 19.7908051], [85.2103374, 19.7903803], [85.2107601, 19.7899924], [85.2113221, 19.7898068], [85.2113423, 19.7903244], [85.2118734, 19.7904718], [85.212569, 19.7897838], [85.2132047, 19.7886833], [85.2131981, 19.7879579], [85.2124994, 19.7868834], [85.2119222, 19.7866756], [85.2116014, 19.7868734], [85.2115059, 19.7872293], [85.2111213, 19.7874708], [85.2108305, 19.787315], [85.2107189, 19.786697], [85.2106314, 19.7861403], [85.2108751, 19.7856548], [85.2115893, 19.7854431], [85.2120703, 19.7843067], [85.2124274, 19.7839211], [85.2128015, 19.7839701], [85.213212, 19.7843911], [85.2140679, 19.784444], [85.2144833, 19.7844295], [85.215098, 19.78503], [85.2155942, 19.7854065], [85.2161643, 19.785428], [85.2168987, 19.7851741], [85.2174574, 19.7843461], [85.2179925, 19.7829173], [85.2176696, 19.7824932], [85.2174694, 19.7818575], [85.2178088, 19.781576], [85.2183998, 19.781576], [85.2190225, 19.7818237], [85.219854, 19.7818153], [85.2206184, 19.7817677], [85.2210287, 19.7806713], [85.2201389, 19.7803087], [85.2193332, 19.7798599], [85.2189177, 19.778755], [85.219006, 19.777653], [85.2194755, 19.7773462], [85.2211678, 19.7775148], [85.2217685, 19.7772035], [85.2220997, 19.7761553], [85.2221506, 19.7752203], [85.2218962, 19.7747735], [85.2208704, 19.774851], [85.2188423, 19.7750465], [85.2170189, 19.7748824], [85.2147729, 19.7745465], [85.2134094, 19.7738271], [85.2121201, 19.7746605], [85.2103656, 19.7751367], [85.2091194, 19.7757401], [85.2090138, 19.775094], [85.2093827, 19.7744643], [85.2100936, 19.77361], [85.2119657, 19.7722175], [85.2118765, 19.7710595], [85.2122684, 19.7698846], [85.2120013, 19.76865], [85.2119852, 19.7671162], [85.2107172, 19.766041], [85.2095548, 19.7642987], [85.2084022, 19.7627995], [85.2072203, 19.7605602], [85.2062893, 19.760261], [85.2043543, 19.761158], [85.2037423, 19.7611794], [85.2034007, 19.7602791], [85.2026835, 19.759848], [85.2018657, 19.7602084], [85.2014172, 19.7610534], [85.2004571, 19.7611285], [85.2000281, 19.7602312], [85.1996855, 19.7570191], [85.1995562, 19.7559454], [85.1991121, 19.7547538], [85.1987957, 19.7533756], [85.1989643, 19.7520844], [85.1985115, 19.751133], [85.1981458, 19.7496115], [85.1963057, 19.750132], [85.194774, 19.7507038], [85.1931249, 19.7515961], [85.1929097, 19.7511266], [85.1924241, 19.7504594], [85.1906543, 19.7511017], [85.188897, 19.751785], [85.1865583, 19.7518665], [85.1862095, 19.7513397], [85.1857869, 19.7511677], [85.1846389, 19.7514773], [85.1835703, 19.7515767], [85.1828658, 19.7508806], [85.1825892, 19.7499572], [85.1815155, 19.7486598], [85.1811991, 19.7484013], [85.1796149, 19.7486622], [85.1779189, 19.7489494], [85.1773871, 19.7487812], [85.175378, 19.7483328], [85.173428, 19.7482762], [85.1734935, 19.7477688], [85.1737333, 19.7471799], [85.1746807, 19.7462139], [85.1752455, 19.7449929], [85.1739931, 19.7447883], [85.1723006, 19.7445984], [85.1708209, 19.7442559], [85.1704681, 19.7436255], [85.170419, 19.7429221], [85.1703586, 19.742389], [85.1686688, 19.7411417], [85.1668299, 19.7405628], [85.1645579, 19.7401027], [85.1635494, 19.7400546], [85.1632305, 19.7397341], [85.1633222, 19.739305], [85.1633507, 19.7389102], [85.1617895, 19.7387156], [85.160155, 19.7388967], [85.1588317, 19.7386315], [85.158237, 19.737968], [85.1580433, 19.7369174], [85.1576583, 19.7360184], [85.1582663, 19.7358937], [85.1591015, 19.7359891], [85.1603886, 19.7365628], [85.1612465, 19.7372381], [85.1636506, 19.7365948], [85.1649726, 19.7362586], [85.1650159, 19.7355145], [85.1646454, 19.7349884], [85.1640781, 19.7344691], [85.1632516, 19.7346013], [85.1632104, 19.734665], [85.1621637, 19.7347635], [85.1618247, 19.734485], [85.1617204, 19.7340532], [85.1607898, 19.7337538], [85.159218, 19.7332901], [85.1575654, 19.7329949], [85.1559629, 19.7328638], [85.1532793, 19.732195], [85.1513516, 19.7315775], [85.1492207, 19.7313611], [85.1474936, 19.7308404], [85.145026, 19.7304074], [85.1435974, 19.7299555], [85.1438067, 19.7294982], [85.1438276, 19.7294397], [85.1439694, 19.7290439], [85.1441437, 19.7284087], [85.1442853, 19.7277009], [85.1442982, 19.7270012], [85.1442767, 19.7268302], [85.1442152, 19.7263406], [85.1441072, 19.7258901], [85.1440741, 19.7257521], [85.1440637, 19.7257295], [85.1438322, 19.7252255], [85.143619, 19.7246813], [85.1434116, 19.7240605], [85.1432187, 19.7234169], [85.1432109, 19.7233829], [85.143128, 19.7230186], [85.1431183, 19.7228976], [85.1430947, 19.722603], [85.1432395, 19.7220425], [85.1432693, 19.7219272], [85.1436023, 19.7211856], [85.1444718, 19.720228], [85.1452222, 19.7196712], [85.1458718, 19.7191856], [85.1465191, 19.7184741], [85.1470955, 19.7177122], [85.1476483, 19.7169185], [85.1483166, 19.7160447], [85.1488025, 19.7152638], [85.1491007, 19.714639], [85.1494704, 19.714006], [85.1499408, 19.7133425], [85.1505453, 19.712608], [85.1514561, 19.7117817], [85.1518481, 19.7114151], [85.1529748, 19.7103612], [85.1541263, 19.7093476], [85.1548585, 19.7087138], [85.1558988, 19.7078258], [85.1567093, 19.7070255], [85.1573991, 19.7063506], [85.1582585, 19.7054245], [85.1588392, 19.7046943], [85.159386, 19.7040043], [85.1600683, 19.7031441], [85.1604532, 19.7024299], [85.1606468, 19.7017634], [85.1606951, 19.7012897], [85.1606623, 19.7010831], [85.160575, 19.7005338], [85.160471, 19.6996204], [85.1605006, 19.6986997], [85.1605549, 19.6981221], [85.16066, 19.6977667], [85.1606788, 19.6977031], [85.1609106, 19.697046], [85.1609168, 19.6970342], [85.1613054, 19.6962959], [85.1617607, 19.6956817], [85.1623378, 19.6952541], [85.1629179, 19.6949845], [85.163625, 19.6948743], [85.1644104, 19.6945752], [85.1650906, 19.6943157], [85.165892, 19.6938767], [85.1665443, 19.6935492], [85.1673956, 19.6929255], [85.1680791, 19.6923589], [85.1687157, 19.691724], [85.1693286, 19.6910935], [85.1697125, 19.6904605], [85.1701164, 19.6897509], [85.170306, 19.6890212], [85.1704819, 19.6882235], [85.1705903, 19.6874884], [85.1706778, 19.6869248], [85.1708035, 19.6863569], [85.1710632, 19.6857452], [85.1714123, 19.6852339], [85.1717759, 19.6847047], [85.1724551, 19.6841064], [85.1731419, 19.6836752], [85.174845, 19.6827711], [85.1762406, 19.6820716], [85.1770737, 19.6816363], [85.1773774, 19.6814777], [85.1784422, 19.6809329], [85.1796944, 19.680259], [85.1806176, 19.6795773], [85.1815791, 19.678878], [85.1820404, 19.6785603], [85.1823289, 19.6783617], [85.1825691, 19.6781969], [85.1827186, 19.6780495], [85.1827491, 19.677878], [85.1827488, 19.6774808], [85.1826969, 19.6765903], [85.1826581, 19.6758085], [85.1825859, 19.6745928], [85.1825022, 19.6735666], [85.1824637, 19.6727532], [85.1824693, 19.6726676], [85.1824981, 19.6722342], [85.1837172, 19.6723729], [85.1846982, 19.6724732], [85.1854839, 19.6725805], [85.1866027, 19.6727318], [85.1878313, 19.6728797], [85.1895832, 19.6731232], [85.1907543, 19.6732931], [85.1920638, 19.6734418], [85.1934106, 19.6736902], [85.1949617, 19.6739858], [85.1959421, 19.6741492], [85.1963606, 19.6742483], [85.1967791, 19.6743473], [85.1976189, 19.6747171], [85.1986487, 19.675161], [85.2009413, 19.67611], [85.2019185, 19.6765579], [85.2030624, 19.6770391], [85.2045098, 19.6776633], [85.2064037, 19.6784411], [85.20719, 19.6789186], [85.2078762, 19.6793862], [85.2082705, 19.6799457], [85.2087481, 19.6807409], [85.2094822, 19.6820445], [85.2102116, 19.6829191], [85.2111582, 19.6839809], [85.2121519, 19.6851155], [85.2126407, 19.6861863], [85.2126922, 19.6867018], [85.2125857, 19.6872834], [85.2124703, 19.6877926], [85.212314, 19.6881208], [85.2119584, 19.6888038], [85.2116358, 19.6895141], [85.211455, 19.6898964], [85.2114175, 19.6901247], [85.2114039, 19.6902075], [85.211405, 19.6905419], [85.2113996, 19.6910205], [85.2113157, 19.6925691], [85.2112853, 19.6935805], [85.2111974, 19.6946276], [85.2112149, 19.6960549], [85.2111835, 19.6963074], [85.2111109, 19.6964061], [85.2105748, 19.6965724], [85.2099286, 19.6968009], [85.207128, 19.6977667], [85.2049917, 19.6985944], [85.2032613, 19.6993856], [85.2018585, 19.7000434], [85.201564, 19.7001815], [85.2005509, 19.7007947], [85.1999394, 19.7013125], [85.1994116, 19.702039], [85.1990216, 19.7027805], [85.1985867, 19.7037245], [85.198485, 19.7042538], [85.1983891, 19.7047526], [85.1983138, 19.7051942], [85.1982514, 19.7055596], [85.1982579, 19.705683], [85.1982867, 19.7062282], [85.1983345, 19.7066103], [85.1983744, 19.7069296], [85.1984435, 19.7075625], [85.198573, 19.7081684], [85.1986022, 19.7083048], [85.1988521, 19.7089802], [85.1991993, 19.7099233], [85.1995854, 19.7107854], [85.2000596, 19.7114633], [85.2007322, 19.7124661], [85.2009227, 19.7127501], [85.2016215, 19.7142521], [85.2019731, 19.7152131], [85.2020471, 19.7155273], [85.2022236, 19.7162772], [85.2023088, 19.7171905], [85.2024239, 19.7178029], [85.2024618, 19.7180049], [85.2027144, 19.7188792], [85.2030642, 19.7195919], [85.2035142, 19.720292], [85.2039016, 19.720621], [85.2044076, 19.7210146], [85.2051562, 19.7214602], [85.205701, 19.7217864], [85.2063456, 19.7221542], [85.2072034, 19.7226687], [85.2078128, 19.7231852], [85.2083417, 19.7236646], [85.209034, 19.724462], [85.2097192, 19.725458], [85.2104648, 19.7266127], [85.2116571, 19.7287611], [85.2123582, 19.7300643], [85.2129304, 19.7313754], [85.21351, 19.7324381], [85.2141386, 19.7338129], [85.2147685, 19.7350884], [85.2154532, 19.7361478], [85.2164732, 19.7375084], [85.2172951, 19.7386683], [85.217842, 19.7392475], [85.2186017, 19.7399958], [85.2195235, 19.7407546], [85.2205595, 19.7415328], [85.2211704, 19.7419363], [85.2217825, 19.7422451], [85.2228183, 19.7426032], [85.2238018, 19.7429832], [85.224724, 19.7432635], [85.2256379, 19.7434441], [85.2265478, 19.7435616], [85.2280832, 19.7436264], [85.2297006, 19.7436519], [85.2342741, 19.7437237], [85.2352044, 19.7437238], [85.2425834, 19.743801], [85.2442626, 19.7438039], [85.246013, 19.74383], [85.2487749, 19.7438525], [85.2491088, 19.7438558], [85.2498335, 19.7438945], [85.2499982, 19.7445327], [85.2502504, 19.7454801], [85.2511531, 19.7488714], [85.251057, 19.7493806], [85.2509607, 19.74989], [85.2509405, 19.7499984], [85.250947, 19.750712], [85.2509583, 19.7514258], [85.2509879, 19.7516894], [85.2510061, 19.7518511], [85.2510982, 19.7525972], [85.2511337, 19.7530029], [85.2512127, 19.753908], [85.251303, 19.7548258], [85.251306, 19.7548848], [85.2513069, 19.7549029], [85.2514393, 19.7558843], [85.2515674, 19.7577013], [85.2516432, 19.7581778], [85.2517192, 19.7586559], [85.251844, 19.7603374], [85.2518805, 19.7606246], [85.2519318, 19.7610291], [85.2519555, 19.7613673], [85.2519896, 19.7618564], [85.2521277, 19.7635174], [85.2521794, 19.764139], [85.2522487, 19.7647579], [85.2522969, 19.7651884], [85.2523631, 19.7661059], [85.2524417, 19.7670124], [85.2524862, 19.7675252], [85.2535636, 19.7680397], [85.2544178, 19.7684476], [85.2571062, 19.7695759], [85.259543, 19.7705709], [85.2606403, 19.7705815], [85.2612944, 19.7705471], [85.262423, 19.7707478], [85.263732, 19.7709261], [85.2648528, 19.7710786], [85.2658901, 19.771337], [85.2666797, 19.7715571], [85.2678769, 19.7720384], [85.2683606, 19.7723051], [85.2702203, 19.7732987], [85.2708405, 19.7736776], [85.2711068, 19.7738402], [85.2734689, 19.7751413], [85.2754197, 19.7760997], [85.2787229, 19.7777575], [85.2805626, 19.7788413], [85.2817937, 19.7795064], [85.2840353, 19.7807175], [85.2858106, 19.7815837], [85.2862146, 19.7817411], [85.2880125, 19.7818261], [85.2891393, 19.7817601], [85.2905974, 19.7815075], [85.2917323, 19.7815772], [85.2922376, 19.7816271], [85.292651, 19.7817846], [85.2930418, 19.7818425], [85.2955566, 19.781826], [85.2968017, 19.7818513], [85.2974028, 19.781958], [85.2974209, 19.7819612], [85.2987277, 19.7820142], [85.2999886, 19.7819042], [85.3020014, 19.7819911], [85.303591, 19.7819977], [85.3029539, 19.7835176], [85.3031823, 19.7834817], [85.3031389, 19.7836145], [85.3040309, 19.7834425], [85.3087189, 19.7825381], [85.3107026, 19.7822181], [85.31608, 19.7814768], [85.3155587, 19.7828103], [85.3172797, 19.7829712], [85.3197942, 19.783451], [85.3221503, 19.7840017], [85.325399, 19.7845471], [85.3277034, 19.7850655], [85.3286843, 19.7852553], [85.3293239, 19.7852343], [85.3307677, 19.7863498], [85.3327904, 19.7882343], [85.334336, 19.789667], [85.3363778, 19.791565], [85.3385019, 19.7933465], [85.340322, 19.7949986], [85.3425197, 19.7970697], [85.3433838, 19.7979583], [85.3433839, 19.7979595], [85.343468, 19.7995569], [85.3434092, 19.8010344], [85.343481, 19.8014732], [85.3435655, 19.8014114], [85.3435712, 19.8015195], [85.3405684, 19.8034501], [85.3387072, 19.804724], [85.3342893, 19.8074869], [85.3305621, 19.8097056], [85.329024, 19.8115076], [85.3284041, 19.8136261], [85.3283984, 19.8168343], [85.3279012, 19.819479], [85.3274139, 19.8198776], [85.3262798, 19.8200452], [85.3248122, 19.8202566], [85.3234191, 19.8206558], [85.3234724, 19.8236714], [85.322877, 19.8238833], [85.3226435, 19.8205566], [85.3218718, 19.8205524], [85.3224314, 19.8236451], [85.3219599, 19.8235984], [85.3212377, 19.8206385], [85.320739, 19.8207516], [85.321358, 19.8236517], [85.3208878, 19.8236367], [85.3204154, 19.8210491], [85.3200481, 19.8210941], [85.3204383, 19.8233034], [85.3203543, 19.8237194], [85.319848, 19.8236422], [85.3196734, 19.822632], [85.3193125, 19.8215971], [85.3186853, 19.8210159], [85.3180514, 19.8211021], [85.3174111, 19.8210298], [85.3166577, 19.8206437], [85.3160615, 19.8199979], [85.3155166, 19.8197951], [85.3150142, 19.819813], [85.3136558, 19.8202428], [85.3119636, 19.8207161], [85.3106105, 19.8212726], [85.3093367, 19.8221438], [85.3087077, 19.822357], [85.306649, 19.8220492], [85.3054866, 19.8223447], [85.3040283, 19.8236355], [85.3021868, 19.8254162], [85.3018537, 19.8263175], [85.3018996, 19.8283169], [85.3022246, 19.8348274], [85.3023647, 19.8383481], [85.302135, 19.8401668], [85.301224, 19.8417239]]]}}, {"type": "Feature", "properties": {"OBJECTID": 394, "state": "ODISHA", "district": "Khordha", "stcode11": "21", "dtcode11": "386", "blkcode11": "0170", "block_name": "BANAPUR", "code2011": "213860170", "block_lgd": 3458, "block_ver": 1, "dist_lgd": 362, "b_pan_code": 3821, "state_lgd": 21, "shape_Length": 135492.83922581648, "shape_Area": 556331497.56637}, "geometry": {"type": "Polygon", "coordinates": [[[85.1242958, 19.9329645], [85.1229842, 19.9336192], [85.1175088, 19.9322017], [85.1150396, 19.9322072], [85.1102209, 19.9321966], [85.109781, 19.9322213], [85.1075095, 19.9323488], [85.1067036, 19.932394], [85.102332, 19.9325235], [85.1006791, 19.9319237], [85.0980619, 19.930974], [85.0958447, 19.9294869], [85.0929927, 19.9291718], [85.0902849, 19.9263876], [85.0888306, 19.9254054], [85.0885982, 19.925272], [85.0865811, 19.9242251], [85.0841669, 19.923255], [85.0835507, 19.9230331], [85.0792409, 19.9214812], [85.0745312, 19.9215702], [85.0728505, 19.9207706], [85.0686721, 19.9187968], [85.0662149, 19.9178351], [85.0623883, 19.9167818], [85.0594935, 19.9160818], [85.0576044, 19.9151579], [85.0550018, 19.9135939], [85.0507883, 19.915702], [85.0500419, 19.9152109], [85.0486192, 19.9142746], [85.0486084, 19.9142675], [85.047913, 19.9138098], [85.0451037, 19.9119904], [85.0419028, 19.9105552], [85.0407727, 19.9100459], [85.0396426, 19.9095366], [85.0379872, 19.9086331], [85.033943, 19.907071], [85.0310618, 19.9049165], [85.0293545, 19.9036014], [85.0287292, 19.9031925], [85.0260668, 19.901108], [85.0238656, 19.9025249], [85.0207145, 19.9045533], [85.0198718, 19.9050944], [85.0190347, 19.9056319], [85.0171809, 19.9049609], [85.0141501, 19.9037122], [85.0118265, 19.9024398], [85.0069226, 19.900172], [85.0052388, 19.8996517], [85.0050724, 19.8995958], [85.0044297, 19.8998233], [85.0035124, 19.9001572], [85.0032497, 19.9002528], [85.0017408, 19.9007979], [85.0002185, 19.9013478], [84.9999933, 19.901413], [84.9981145, 19.901979], [84.9979131, 19.9020444], [84.9968201, 19.9020096], [84.9960876, 19.9019809], [84.995355, 19.9019523], [84.994814, 19.9020412], [84.9942736, 19.9021299], [84.9924273, 19.902398], [84.9909443, 19.9026252], [84.987505, 19.9031193], [84.9871548, 19.9031708], [84.9851085, 19.9034715], [84.9839995, 19.9035908], [84.9838559, 19.9036063], [84.9811149, 19.9039997], [84.9799908, 19.9041676], [84.9788873, 19.9042047], [84.9774925, 19.9042611], [84.9759304, 19.9043111], [84.9755824, 19.904271], [84.9749876, 19.9041062], [84.974012, 19.9038557], [84.9716471, 19.9032236], [84.9710094, 19.903056], [84.9703717, 19.9028884], [84.9700081, 19.9027901], [84.9682781, 19.9023225], [84.9670645, 19.9020196], [84.9655756, 19.9015872], [84.9646235, 19.901364], [84.9643334, 19.9012659], [84.9640561, 19.9013079], [84.9633134, 19.9015115], [84.9625805, 19.9016928], [84.9624036, 19.9017135], [84.9617001, 19.9014706], [84.9598988, 19.9008266], [84.9585537, 19.9003505], [84.9582259, 19.9002204], [84.9579532, 19.9002668], [84.9564207, 19.9006286], [84.9551141, 19.9008711], [84.9545583, 19.9009976], [84.9541133, 19.9010988], [84.9538214, 19.9011498], [84.9529725, 19.9010768], [84.9516568, 19.900917], [84.9506359, 19.9008511], [84.9486854, 19.9006705], [84.9478604, 19.9005934], [84.9461675, 19.9000679], [84.9459781, 19.9000133], [84.9457108, 19.8999363], [84.9454876, 19.8998434], [84.9443865, 19.8989636], [84.9431342, 19.8979646], [84.9428266, 19.8977577], [84.9422263, 19.8976514], [84.9411064, 19.897494], [84.9404199, 19.8974092], [84.9399186, 19.8974125], [84.9394917, 19.8955736], [84.938164, 19.8898544], [84.9372715, 19.8850479], [84.9368014, 19.8819038], [84.9357847, 19.8771005], [84.9357698, 19.8769372], [84.9357345, 19.8765488], [84.9357762, 19.8759169], [84.9359564, 19.8745282], [84.9365374, 19.8742685], [84.936488, 19.875144], [84.937295, 19.8751172], [84.9372282, 19.8736443], [84.9390787, 19.8726586], [84.9427359, 19.8707724], [84.9452783, 19.8694379], [84.9460288, 19.8708285], [84.947266, 19.8704001], [84.9474959, 19.8703054], [84.9489506, 19.869706], [84.9509107, 19.8689459], [84.9511334, 19.8688596], [84.9526682, 19.868281], [84.9517673, 19.8670427], [84.9509423, 19.8659084], [84.9531672, 19.8643756], [84.9544903, 19.86356], [84.958943, 19.8606394], [84.9592972, 19.8605757], [84.9610957, 19.8595395], [84.9627656, 19.8584657], [84.9640366, 19.8576267], [84.9657057, 19.8566206], [84.9692897, 19.854417], [84.9693975, 19.8542276], [84.9695681, 19.8539281], [84.9701252, 19.8525389], [84.9707362, 19.8510239], [84.9710614, 19.8502327], [84.9716932, 19.8485827], [84.9718413, 19.8481958], [84.9726384, 19.846326], [84.9738758, 19.8432194], [84.9749896, 19.8404545], [84.9758904, 19.8382924], [84.9762142, 19.8375871], [84.9769628, 19.8357665], [84.9777863, 19.8336758], [84.9787364, 19.8313878], [84.9792493, 19.8304543], [84.9805319, 19.8294118], [84.9802148, 19.8280759], [84.980247, 19.8277964], [84.9804599, 19.8271847], [84.9809836, 19.8257723], [84.9810635, 19.8254889], [84.981437, 19.8250098], [84.9819644, 19.8244467], [84.9825611, 19.824056], [84.9827676, 19.8235707], [84.9829182, 19.8229852], [84.9831199, 19.8217501], [84.9833742, 19.8212607], [84.9840023, 19.8202741], [84.9845907, 19.819784], [84.9853156, 19.8190651], [84.9858597, 19.8186737], [84.9863915, 19.8185126], [84.9870987, 19.8184303], [84.9874885, 19.8184102], [84.9880301, 19.8183822], [84.9884557, 19.8183011], [84.9892866, 19.8178814], [84.989629, 19.8175916], [84.9901972, 19.8164283], [84.9903801, 19.8159292], [84.9907188, 19.8155582], [84.9912231, 19.8152974], [84.9917309, 19.8151494], [84.9924284, 19.8150806], [84.9933339, 19.8151765], [84.994896, 19.8154199], [84.9957858, 19.8156332], [84.9967808, 19.8158204], [84.9972833, 19.816079], [84.997914, 19.8164022], [84.9984221, 19.8166021], [84.999278, 19.814182], [84.9994168, 19.8137633], [84.9992528, 19.8131471], [84.9989441, 19.8122632], [84.9989048, 19.8120352], [84.9987928, 19.8113852], [84.9988595, 19.8107645], [84.9988955, 19.8104292], [84.9992047, 19.809746], [84.9999964, 19.8090142], [85.0008255, 19.8083506], [85.0013752, 19.806992], [85.0014458, 19.8068175], [85.001511, 19.8067778], [85.0026724, 19.8060748], [85.0029989, 19.8058771], [85.0038998, 19.8055252], [85.0040442, 19.8054689], [85.0039409, 19.8049575], [85.0042367, 19.804577], [85.0067982, 19.8035081], [85.0101928, 19.8044989], [85.0127861, 19.8054717], [85.0144309, 19.8059687], [85.0161794, 19.806205], [85.0178815, 19.8063188], [85.0190495, 19.8064084], [85.0210388, 19.8068415], [85.0219291, 19.8070049], [85.0227227, 19.8068828], [85.0243327, 19.8063495], [85.0255583, 19.8060198], [85.0294798, 19.8049341], [85.0325793, 19.8058896], [85.0346405, 19.8062917], [85.0354834, 19.8064454], [85.0360884, 19.8065289], [85.0365437, 19.8065039], [85.0369097, 19.8064838], [85.0370588, 19.806476], [85.0379178, 19.8064309], [85.0379167, 19.8064305], [85.0391157, 19.8063677], [85.0432864, 19.8059753], [85.0450245, 19.805886], [85.046523, 19.8054778], [85.0478526, 19.8044536], [85.0495895, 19.8032802], [85.0501234, 19.8029337], [85.0510996, 19.8025623], [85.0519691, 19.8022313], [85.0541371, 19.8013111], [85.0550119, 19.8007966], [85.0560971, 19.8002303], [85.0571525, 19.8000427], [85.0601428, 19.7995111], [85.061016, 19.7995069], [85.0629429, 19.7984033], [85.0640016, 19.7977349], [85.0654673, 19.7968092], [85.0661389, 19.7965184], [85.067228, 19.7962275], [85.0675367, 19.7961451], [85.0682531, 19.7959204], [85.0703339, 19.7952675], [85.070907, 19.7950918], [85.0716414, 19.7948664], [85.0723131, 19.7945619], [85.0723229, 19.7933516], [85.0724018, 19.7933052], [85.0739568, 19.7923935], [85.0741787, 19.7922133], [85.0741929, 19.7922021], [85.0747254, 19.7915711], [85.0754639, 19.7903766], [85.0758543, 19.789745], [85.0767195, 19.7884174], [85.0776336, 19.7866025], [85.077726, 19.7855718], [85.0777493, 19.785312], [85.0777065, 19.7849988], [85.0776485, 19.7845748], [85.0775743, 19.7835985], [85.0777785, 19.7816856], [85.0777561, 19.780773], [85.0777662, 19.7803262], [85.0781211, 19.77977], [85.0804101, 19.7782815], [85.0820857, 19.7770078], [85.082799, 19.7764056], [85.0832692, 19.7749925], [85.083343, 19.774301], [85.0833629, 19.7741147], [85.0834734, 19.7730795], [85.08353, 19.7719375], [85.0835298, 19.7718825], [85.0835254, 19.7707271], [85.0839695, 19.7702894], [85.0846244, 19.7697859], [85.0850572, 19.7695016], [85.0871591, 19.7676722], [85.0890309, 19.7663328], [85.0918093, 19.7641719], [85.0939088, 19.7633498], [85.096653, 19.7620511], [85.0980236, 19.7615373], [85.0986107, 19.7611053], [85.1003114, 19.7600981], [85.1010658, 19.7596456], [85.1017234, 19.7593047], [85.1033398, 19.758974], [85.1043906, 19.7588632], [85.1053634, 19.7584942], [85.1065397, 19.7578653], [85.1080002, 19.7569864], [85.1098339, 19.7564322], [85.1118767, 19.7555369], [85.114084, 19.7544491], [85.1151263, 19.7538458], [85.1162523, 19.753415], [85.1173558, 19.7528801], [85.1198196, 19.7518717], [85.1209315, 19.7514408], [85.122258, 19.7510031], [85.1232759, 19.7504446], [85.123818, 19.7501884], [85.1238247, 19.7501854], [85.1242876, 19.7500033], [85.1246507, 19.7498693], [85.1246565, 19.7498674], [85.1252704, 19.7495893], [85.1257074, 19.749341], [85.1259675, 19.7491224], [85.1262774, 19.7487237], [85.1264924, 19.7482969], [85.1267386, 19.7480465], [85.1271901, 19.7477802], [85.1277343, 19.7473388], [85.128537, 19.7468232], [85.1291478, 19.746396], [85.1296535, 19.7459812], [85.1300746, 19.7454617], [85.1305642, 19.7447894], [85.1311561, 19.7439419], [85.1317027, 19.7432972], [85.1323588, 19.7426491], [85.1337518, 19.7414171], [85.1348059, 19.740606], [85.1360148, 19.7400269], [85.1369027, 19.7395484], [85.1374307, 19.7392603], [85.1377865, 19.7390247], [85.1380103, 19.738643], [85.1381661, 19.7379581], [85.1382409, 19.7372679], [85.1383432, 19.7366727], [85.1385213, 19.7361235], [85.1390047, 19.735573], [85.1398334, 19.7348455], [85.1407349, 19.7340327], [85.1415785, 19.7332691], [85.1423122, 19.7325089], [85.1426763, 19.7319707], [85.1430415, 19.7313194], [85.1434055, 19.7303748], [85.1435974, 19.7299555], [85.145026, 19.7304074], [85.1474936, 19.7308404], [85.1492207, 19.7313611], [85.1513516, 19.7315775], [85.1532793, 19.732195], [85.1559629, 19.7328638], [85.1575654, 19.7329949], [85.159218, 19.7332901], [85.1607898, 19.7337538], [85.1617204, 19.7340532], [85.1618247, 19.734485], [85.1621637, 19.7347635], [85.1632104, 19.734665], [85.1632516, 19.7346013], [85.1640781, 19.7344691], [85.1646454, 19.7349884], [85.1650159, 19.7355145], [85.1649726, 19.7362586], [85.1636506, 19.7365948], [85.1612465, 19.7372381], [85.1603886, 19.7365628], [85.1591015, 19.7359891], [85.1582663, 19.7358937], [85.1576583, 19.7360184], [85.1580433, 19.7369174], [85.158237, 19.737968], [85.1588317, 19.7386315], [85.160155, 19.7388967], [85.1617895, 19.7387156], [85.1633507, 19.7389102], [85.1633222, 19.739305], [85.1632305, 19.7397341], [85.1635494, 19.7400546], [85.1645579, 19.7401027], [85.1668299, 19.7405628], [85.1686688, 19.7411417], [85.1703586, 19.742389], [85.170419, 19.7429221], [85.1704681, 19.7436255], [85.1708209, 19.7442559], [85.1723006, 19.7445984], [85.1739931, 19.7447883], [85.1752455, 19.7449929], [85.1746807, 19.7462139], [85.1737333, 19.7471799], [85.1734935, 19.7477688], [85.173428, 19.7482762], [85.175378, 19.7483328], [85.1773871, 19.7487812], [85.1779189, 19.7489494], [85.1796149, 19.7486622], [85.1811991, 19.7484013], [85.1815155, 19.7486598], [85.1825892, 19.7499572], [85.1828658, 19.7508806], [85.1835703, 19.7515767], [85.1846389, 19.7514773], [85.1857869, 19.7511677], [85.1862095, 19.7513397], [85.1865583, 19.7518665], [85.188897, 19.751785], [85.1906543, 19.7511017], [85.1924241, 19.7504594], [85.1929097, 19.7511266], [85.1931249, 19.7515961], [85.194774, 19.7507038], [85.1963057, 19.750132], [85.1981458, 19.7496115], [85.1985115, 19.751133], [85.1989643, 19.7520844], [85.1987957, 19.7533756], [85.1991121, 19.7547538], [85.1995562, 19.7559454], [85.1996855, 19.7570191], [85.2000281, 19.7602312], [85.2004571, 19.7611285], [85.2014172, 19.7610534], [85.2018657, 19.7602084], [85.2026835, 19.759848], [85.2034007, 19.7602791], [85.2037423, 19.7611794], [85.2043543, 19.761158], [85.2062893, 19.760261], [85.2072203, 19.7605602], [85.2084022, 19.7627995], [85.2095548, 19.7642987], [85.2107172, 19.766041], [85.2119852, 19.7671162], [85.2120013, 19.76865], [85.2122684, 19.7698846], [85.2118765, 19.7710595], [85.2119657, 19.7722175], [85.2100936, 19.77361], [85.2093827, 19.7744643], [85.2090138, 19.775094], [85.2091194, 19.7757401], [85.2103656, 19.7751367], [85.2121201, 19.7746605], [85.2134094, 19.7738271], [85.2147729, 19.7745465], [85.2170189, 19.7748824], [85.2188423, 19.7750465], [85.2208704, 19.774851], [85.2218962, 19.7747735], [85.2221506, 19.7752203], [85.2220997, 19.7761553], [85.2217685, 19.7772035], [85.2211678, 19.7775148], [85.2194755, 19.7773462], [85.219006, 19.777653], [85.2189177, 19.778755], [85.2193332, 19.7798599], [85.2201389, 19.7803087], [85.2210287, 19.7806713], [85.2206184, 19.7817677], [85.219854, 19.7818153], [85.2190225, 19.7818237], [85.2183998, 19.781576], [85.2178088, 19.781576], [85.2174694, 19.7818575], [85.2176696, 19.7824932], [85.2179925, 19.7829173], [85.2174574, 19.7843461], [85.2168987, 19.7851741], [85.2161643, 19.785428], [85.2155942, 19.7854065], [85.215098, 19.78503], [85.2144833, 19.7844295], [85.2140679, 19.784444], [85.213212, 19.7843911], [85.2128015, 19.7839701], [85.2124274, 19.7839211], [85.2120703, 19.7843067], [85.2115893, 19.7854431], [85.2108751, 19.7856548], [85.2106314, 19.7861403], [85.2107189, 19.786697], [85.2108305, 19.787315], [85.2111213, 19.7874708], [85.2115059, 19.7872293], [85.2116014, 19.7868734], [85.2119222, 19.7866756], [85.2124994, 19.7868834], [85.2131981, 19.7879579], [85.2132047, 19.7886833], [85.212569, 19.7897838], [85.2118734, 19.7904718], [85.2113423, 19.7903244], [85.2113221, 19.7898068], [85.2107601, 19.7899924], [85.2103374, 19.7903803], [85.2094564, 19.7908051], [85.2089057, 19.7918404], [85.208667, 19.7928986], [85.2082768, 19.793555], [85.2080086, 19.7945084], [85.2085009, 19.795056], [85.2102665, 19.797802], [85.2127847, 19.8011919], [85.2140866, 19.8030298], [85.2170484, 19.802529], [85.2183524, 19.8023176], [85.2233747, 19.8021], [85.2278175, 19.8016125], [85.227824, 19.8009886], [85.2273978, 19.7996143], [85.2266459, 19.7960648], [85.2265056, 19.7941621], [85.2260001, 19.7918783], [85.2256686, 19.7895559], [85.2253989, 19.7882591], [85.2250248, 19.7870734], [85.2244029, 19.7857269], [85.2236999, 19.7828694], [85.2236027, 19.7809956], [85.224921, 19.7805555], [85.2255726, 19.7798691], [85.2260317, 19.7787333], [85.2263175, 19.7782049], [85.2270178, 19.778201], [85.2277117, 19.7785913], [85.2283787, 19.7789314], [85.2285497, 19.7799414], [85.2289391, 19.7848502], [85.2286032, 19.7852145], [85.2277294, 19.785266], [85.2276357, 19.7862231], [85.2273533, 19.7885138], [85.2273867, 19.7904824], [85.2275047, 19.792394], [85.2278353, 19.7946839], [85.228631, 19.7976625], [85.2292345, 19.8002124], [85.2293918, 19.8015986], [85.2315793, 19.8016046], [85.2366968, 19.8015903], [85.2379509, 19.8023332], [85.2395723, 19.8035191], [85.2411325, 19.8053696], [85.2417992, 19.8056361], [85.2437726, 19.8051948], [85.2456282, 19.8045496], [85.2466799, 19.8045953], [85.247981, 19.8054194], [85.2489796, 19.806337], [85.2511254, 19.8075041], [85.2509271, 19.8091132], [85.2518321, 19.8109869], [85.2518552, 19.8126846], [85.2521209, 19.8138766], [85.2526762, 19.8146441], [85.2540745, 19.8157132], [85.2547188, 19.816519], [85.2539195, 19.8195516], [85.2532082, 19.8214823], [85.2526736, 19.8231169], [85.2508933, 19.825453], [85.249484, 19.8271377], [85.2489733, 19.8277206], [85.2495941, 19.8279297], [85.2506628, 19.8287541], [85.2517824, 19.8292794], [85.252728, 19.8301676], [85.253115, 19.8312242], [85.2535982, 19.8315342], [85.2548618, 19.8317274], [85.2553136, 19.8320384], [85.2560258, 19.83263], [85.2567529, 19.832753], [85.257122, 19.8325616], [85.2572939, 19.8321393], [85.2577316, 19.8320941], [85.2583834, 19.8320663], [85.2583139, 19.8326931], [85.2583151, 19.8335227], [85.2591617, 19.8334928], [85.2619257, 19.8335141], [85.2642204, 19.8335815], [85.2665106, 19.8335303], [85.2682211, 19.833113], [85.2693347, 19.8326871], [85.2696264, 19.8328418], [85.2695795, 19.8317298], [85.2689901, 19.8303237], [85.2686108, 19.8286722], [85.2685457, 19.8270526], [85.2684025, 19.8258091], [85.2677911, 19.8246415], [85.2675643, 19.8236685], [85.2672422, 19.8226691], [85.2667436, 19.8219734], [85.2665705, 19.8215632], [85.2678509, 19.8213337], [85.268334, 19.8216436], [85.2698716, 19.821619], [85.2705613, 19.8215945], [85.2709422, 19.8217], [85.2727652, 19.8241325], [85.2734306, 19.8242874], [85.2767761, 19.8239309], [85.2784669, 19.8238115], [85.2809301, 19.823762], [85.2818927, 19.8234901], [85.2831534, 19.822821], [85.2834144, 19.8222767], [85.2829806, 19.8208354], [85.2829206, 19.8193213], [85.2841318, 19.818188], [85.2854204, 19.8174288], [85.2866266, 19.8169697], [85.2879488, 19.8162687], [85.2884346, 19.8150624], [85.2892654, 19.814511], [85.2904135, 19.8141729], [85.2910926, 19.8138812], [85.2915269, 19.8137469], [85.2923225, 19.8140158], [85.2931676, 19.813956], [85.2937929, 19.814677], [85.2935838, 19.8165276], [85.2934385, 19.8184057], [85.293751, 19.8223188], [85.2939448, 19.8240361], [85.2936388, 19.8250282], [85.2929989, 19.825889], [85.2919976, 19.8263705], [85.2909647, 19.8267376], [85.2893954, 19.8274589], [85.2895218, 19.8290598], [85.2885609, 19.8301642], [85.287433, 19.8318096], [85.2863043, 19.8318497], [85.2835449, 19.8319478], [85.2817913, 19.8319365], [85.283153, 19.8330179], [85.2856438, 19.8348618], [85.2879147, 19.8359109], [85.2895716, 19.8373086], [85.2919, 19.8390097], [85.2925495, 19.8395515], [85.2935421, 19.8408242], [85.2961797, 19.8408195], [85.2977427, 19.840645], [85.2982751, 19.8413991], [85.2984318, 19.8429691], [85.2985319, 19.8449009], [85.3030853, 19.8488681], [85.3025068, 19.8494477], [85.3010159, 19.8507714], [85.2995561, 19.8520304], [85.2987604, 19.853], [85.2981065, 19.8551198], [85.2975384, 19.8577128], [85.2974077, 19.8611799], [85.2982414, 19.8653284], [85.2990005, 19.8683825], [85.3007788, 19.8717497], [85.3027584, 19.8751097], [85.3013754, 19.8766202], [85.3013278, 19.8779561], [85.3025084, 19.883068], [85.2970566, 19.8877726], [85.2945833, 19.8894278], [85.2925446, 19.890792], [85.2862979, 19.8952502], [85.2842537, 19.8967091], [85.2814757, 19.8989155], [85.2795485, 19.9004462], [85.2757209, 19.903606], [85.2719095, 19.9067522], [85.2662824, 19.912356], [85.2656524, 19.9123274], [85.2639889, 19.9120401], [85.2633402, 19.9119683], [85.2626915, 19.9118965], [85.2601528, 19.9117271], [85.2592827, 19.911672], [85.2584635, 19.9116202], [85.2581559, 19.9115765], [85.2578484, 19.9115329], [85.257268, 19.9113195], [85.2551967, 19.9103326], [85.253363, 19.9094653], [85.252878, 19.9092709], [85.2512073, 19.9083421], [85.2499969, 19.9076797], [85.2489237, 19.9071272], [85.2478726, 19.906742], [85.2455599, 19.9064391], [85.2447635, 19.9063318], [85.2439866, 19.9062067], [85.243647, 19.9061535], [85.2432192, 19.9060862], [85.2421582, 19.9061571], [85.2413104, 19.9063926], [85.2389585, 19.9074714], [85.2376013, 19.9079156], [85.2367346, 19.9081992], [85.2348139, 19.9082975], [85.2334235, 19.9083696], [85.2312237, 19.9095131], [85.2300685, 19.9098945], [85.2278796, 19.9100623], [85.2263368, 19.9105122], [85.2245978, 19.9110097], [85.2238756, 19.9114605], [85.2234487, 19.9117268], [85.2230589, 19.91197], [85.2217945, 19.9123006], [85.2215602, 19.9119008], [85.2212313, 19.9105652], [85.2202846, 19.909824], [85.2190926, 19.909654], [85.2174092, 19.9111502], [85.2169199, 19.9113439], [85.2152275, 19.9115212], [85.2132676, 19.9116957], [85.2121865, 19.911861], [85.2106729, 19.9122613], [85.2096668, 19.9121247], [85.2077372, 19.9117395], [85.2061166, 19.9114702], [85.2043197, 19.9107339], [85.2015885, 19.9094507], [85.1999231, 19.9093433], [85.1979888, 19.9085244], [85.1963589, 19.9082278], [85.1952074, 19.9083091], [85.1942323, 19.908378], [85.1929285, 19.9079763], [85.1918402, 19.9075136], [85.1871509, 19.907931], [85.1858118, 19.9076871], [85.1832625, 19.9070611], [85.1826452, 19.9069095], [85.1823672, 19.907837], [85.1820892, 19.9087646], [85.180955, 19.9102209], [85.1770946, 19.9087315], [85.1753023, 19.9075741], [85.1714586, 19.905092], [85.1671205, 19.9036337], [85.1652483, 19.9036685], [85.1647352, 19.9038484], [85.162883, 19.9042222], [85.1623583, 19.9043291], [85.1619544, 19.9044114], [85.1611161, 19.9054776], [85.1599255, 19.9076739], [85.1579279, 19.9094644], [85.1544386, 19.911813], [85.1500581, 19.9152271], [85.1492414, 19.9159077], [85.1491415, 19.915991], [85.1483077, 19.9166859], [85.1462819, 19.9181654], [85.1451432, 19.9189969], [85.1428132, 19.9205895], [85.1394845, 19.9230479], [85.1371595, 19.9242159], [85.1345477, 19.9253966], [85.1319743, 19.9265598], [85.1313816, 19.9272129], [85.1307889, 19.9278661], [85.1278467, 19.9303192], [85.1257604, 19.9318871], [85.1242958, 19.9329645]]]}}, {"type": "Feature", "properties": {"OBJECTID": 401, "state": "ODISHA", "district": "Khordha", "stcode11": "21", "dtcode11": "386", "blkcode11": "0172", "block_name": "TANGI", "code2011": "213860172", "block_lgd": 3465, "block_ver": 1, "dist_lgd": 362, "b_pan_code": 3828, "state_lgd": 21, "shape_Length": 186473.24476097562, "shape_Area": 447655076.9724646}, "geometry": {"type": "Polygon", "coordinates": [[[85.4908562, 20.0381942], [85.4890435, 20.0385731], [85.486815, 20.0400215], [85.4857046, 20.0409846], [85.4858923, 20.0413328], [85.4863145, 20.0421159], [85.4866905, 20.0445395], [85.4864446, 20.0475081], [85.4874105, 20.0486043], [85.4877056, 20.0492011], [85.4833027, 20.0494519], [85.4797323, 20.0499314], [85.4776539, 20.0508783], [85.4759718, 20.052507], [85.4735508, 20.0540758], [85.4724103, 20.0539387], [85.4728147, 20.0533142], [85.4730177, 20.0523959], [85.4725016, 20.0515609], [85.4719926, 20.0508965], [85.4720363, 20.0504964], [85.4725033, 20.0501377], [85.473449, 20.0497044], [85.4756388, 20.04877], [85.4767205, 20.0472501], [85.4774156, 20.0451183], [85.4780208, 20.0437297], [85.478779, 20.0431325], [85.4798012, 20.043095], [85.4799181, 20.0402129], [85.4792962, 20.0387066], [85.4778142, 20.0374671], [85.4769374, 20.0373229], [85.4753391, 20.0377933], [85.4741686, 20.0380717], [85.4730311, 20.0376428], [85.4715686, 20.0368731], [85.471299, 20.0378829], [85.4692804, 20.0387216], [85.4664826, 20.0387655], [85.4649152, 20.03847], [85.4638058, 20.0376346], [85.4630534, 20.037068], [85.4617917, 20.0366436], [85.4610632, 20.0370821], [85.4604281, 20.0382816], [85.4590692, 20.0400371], [85.4574521, 20.0415668], [85.4559781, 20.0420324], [85.4541837, 20.0422747], [85.4524684, 20.0429255], [85.4522777, 20.0420717], [85.4476535, 20.0433746], [85.445742, 20.0437974], [85.4432119, 20.0443015], [85.440856, 20.0445052], [85.4392503, 20.0440345], [85.4377975, 20.0442639], [85.4351071, 20.0438916], [85.4335662, 20.0442418], [85.4321253, 20.0440004], [85.431203, 20.0442692], [85.4287875, 20.0445336], [85.4274469, 20.0437002], [85.425913, 20.0442266], [85.4214813, 20.0443501], [85.4212504, 20.0422447], [85.420137, 20.0424028], [85.417308, 20.0432114], [85.4130311, 20.0451313], [85.4106872, 20.0410406], [85.4054926, 20.0448756], [85.4035979, 20.0426505], [85.4012043, 20.0388555], [85.3997153, 20.0367855], [85.3998581, 20.035888], [85.4003717, 20.0352105], [85.4010795, 20.0346929], [85.4015927, 20.0345214], [85.4019894, 20.0345204], [85.4022612, 20.0345861], [85.4029667, 20.0347596], [85.4033303, 20.0347268], [85.4038356, 20.0343881], [85.4047443, 20.0329102], [85.4056177, 20.032087], [85.4064098, 20.0317417], [85.4069582, 20.0318461], [85.4072515, 20.0321514], [85.4073242, 20.0330103], [85.4075031, 20.0337662], [85.4078686, 20.0340043], [85.4084465, 20.0340411], [85.4089177, 20.0337653], [85.4091358, 20.0334556], [85.4092813, 20.0327749], [85.409421, 20.0326677], [85.4097549, 20.0327339], [85.4101499, 20.0329091], [85.4106746, 20.0330088], [85.4110523, 20.032994], [85.4114349, 20.032975], [85.4121605, 20.033528], [85.4128171, 20.033832], [85.4133227, 20.033936], [85.4137593, 20.0337682], [85.4143072, 20.0334736], [85.41485, 20.0331817], [85.4150284, 20.0325645], [85.4152091, 20.0312245], [85.4153535, 20.0306431], [85.4152064, 20.0300591], [85.414663, 20.0294398], [85.4138277, 20.0283755], [85.4137564, 20.0278645], [85.4137666, 20.027555], [85.4137769, 20.0272458], [85.4142098, 20.0264953], [85.4146056, 20.0256317], [85.4147551, 20.0250186], [85.4150839, 20.0246422], [85.4153724, 20.0249473], [85.415585, 20.0256675], [85.4157693, 20.0258769], [85.4161704, 20.0259122], [85.4176551, 20.0251213], [85.4184181, 20.0252908], [85.4192185, 20.0255328], [85.4198703, 20.0253625], [85.4204388, 20.0252775], [85.4205546, 20.0252602], [85.42143, 20.02567], [85.4221708, 20.026151], [85.4228962, 20.0262477], [85.4236585, 20.0260106], [85.4242361, 20.0256001], [85.4246397, 20.0253915], [85.4253265, 20.0255331], [85.4261594, 20.0263536], [85.4266938, 20.0266456], [85.4271006, 20.0268679], [85.4278629, 20.0271095], [85.429096, 20.028069], [85.4296415, 20.0284805], [85.4304206, 20.0289616], [85.4306763, 20.0290079], [85.4308929, 20.0290471], [85.4313652, 20.0291326], [85.4319821, 20.0290974], [85.4331765, 20.0286518], [85.4345913, 20.0286507], [85.4356796, 20.0287824], [85.4357168, 20.0274456], [85.4352422, 20.0251875], [85.4349539, 20.0234006], [85.4346434, 20.0228874], [85.4342833, 20.0225816], [85.4335924, 20.0223722], [85.4331936, 20.0211401], [85.4327901, 20.0199033], [85.4318175, 20.0177446], [85.4315566, 20.0165815], [85.4312909, 20.0154137], [85.4312906, 20.0149666], [85.4307848, 20.0144155], [85.430241, 20.0143159], [85.4297707, 20.0135437], [85.4293004, 20.0127716], [85.4287673, 20.0120849], [85.4280462, 20.0115409], [85.4276122, 20.0114558], [85.4271734, 20.0113705], [85.4267158, 20.0112671], [85.4262628, 20.0111637], [85.4258703, 20.011228], [85.4252882, 20.009687], [85.4251049, 20.0089039], [85.4249264, 20.0081074], [85.4247813, 20.0073201], [85.4246363, 20.0065329], [85.4244739, 20.0055693], [85.4241509, 20.0048798], [85.4233867, 20.0038884], [85.4226566, 20.0033081], [85.4215709, 20.0029326], [85.4208079, 20.0027632], [85.420358, 20.0028495], [85.4199079, 20.0029359], [85.4190913, 20.0033622], [85.4177941, 20.0040598], [85.4170752, 20.0042703], [85.4163481, 20.0043405], [85.415677, 20.0040634], [85.4152778, 20.0033779], [85.4151376, 20.0025906], [85.415226, 20.0021013], [85.4153145, 20.001612], [85.4155381, 20.0012482], [85.4157567, 20.0008842], [85.4158122, 20.0005866], [85.4158134, 19.9999994], [85.4159109, 19.9988394], [85.4158084, 19.9971492], [85.4156387, 19.9964339], [85.4148322, 19.9958666], [85.4148322, 19.9949089], [85.414707, 19.9940496], [85.4158079, 19.9943395], [85.4167822, 19.9943753], [85.417719, 19.9943566], [85.4178616, 19.9943363], [85.4187383, 19.9942121], [85.4192995, 19.9939958], [85.4198866, 19.9935809], [85.42146, 19.9934413], [85.4231142, 19.9933477], [85.4238224, 19.9932456], [85.4248795, 19.9931465], [85.4262078, 19.9931493], [85.4278045, 19.9930777], [85.4292905, 19.9930819], [85.4301694, 19.9930987], [85.430431, 19.9932229], [85.4305017, 19.9939331], [85.4305657, 19.9945747], [85.4305873, 19.9945735], [85.4309148, 19.9945553], [85.4317454, 19.9946522], [85.4318359, 19.9946627], [85.4327372, 19.9948379], [85.433375, 19.9950875], [85.4350828, 19.9958705], [85.4354435, 19.9959545], [85.4358885, 19.9960582], [85.4364601, 19.9962394], [85.4370746, 19.996421], [85.4371377, 19.9958433], [85.4374234, 19.9944953], [85.4377431, 19.9930888], [85.4379187, 19.9922411], [85.4386073, 19.9912263], [85.4396485, 19.9902959], [85.4404723, 19.989603], [85.4417129, 19.9893068], [85.4424059, 19.9892857], [85.442774, 19.9892709], [85.444227, 19.9877705], [85.446549, 19.985835], [85.4473709, 19.9853408], [85.4485769, 19.9846833], [85.4486918, 19.9846206], [85.4501904, 19.98392], [85.4502471, 19.9838935], [85.4502786, 19.9838656], [85.4503434, 19.9838084], [85.4504564, 19.9825266], [85.4505923, 19.9813307], [85.4509234, 19.9801999], [85.4511439, 19.9793628], [85.451365, 19.9785233], [85.4516485, 19.9773875], [85.4517397, 19.9768553], [85.4518421, 19.9756727], [85.4518032, 19.9747509], [85.4517492, 19.9739193], [85.4516118, 19.9733127], [85.4524946, 19.9729411], [85.4532161, 19.972455], [85.454041, 19.9716265], [85.455036, 19.9705239], [85.4544208, 19.9694346], [85.4542344, 19.9684572], [85.4538944, 19.9675553], [85.4535255, 19.9666428], [85.4533813, 19.9662861], [85.4530245, 19.9656279], [85.4526666, 19.9651144], [85.4522164, 19.9642477], [85.4516447, 19.9635833], [85.4510472, 19.9626384], [85.4506308, 19.9619044], [85.4504085, 19.9615127], [85.4496026, 19.9613656], [85.4487224, 19.9609965], [85.4474515, 19.9605246], [85.4464381, 19.9596034], [85.4459359, 19.9590913], [85.4454639, 19.9586101], [85.4450563, 19.9577708], [85.4445712, 19.9570619], [85.4439348, 19.9561936], [85.4425372, 19.9545191], [85.4412945, 19.953117], [85.4401241, 19.9516748], [85.4395963, 19.9509339], [85.4394288, 19.950467], [85.4393282, 19.9499502], [85.4391514, 19.9490417], [85.4390013, 19.9482815], [85.438927, 19.9475899], [85.4388704, 19.9470246], [85.4384102, 19.9457377], [85.4381805, 19.945293], [85.4379402, 19.9449567], [85.4373746, 19.9436959], [85.4369533, 19.9428159], [85.4365376, 19.9418637], [85.4359982, 19.9408516], [85.4357593, 19.940446], [85.4353404, 19.9397346], [85.4347069, 19.9397958], [85.4340112, 19.939863], [85.4327078, 19.9398018], [85.430515, 19.9398322], [85.4268328, 19.9397724], [85.4261778, 19.9388722], [85.4248419, 19.9372705], [85.423159, 19.938868], [85.4227701, 19.9393073], [85.4223812, 19.9397464], [85.4220013, 19.9385596], [85.4217103, 19.93708], [85.4215656, 19.9362522], [85.4214805, 19.9361273], [85.4214291, 19.9360521], [85.4213527, 19.9360008], [85.4213201, 19.9359789], [85.4210382, 19.9359809], [85.420829, 19.9358796], [85.4208315, 19.9356312], [85.4207576, 19.9353821], [85.4201374, 19.9348301], [85.4200639, 19.934716], [85.4199444, 19.9345302], [85.4199179, 19.9343267], [85.4200295, 19.9341471], [85.4201411, 19.9339673], [85.420216, 19.9337853], [85.4202929, 19.9335983], [85.4201055, 19.9332217], [85.419638, 19.9326756], [85.4190867, 19.9319298], [85.418743, 19.9314254], [85.4186659, 19.9310181], [85.418518, 19.93052], [85.4185684, 19.9303866], [85.4186455, 19.9301824], [85.4187053, 19.9299345], [85.4185201, 19.9298289], [85.4181965, 19.9297041], [85.4183724, 19.9288293], [85.4182015, 19.928245], [85.4181977, 19.9276578], [85.4185005, 19.927001], [85.4186008, 19.9265231], [85.4184264, 19.9262777], [85.4179976, 19.9257092], [85.4179358, 19.9251937], [85.4180324, 19.9246073], [85.4180322, 19.9241467], [85.4180193, 19.9241556], [85.4176234, 19.924432], [85.4174194, 19.924769], [85.4169336, 19.9260701], [85.4158255, 19.9284679], [85.4154788, 19.9287448], [85.4146326, 19.9288275], [85.4140171, 19.9287588], [85.4132275, 19.9284401], [85.4121772, 19.9279067], [85.411806, 19.9277679], [85.4116395, 19.9277939], [85.4107106, 19.9279388], [85.4091314, 19.9282406], [85.4087916, 19.9283056], [85.4081959, 19.9281692], [85.4076712, 19.9281103], [85.4072812, 19.9282622], [85.4063669, 19.9286181], [85.4057352, 19.9289256], [85.4048358, 19.9293633], [85.4030735, 19.9302824], [85.400733, 19.931734], [85.3997285, 19.9323528], [85.3994669, 19.9327283], [85.3992001, 19.9331114], [85.398216, 19.9345571], [85.3972039, 19.9359255], [85.3962398, 19.9372629], [85.3954974, 19.9384171], [85.3947439, 19.9392459], [85.3935681, 19.9402697], [85.3929452, 19.9404448], [85.3916598, 19.9405008], [85.3901563, 19.9403878], [85.3896739, 19.9403093], [85.3894404, 19.9402713], [85.3890405, 19.9402061], [85.3870372, 19.9399214], [85.3850288, 19.9396728], [85.384512, 19.939754], [85.3838581, 19.9401951], [85.3830689, 19.9412268], [85.3826964, 19.9416842], [85.3825828, 19.9420445], [85.3824596, 19.9424228], [85.3824228, 19.9436782], [85.3825718, 19.9450122], [85.3824601, 19.9451782], [85.3824677, 19.9458513], [85.3825081, 19.9471183], [85.3825473, 19.9483454], [85.38262, 19.949656], [85.3827918, 19.9520199], [85.3805235, 19.951945], [85.3802511, 19.9519561], [85.378629, 19.9516886], [85.3770034, 19.9514205], [85.3765932, 19.9513535], [85.3760291, 19.9512067], [85.3759277, 19.9511803], [85.3754785, 19.9510634], [85.3731681, 19.9504369], [85.3727774, 19.9503339], [85.372398, 19.9505427], [85.3720596, 19.9507612], [85.3712391, 19.9512909], [85.3706259, 19.9519178], [85.370263, 19.9523306], [85.3698187, 19.9528363], [85.3696156, 19.9535482], [85.369277, 19.9544167], [85.3691274, 19.9545599], [85.3677945, 19.9545748], [85.3662689, 19.954746], [85.3657613, 19.9548677], [85.365505, 19.9549248], [85.3652155, 19.9549892], [85.3619027, 19.9561376], [85.361283, 19.9562918], [85.3602743, 19.9565427], [85.3591655, 19.9561348], [85.3577854, 19.9556207], [85.3572976, 19.9552052], [85.3565321, 19.9544031], [85.3554883, 19.9532552], [85.3548653, 19.9525267], [85.3545183, 19.9523608], [85.3541828, 19.9519816], [85.3537487, 19.9514911], [85.3532588, 19.9508179], [85.3526468, 19.9490372], [85.3524085, 19.9481768], [85.3521588, 19.9472755], [85.3516068, 19.9456894], [85.3513313, 19.9446254], [85.3509131, 19.943953], [85.3506359, 19.9437437], [85.3499984, 19.9432625], [85.3491165, 19.9426264], [85.3476547, 19.9421838], [85.3473404, 19.9420859], [85.3452266, 19.9414203], [85.3430779, 19.9408944], [85.3416556, 19.9403301], [85.3404764, 19.9398177], [85.3389186, 19.9390229], [85.3385284, 19.9388239], [85.3380966, 19.9385443], [85.3371841, 19.9381156], [85.3364789, 19.9374903], [85.3351307, 19.9362444], [85.3327171, 19.9341079], [85.3312124, 19.9327194], [85.3309716, 19.9324971], [85.3305051, 19.9318875], [85.3296303, 19.9315088], [85.3288647, 19.9307247], [85.3282796, 19.9300553], [85.3289102, 19.928679], [85.3291862, 19.927938], [85.3294901, 19.9271216], [85.3293775, 19.9269263], [85.3290253, 19.9268191], [85.3285701, 19.9264986], [85.3281216, 19.9260021], [85.3279399, 19.9258745], [85.3278086, 19.9257823], [85.3273587, 19.9256786], [85.3268892, 19.9255704], [85.3265853, 19.9254622], [85.3262895, 19.925357], [85.3259278, 19.9253779], [85.3256159, 19.9253959], [85.3252226, 19.9255322], [85.32498, 19.9259093], [85.3246394, 19.9260507], [85.3242848, 19.9261557], [85.3235358, 19.9265235], [85.322719, 19.9265383], [85.3218386, 19.9262319], [85.3209584, 19.925912], [85.32004, 19.9255962], [85.3191245, 19.925452], [85.3183147, 19.9255338], [85.3182257, 19.9255428], [85.3179556, 19.9253775], [85.3177986, 19.9252813], [85.3176834, 19.9251985], [85.317353, 19.9249609], [85.3172684, 19.9250621], [85.317203, 19.9251403], [85.317006, 19.9253585], [85.3168068, 19.9255791], [85.3166365, 19.9255995], [85.3164912, 19.9256168], [85.3157953, 19.9254746], [85.3155889, 19.9255811], [85.3151231, 19.9258251], [85.3148221, 19.9258269], [85.3144113, 19.9258319], [85.313864, 19.9260932], [85.3134916, 19.9260942], [85.3131021, 19.9258917], [85.310913, 19.9260516], [85.3107438, 19.925788], [85.31046, 19.9246335], [85.3103195, 19.9245778], [85.3099701, 19.9244392], [85.3092445, 19.9244052], [85.3087605, 19.9245587], [85.3080294, 19.9250486], [85.3065754, 19.9256852], [85.3052599, 19.9263275], [85.3046046, 19.9268723], [85.3039135, 19.9260245], [85.3036664, 19.9257214], [85.3032799, 19.9252473], [85.3018228, 19.9234943], [85.3011071, 19.9225344], [85.298939, 19.9225272], [85.2962414, 19.9224517], [85.2942646, 19.9224057], [85.2919395, 19.9223381], [85.288946, 19.9222461], [85.2886067, 19.9222609], [85.2882734, 19.9221719], [85.2880362, 19.922025], [85.2875029, 19.9214788], [85.2873418, 19.9213138], [85.2861578, 19.9203765], [85.2851003, 19.9196132], [85.2850463, 19.9195743], [85.2849968, 19.9195387], [85.2842006, 19.9189799], [85.283094, 19.9179664], [85.2818583, 19.9169743], [85.281412, 19.9167262], [85.2803517, 19.9158667], [85.2794671, 19.9150747], [85.2785872, 19.9142869], [85.2784813, 19.9143181], [85.2781561, 19.9144137], [85.2776119, 19.9143903], [85.2773895, 19.9141984], [85.2771034, 19.914164], [85.2762675, 19.9141831], [85.2761604, 19.9141482], [85.2760534, 19.9141132], [85.2756262, 19.9138652], [85.275101, 19.9138601], [85.2748589, 19.9138353], [85.2746144, 19.9138103], [85.2742259, 19.9138544], [85.2741745, 19.9138602], [85.2738146, 19.9140192], [85.2723852, 19.9150352], [85.2720593, 19.915154], [85.2717768, 19.9156527], [85.2714745, 19.9162233], [85.2705198, 19.9179394], [85.2703909, 19.9179381], [85.2701525, 19.9178952], [85.2698492, 19.9176845], [85.2692577, 19.9171818], [85.2682034, 19.9166386], [85.2667634, 19.9159923], [85.2668636, 19.9151215], [85.2667846, 19.9140367], [85.2667658, 19.9139124], [85.2666377, 19.9130642], [85.2662824, 19.912356], [85.2719095, 19.9067522], [85.2757209, 19.903606], [85.2795485, 19.9004462], [85.2814757, 19.8989155], [85.2842537, 19.8967091], [85.2862979, 19.8952502], [85.2925446, 19.890792], [85.2945833, 19.8894278], [85.2970566, 19.8877726], [85.3025084, 19.883068], [85.3013278, 19.8779561], [85.3013754, 19.8766202], [85.3027584, 19.8751097], [85.3007788, 19.8717497], [85.2990005, 19.8683825], [85.2982414, 19.8653284], [85.2974077, 19.8611799], [85.2975384, 19.8577128], [85.2981065, 19.8551198], [85.2987604, 19.853], [85.2995561, 19.8520304], [85.3010159, 19.8507714], [85.3025068, 19.8494477], [85.3030853, 19.8488681], [85.2985319, 19.8449009], [85.301224, 19.8417239], [85.302135, 19.8401668], [85.3023647, 19.8383481], [85.3022246, 19.8348274], [85.3018996, 19.8283169], [85.3018537, 19.8263175], [85.3021868, 19.8254162], [85.3040283, 19.8236355], [85.3054866, 19.8223447], [85.306649, 19.8220492], [85.3087077, 19.822357], [85.3093367, 19.8221438], [85.3106105, 19.8212726], [85.3119636, 19.8207161], [85.3136558, 19.8202428], [85.3150142, 19.819813], [85.3155166, 19.8197951], [85.3160615, 19.8199979], [85.3166577, 19.8206437], [85.3174111, 19.8210298], [85.3180514, 19.8211021], [85.3186853, 19.8210159], [85.3193125, 19.8215971], [85.3196734, 19.822632], [85.319848, 19.8236422], [85.3203543, 19.8237194], [85.3204383, 19.8233034], [85.3200481, 19.8210941], [85.3204154, 19.8210491], [85.3208878, 19.8236367], [85.321358, 19.8236517], [85.320739, 19.8207516], [85.3212377, 19.8206385], [85.3219599, 19.8235984], [85.3224314, 19.8236451], [85.3218718, 19.8205524], [85.3226435, 19.8205566], [85.322877, 19.8238833], [85.3234724, 19.8236714], [85.3234191, 19.8206558], [85.3248122, 19.8202566], [85.3262798, 19.8200452], [85.3274139, 19.8198776], [85.3279012, 19.819479], [85.3283984, 19.8168343], [85.3284041, 19.8136261], [85.329024, 19.8115076], [85.3305621, 19.8097056], [85.3342893, 19.8074869], [85.3387072, 19.804724], [85.3405684, 19.8034501], [85.3435712, 19.8015195], [85.3449574, 19.8003941], [85.3480571, 19.8003442], [85.3487171, 19.8017497], [85.3487182, 19.8017525], [85.3494294, 19.8035975], [85.349842, 19.8047802], [85.3502022, 19.8054881], [85.3513114, 19.8066819], [85.3532105, 19.8090347], [85.3537227, 19.8098117], [85.3553221, 19.8120759], [85.356037, 19.8131079], [85.3560456, 19.8131175], [85.3571314, 19.8143553], [85.3571097, 19.8146081], [85.3561178, 19.8163832], [85.3555264, 19.8172766], [85.3554221, 19.8176686], [85.3555905, 19.8176277], [85.3554921, 19.8178232], [85.3568654, 19.8174834], [85.3572913, 19.8183094], [85.3577611, 19.8194927], [85.3579754, 19.8200051], [85.3589656, 19.8216585], [85.3593418, 19.8222039], [85.3605874, 19.8231549], [85.3617565, 19.8236534], [85.3628803, 19.8238986], [85.3640901, 19.8241537], [85.3658848, 19.8246263], [85.3684888, 19.8253007], [85.3696979, 19.8256097], [85.3710291, 19.8261414], [85.3718166, 19.8266184], [85.3728659, 19.8271519], [85.3734599, 19.8274102], [85.3758162, 19.828055], [85.3769255, 19.8283408], [85.3776315, 19.8285339], [85.3789056, 19.8288826], [85.3813878, 19.8298041], [85.384181, 19.8306695], [85.3866258, 19.8315273], [85.3871705, 19.8319569], [85.3877521, 19.8325087], [85.388898, 19.8338877], [85.3906478, 19.835995], [85.3916637, 19.8370249], [85.3919555, 19.8374431], [85.3921991, 19.8379015], [85.3931926, 19.8392702], [85.3938294, 19.8400121], [85.394382, 19.8406088], [85.3947072, 19.8410318], [85.3952823, 19.8417598], [85.3955797, 19.842085], [85.3964816, 19.8430714], [85.3983879, 19.8448187], [85.3998701, 19.8460154], [85.4018857, 19.8478133], [85.4029534, 19.8489339], [85.4040519, 19.8498381], [85.405625, 19.8510221], [85.4067285, 19.8519083], [85.4074468, 19.8526465], [85.4086151, 19.8537275], [85.4104905, 19.8552529], [85.41228, 19.856773], [85.4140386, 19.8580444], [85.4161323, 19.8596937], [85.416502, 19.8599771], [85.4174015, 19.8607394], [85.4177895, 19.8610908], [85.4183918, 19.8614935], [85.4194962, 19.8627908], [85.4206011, 19.8640337], [85.4220741, 19.8657136], [85.4226172, 19.8663101], [85.4228813, 19.8666468], [85.4245204, 19.8684319], [85.4248898, 19.8687378], [85.4267912, 19.8700691], [85.4270618, 19.8702386], [85.4272793, 19.8704285], [85.428709, 19.871676], [85.4294423, 19.8723691], [85.4297019, 19.8726054], [85.430455, 19.8732905], [85.4316299, 19.8747192], [85.4324303, 19.8758691], [85.4327488, 19.8764998], [85.4329257, 19.8771232], [85.4329518, 19.877215], [85.4334365, 19.8777649], [85.4341843, 19.8786128], [85.4348676, 19.8795313], [85.4359778, 19.8807517], [85.4370324, 19.8817817], [85.4383144, 19.8830172], [85.4384282, 19.8830859], [85.4404145, 19.8831034], [85.4409576, 19.88313], [85.4429822, 19.8832296], [85.4437596, 19.8833132], [85.4459557, 19.883364], [85.4480712, 19.8833418], [85.4488916, 19.8834438], [85.4519813, 19.883421], [85.4541344, 19.8834623], [85.4567358, 19.8835617], [85.4597525, 19.8836827], [85.460225, 19.8837149], [85.4604348, 19.8837293], [85.4651811, 19.8837431], [85.4676634, 19.8838097], [85.4696695, 19.8837501], [85.4714982, 19.8837613], [85.4738793, 19.8839534], [85.4755258, 19.8840399], [85.4775823, 19.884211], [85.4796443, 19.8842963], [85.4816697, 19.8842098], [85.4833796, 19.8841701], [85.4849406, 19.884215], [85.4871693, 19.8843424], [85.4886398, 19.884382], [85.4919003, 19.8844729], [85.4947021, 19.884605], [85.4956572, 19.884604], [85.4971227, 19.8846436], [85.4977341, 19.8846215], [85.4986465, 19.8845796], [85.4999979, 19.884582], [85.5028145, 19.8846597], [85.5024928, 19.8833242], [85.5024346, 19.8831209], [85.5024281, 19.8830981], [85.5023563, 19.8827501], [85.5022043, 19.8820119], [85.5019325, 19.880957], [85.501547, 19.8792915], [85.5011312, 19.8773004], [85.5009676, 19.8764272], [85.5008489, 19.875839], [85.5000173, 19.8698423], [85.5073534, 19.8680699], [85.5135173, 19.8665538], [85.5194655, 19.8651082], [85.5252849, 19.8636522], [85.5546446, 19.8563109], [85.5618787, 19.8545012], [85.5632005, 19.8598692], [85.5632309, 19.8600235], [85.5632735, 19.8602403], [85.5632131, 19.860592], [85.5627888, 19.8631726], [85.5627534, 19.8633938], [85.5626172, 19.863823], [85.5625274, 19.8641056], [85.5624955, 19.8644578], [85.5625093, 19.865045], [85.5625302, 19.8651554], [85.5625778, 19.865407], [85.5626988, 19.8657424], [85.5628803, 19.8662632], [85.5632265, 19.8670656], [85.5639141, 19.8681191], [85.5640268, 19.8683278], [85.5640727, 19.868536], [85.5640779, 19.8686161], [85.5640936, 19.868857], [85.5640385, 19.86915], [85.5635918, 19.8710211], [85.5636515, 19.8716956], [85.5637566, 19.8728836], [85.5638681, 19.8733445], [85.5638717, 19.873359], [85.5640798, 19.8741149], [85.5642756, 19.8748286], [85.5643108, 19.874957], [85.5643168, 19.8758213], [85.5643171, 19.8758605], [85.5645286, 19.8762281], [85.5651888, 19.877164], [85.5655469, 19.8776909], [85.5658909, 19.878186], [85.5662075, 19.878568], [85.5664017, 19.8787458], [85.5665669, 19.8789639], [85.5667124, 19.8792318], [85.5668705, 19.8797163], [85.5670156, 19.880144], [85.5670658, 19.8802916], [85.567084, 19.8803494], [85.5672469, 19.8808667], [85.5674284, 19.8813876], [85.5675474, 19.8817048], [85.5676663, 19.8820222], [85.5677906, 19.8825379], [85.5678024, 19.8828137], [85.5678312, 19.8833198], [85.5677629, 19.8840194], [85.5676334, 19.8846237], [85.5674907, 19.8850833], [85.5669184, 19.8865875], [85.5668248, 19.886921], [85.5663467, 19.8880329], [85.5659482, 19.8888023], [85.5654294, 19.890212], [85.5652376, 19.8908247], [85.5649836, 19.8914461], [85.5648058, 19.8921088], [85.5648142, 19.8922397], [85.5649738, 19.8925346], [85.5651627, 19.8927756], [85.5654092, 19.8929854], [85.5657745, 19.8932503], [85.5664335, 19.8937706], [85.5666701, 19.8940119], [85.566887, 19.8943254], [85.5671555, 19.8947341], [85.5673338, 19.8950834], [85.5676503, 19.8960076], [85.5678782, 19.8966915], [85.5680128, 19.8971172], [85.5682269, 19.8977466], [85.5684079, 19.8983264], [85.5684385, 19.898643], [85.5683944, 19.8987599], [85.5681925, 19.8989164], [85.5679478, 19.8990409], [85.56775, 19.8992652], [85.5676384, 19.8994631], [85.5673936, 19.8995966], [85.5670913, 19.8997478], [85.5663578, 19.9000581], [85.5663187, 19.9001752], [85.5662877, 19.9004234], [85.5663162, 19.9007539], [85.5663267, 19.9008755], [85.5664117, 19.9009665], [85.5664928, 19.9009897], [85.5667228, 19.9008968], [85.5677345, 19.9004622], [85.5683651, 19.9014972], [85.5687271, 19.902119], [85.5689954, 19.9025548], [85.5692874, 19.9030224], [85.5695744, 19.9034944], [85.5697773, 19.9037762], [85.5699191, 19.903949], [85.5699072, 19.9041651], [85.5699019, 19.9042606], [85.5698476, 19.9044545], [85.5694933, 19.9045645], [85.5690806, 19.904778], [85.5686907, 19.9051227], [85.5683197, 19.9054856], [85.568114, 19.90566], [85.5679395, 19.9058078], [85.5673295, 19.9061823], [85.5668115, 19.9064266], [85.5663982, 19.9067124], [85.5658643, 19.9071237], [85.5655133, 19.9073874], [85.5653171, 19.907431], [85.5634013, 19.9075014], [85.5631002, 19.9075395], [85.5625928, 19.9076529], [85.561736, 19.9078719], [85.5609074, 19.9081363], [85.560916, 19.9082493], [85.5608862, 19.9088994], [85.5609217, 19.9091978], [85.561146, 19.9097416], [85.561285, 19.9101525], [85.5612855, 19.9101539], [85.5613289, 19.9103174], [85.5614333, 19.9107108], [85.5616012, 19.9111685], [85.5619019, 19.9117084], [85.5622698, 19.9122262], [85.5627115, 19.9130294], [85.5629803, 19.9134021], [85.5634368, 19.91416], [85.5637387, 19.9145781], [85.5638337, 19.9146241], [85.5647066, 19.9142336], [85.5652498, 19.9148975], [85.5657888, 19.9155162], [85.5661427, 19.9159798], [85.5664173, 19.9162621], [85.5665171, 19.9163036], [85.5666271, 19.9162999], [85.5673779, 19.9161885], [85.5679185, 19.9160845], [85.567956, 19.9161751], [85.5681651, 19.9168228], [85.5681264, 19.9168812], [85.5678818, 19.9169922], [85.5674936, 19.9171245], [85.5674249, 19.9171445], [85.5671298, 19.91723], [85.5668385, 19.9173119], [85.5667992, 19.9173231], [85.5667705, 19.917331], [85.5662434, 19.9175346], [85.5654188, 19.9178848], [85.5645015, 19.918433], [85.5633632, 19.9191285], [85.5626409, 19.9187205], [85.5613773, 19.9179605], [85.5609029, 19.9176134], [85.5601218, 19.9178963], [85.5589858, 19.9183297], [85.5577301, 19.9188028], [85.5571644, 19.9190512], [85.5568468, 19.9193061], [85.5564763, 19.9195063], [85.5564677, 19.9195108], [85.5557005, 19.9198389], [85.5551213, 19.9199697], [85.5538002, 19.9202752], [85.550576, 19.9213421], [85.5472561, 19.9224443], [85.5450436, 19.9230676], [85.5445595, 19.9232534], [85.5435061, 19.9235261], [85.543104, 19.92363], [85.5426675, 19.9238297], [85.5421163, 19.9240464], [85.5411203, 19.9243274], [85.5404452, 19.9245071], [85.5403054, 19.9246415], [85.5394906, 19.924951], [85.5382965, 19.9254742], [85.5376297, 19.9257849], [85.5361775, 19.926315], [85.5348323, 19.9266472], [85.532027, 19.9273287], [85.5307821, 19.9276438], [85.5311916, 19.9293456], [85.5313174, 19.9296854], [85.5314723, 19.9304998], [85.5317278, 19.9313871], [85.5318609, 19.9318493], [85.531892, 19.9319607], [85.5319164, 19.9320483], [85.5322221, 19.9330988], [85.532528, 19.9341133], [85.5327826, 19.9349827], [85.5331255, 19.9361194], [85.5332811, 19.936866], [85.5337168, 19.9383106], [85.5339178, 19.938782], [85.5337451, 19.9389358], [85.5335759, 19.9390864], [85.5328636, 19.9396497], [85.5328391, 19.9396788], [85.5315984, 19.9411435], [85.5312565, 19.9414297], [85.5307598, 19.9419496], [85.529822, 19.9426195], [85.5288078, 19.9432734], [85.5285005, 19.9434713], [85.5273313, 19.9438501], [85.5266848, 19.9440344], [85.5263363, 19.9429881], [85.526161, 19.9423136], [85.5255121, 19.9406728], [85.5250981, 19.9394814], [85.5248145, 19.9386479], [85.5245646, 19.9382845], [85.524545, 19.9382534], [85.5242634, 19.9378081], [85.5242258, 19.9377486], [85.5239064, 19.9372396], [85.5238868, 19.9372083], [85.5234409, 19.9363689], [85.5232159, 19.9358972], [85.5223252, 19.934092], [85.5214986, 19.9325718], [85.5204467, 19.9306342], [85.5181741, 19.9300145], [85.5172117, 19.9297535], [85.5162445, 19.9294833], [85.5149546, 19.9290074], [85.5145599, 19.9288144], [85.5135373, 19.9283405], [85.5126293, 19.9278857], [85.5112976, 19.9272828], [85.5105558, 19.9269288], [85.5098148, 19.9269903], [85.5091208, 19.927138], [85.5085324, 19.927228], [85.5074749, 19.927436], [85.5073749, 19.9274705], [85.5072833, 19.9275023], [85.5073086, 19.9283698], [85.5074094, 19.9293194], [85.5073857, 19.9298113], [85.5072982, 19.9299912], [85.5071105, 19.9301341], [85.5067023, 19.9303702], [85.5056905, 19.930791], [85.5059238, 19.9313758], [85.5063729, 19.9323733], [85.5066166, 19.9323754], [85.5071287, 19.9322668], [85.5074546, 19.9321521], [85.5075701, 19.9325595], [85.5075673, 19.9328616], [85.5075644, 19.9331645], [85.5075949, 19.9334805], [85.5076124, 19.9336622], [85.5078648, 19.9342515], [85.5081231, 19.9347189], [85.5084465, 19.9353721], [85.5087063, 19.9357176], [85.5088439, 19.9357818], [85.5090297, 19.935842], [85.5090853, 19.9360097], [85.50918, 19.9361143], [85.5096416, 19.9362898], [85.5098036, 19.9363363], [85.5102785, 19.9361145], [85.5123149, 19.9354404], [85.5136207, 19.9362915], [85.5162222, 19.9380163], [85.5171948, 19.938711], [85.5172988, 19.9388066], [85.517408, 19.938907], [85.5178306, 19.9396831], [85.5183286, 19.9405814], [85.5186717, 19.9411717], [85.5174199, 19.9417304], [85.5168684, 19.9419607], [85.515775, 19.9424258], [85.5135878, 19.9433787], [85.5127563, 19.9437055], [85.5125856, 19.9437724], [85.5098696, 19.9445717], [85.5095106, 19.9446638], [85.5095439, 19.9448253], [85.5095516, 19.9448629], [85.5096422, 19.9448908], [85.5097946, 19.9449419], [85.5098657, 19.9449966], [85.5099254, 19.9451164], [85.5099266, 19.9451189], [85.5100446, 19.9452691], [85.5100457, 19.9452861], [85.5100487, 19.9453367], [85.5083189, 19.9459093], [85.5078203, 19.9460949], [85.5067993, 19.9464747], [85.5065633, 19.9456598], [85.5063483, 19.9456762], [85.5065425, 19.946342], [85.5067344, 19.9472783], [85.5066284, 19.9473813], [85.5064171, 19.9474924], [85.5061921, 19.9475493], [85.505899, 19.9477274], [85.5055527, 19.9479775], [85.5052068, 19.947672], [85.5044017, 19.9469288], [85.5037493, 19.946219], [85.5061752, 19.9452771], [85.5060824, 19.9449781], [85.5058865, 19.9449945], [85.5057221, 19.9446995], [85.5045612, 19.9452003], [85.5041489, 19.9453684], [85.5035978, 19.9455535], [85.5034316, 19.9456171], [85.5030897, 19.9457479], [85.5027837, 19.9457679], [85.5025884, 19.9457075], [85.5021657, 19.9454555], [85.5016337, 19.9451303], [85.501175, 19.9446386], [85.500997, 19.9447636], [85.5004814, 19.9452335], [85.5004812, 19.9452341], [85.4989522, 19.9463005], [85.5001087, 19.9472814], [85.5002369, 19.9473639], [85.5010213, 19.9472531], [85.5014967, 19.9469906], [85.5019473, 19.9468318], [85.5033334, 19.9462426], [85.5036959, 19.946792], [85.5025433, 19.9474598], [85.501699, 19.9478277], [85.502125, 19.9482426], [85.5023476, 19.9484478], [85.5031155, 19.9490775], [85.5028095, 19.9496213], [85.5027363, 19.9497742], [85.5027209, 19.9499007], [85.5027848, 19.9502041], [85.5028366, 19.9502948], [85.5029798, 19.9503052], [85.5033337, 19.9502629], [85.5038204, 19.9503123], [85.5043167, 19.9503751], [85.5046598, 19.9504638], [85.5047736, 19.950564], [85.5048207, 19.9506187], [85.5047012, 19.9511551], [85.5047865, 19.9512057], [85.5051794, 19.951096], [85.5052604, 19.9511193], [85.5053122, 19.9511965], [85.5053829, 19.9513056], [85.5054039, 19.9513862], [85.505475, 19.9516587], [85.5057476, 19.952632], [85.5057802, 19.9527225], [85.505947, 19.9527736], [85.5060745, 19.9527747], [85.506095, 19.9527748], [85.5068182, 19.9525912], [85.5073358, 19.9524194], [85.5074929, 19.9524748], [85.5076308, 19.9525303], [85.5078671, 19.9528033], [85.5083282, 19.9530601], [85.508538, 19.9530935], [85.5087866, 19.9530775], [85.5091798, 19.9529273], [85.5096217, 19.9526735], [85.5103226, 19.9522999], [85.5104611, 19.9523101], [85.5106172, 19.9524741], [85.5107356, 19.9525835], [85.5108762, 19.9528646], [85.5110443, 19.9532772], [85.5111839, 19.9536805], [85.5112975, 19.95379], [85.5113052, 19.9538198], [85.511362, 19.954039], [85.5117494, 19.9560298], [85.5117868, 19.9561927], [85.5118045, 19.9562695], [85.5120565, 19.9563892], [85.5121404, 19.9565772], [85.5121454, 19.9565886], [85.5122783, 19.9577008], [85.5123623, 19.9588096], [85.5123889, 19.9591611], [85.5126173, 19.9600722], [85.5126975, 19.9603922], [85.5137098, 19.9604324], [85.5138475, 19.960533], [85.5139456, 19.9607778], [85.5142541, 19.9614893], [85.5141125, 19.9618313], [85.5140811, 19.9621248], [85.5141514, 19.9622656], [85.5143656, 19.9623487], [85.5144348, 19.9626278], [85.5146833, 19.9636298], [85.515023, 19.9656112], [85.5153851, 19.966739], [85.5156359, 19.966994], [85.5156767, 19.9672248], [85.5156971, 19.9675995], [85.5146498, 19.9677082], [85.5145854, 19.9684575], [85.5146164, 19.9687152], [85.5145981, 19.9701607], [85.5146404, 19.970247], [85.5154665, 19.9702856], [85.5180035, 19.9702798], [85.5181299, 19.9710849], [85.5181878, 19.9715142], [85.5181198, 19.9716536], [85.5170161, 19.9721684], [85.516985, 19.9729226], [85.5169929, 19.9741333], [85.5199173, 19.9740946], [85.520572, 19.9740866], [85.5207387, 19.9741286], [85.5208282, 19.9742784], [85.5210269, 19.9744878], [85.5212083, 19.9745029], [85.5215332, 19.9745012], [85.5218141, 19.9746074], [85.5218843, 19.974757], [85.5218968, 19.9749693], [85.5218864, 19.9750549], [85.5216552, 19.9752472], [85.5208285, 19.975778], [85.521089, 19.9765437], [85.5223921, 19.9766675], [85.5228025, 19.9767206], [85.5242981, 19.976715], [85.5254176, 19.9765481], [85.5270062, 19.9762948], [85.5267644, 19.9771282], [85.5266417, 19.9776157], [85.5266305, 19.9776601], [85.526336, 19.9785116], [85.5291923, 19.9775778], [85.5295189, 19.9773999], [85.5297969, 19.9773028], [85.5300703, 19.9772011], [85.5306454, 19.9770072], [85.5307463, 19.9769446], [85.5307338, 19.9758029], [85.5307312, 19.9755585], [85.5307256, 19.975047], [85.5307, 19.9747036], [85.5300747, 19.9736097], [85.5298171, 19.9730519], [85.5294673, 19.9726425], [85.5284669, 19.97183], [85.5281067, 19.9715382], [85.529057, 19.9710628], [85.5299727, 19.9707135], [85.5306289, 19.9705248], [85.5307059, 19.9704664], [85.5307065, 19.9704032], [85.5306552, 19.9702673], [85.5306535, 19.9702624], [85.5304832, 19.9697599], [85.5304613, 19.969534], [85.5305359, 19.9692276], [85.5305909, 19.968966], [85.5305774, 19.9688709], [85.530564, 19.9687758], [85.5304861, 19.9684138], [85.5304265, 19.9681288], [85.5304631, 19.967795], [85.5306052, 19.9674168], [85.5307318, 19.9671603], [85.5309716, 19.9670539], [85.5314318, 19.9668906], [85.532022, 19.9666064], [85.5328005, 19.9661294], [85.5330356, 19.966014], [85.5335874, 19.9657655], [85.5342363, 19.9653462], [85.5345473, 19.9652946], [85.5347675, 19.9652466], [85.534604, 19.9648431], [85.5342342, 19.9640178], [85.5341366, 19.963728], [85.5340149, 19.9634514], [85.5339179, 19.9630846], [85.533856, 19.9625512], [85.533762, 19.9623833], [85.533611, 19.9622315], [85.5334448, 19.9620644], [85.5327445, 19.9613359], [85.5327263, 19.9612409], [85.5327342, 19.9611511], [85.532753, 19.9609384], [85.5327559, 19.9608496], [85.5327595, 19.9607443], [85.5325054, 19.9603311], [85.5322685, 19.9601123], [85.5319899, 19.9597667], [85.5318291, 19.9595847], [85.5317736, 19.9593763], [85.5316875, 19.9588788], [85.5316841, 19.958823], [85.5316792, 19.9587433], [85.5316801, 19.9587415], [85.5317036, 19.9586937], [85.5317901, 19.9586357], [85.5319815, 19.9586012], [85.532306, 19.9586399], [85.5326686, 19.9586927], [85.5329986, 19.9586549], [85.534841, 19.9583176], [85.5355873, 19.9581974], [85.537221, 19.9577139], [85.5373162, 19.9577464], [85.5374397, 19.9578331], [85.5376066, 19.9578661], [85.5379033, 19.9578053], [85.538268, 19.9576322], [85.5386704, 19.9575], [85.538818, 19.9575554], [85.5389173, 19.9576737], [85.5390837, 19.9577608], [85.539303, 19.9578078], [85.539622, 19.9579233], [85.539884, 19.9580069], [85.5402038, 19.9580365], [85.5404806, 19.9580795], [85.5407697, 19.958136], [85.5407952, 19.9581408], [85.5410388, 19.9581478], [85.5414496, 19.9581598], [85.5421042, 19.9581426], [85.5423297, 19.9580405], [85.5430385, 19.957861], [85.5432594, 19.957741], [85.5434803, 19.9576027], [85.5437196, 19.9575686], [85.5438348, 19.9575108], [85.5441371, 19.9573642], [85.5447313, 19.9571703], [85.5448365, 19.9571576], [85.5450033, 19.9571905], [85.5452036, 19.9572284], [85.545366, 19.9572297], [85.5454761, 19.957208], [85.5456728, 19.9571283], [85.5459603, 19.9570358], [85.5462282, 19.9569974], [85.5464194, 19.9569809], [85.5465292, 19.9569908], [85.5467247, 19.9570376], [85.5468296, 19.957052], [85.5469872, 19.9570488], [85.5470639, 19.9570222], [85.5473799, 19.9569616], [85.5474515, 19.9569577], [85.5475753, 19.9569994], [85.5477654, 19.9571184], [85.5478221, 19.9571776], [85.5478645, 19.9572548], [85.5478971, 19.9573318], [85.5479827, 19.9573867], [85.5481779, 19.9574514], [85.5482632, 19.9575426], [85.5483661, 19.9579506], [85.5484014, 19.9580904], [85.5484576, 19.9582085], [85.5485477, 19.9582951], [85.5486185, 19.9583768], [85.5488567, 19.9602929], [85.5490502, 19.9618497], [85.5494373, 19.9618394], [85.5497327, 19.9619186], [85.5498374, 19.96196], [85.5498978, 19.9621502], [85.5500086, 19.9625848], [85.5500462, 19.9626574], [85.5501177, 19.9626715], [85.5503659, 19.9626872], [85.5504802, 19.9627332], [85.5506268, 19.962906], [85.5507555, 19.9629342], [85.5509136, 19.9628994], [85.5512775, 19.9627984], [85.5517658, 19.962694], [85.5520946, 19.9627781], [85.5523283, 19.9628206], [85.5524633, 19.9626953], [85.5525274, 19.9624742], [85.5525017, 19.9616157], [85.5523725, 19.9611086], [85.5520953, 19.9606094], [85.5520069, 19.960347], [85.5519576, 19.9600173], [85.5519034, 19.9596547], [85.5514427, 19.9583186], [85.5511198, 19.9575749], [85.5511107, 19.9574974], [85.5510976, 19.9573854], [85.5511143, 19.9565903], [85.55106, 19.9559776], [85.5509368, 19.9545879], [85.550913, 19.9544073], [85.5508921, 19.9542485], [85.5504438, 19.9526098], [85.5509124, 19.9525413], [85.5518257, 19.9524629], [85.5524092, 19.9523909], [85.5528836, 19.9522277], [85.553468, 19.9520517], [85.5540509, 19.9520474], [85.5546576, 19.9520478], [85.5550919, 19.9520921], [85.5562452, 19.9518711], [85.5566411, 19.9519421], [85.5569945, 19.951963], [85.5572485, 19.9518701], [85.5576984, 19.9517699], [85.5581619, 19.9517511], [85.5583677, 19.9517087], [85.5586693, 19.9516465], [85.5593122, 19.9518731], [85.5600605, 19.9520734], [85.5602108, 19.9521111], [85.5608421, 19.9522695], [85.5616247, 19.9523707], [85.5619605, 19.9527483], [85.5621393, 19.9530389], [85.5623699, 19.9534247], [85.5626727, 19.9537479], [85.5630813, 19.9539906], [85.5634803, 19.9542603], [85.5639728, 19.9547296], [85.5640857, 19.9549383], [85.5643032, 19.9554024], [85.5643152, 19.955428], [85.5644512, 19.9557274], [85.5644622, 19.9560887], [85.5645088, 19.9563913], [85.564548, 19.9566451], [85.5643719, 19.9571], [85.5643692, 19.9573935], [85.5644286, 19.9576967], [85.564411, 19.9579218], [85.5644014, 19.9580444], [85.5643939, 19.958356], [85.5644831, 19.9585375], [85.5645371, 19.9587358], [85.564557, 19.9588089], [85.564488, 19.9590342], [85.5643853, 19.9593046], [85.5643924, 19.9595714], [85.5644579, 19.9597298], [85.5644743, 19.9600234], [85.5644602, 19.9601322], [85.5644538, 19.9601816], [85.5644703, 19.9604708], [85.5645893, 19.96105], [85.5646141, 19.9614791], [85.5645622, 19.9619349], [85.5644785, 19.9622099], [85.564505, 19.9623718], [85.5645237, 19.9624858], [85.5646358, 19.9627761], [85.5647146, 19.9630341], [85.564727, 19.9631962], [85.5647659, 19.9637073], [85.5647387, 19.964073], [85.564679, 19.9643436], [85.5646572, 19.9646325], [85.5642526, 19.9655283], [85.5642029, 19.965731], [85.5642176, 19.9658128], [85.5642347, 19.9659077], [85.5642697, 19.966274], [85.564284, 19.9668068], [85.5642197, 19.9670366], [85.5640023, 19.9673104], [85.563929, 19.967495], [85.5639368, 19.9676541], [85.5639491, 19.9679066], [85.5641693, 19.9683962], [85.5643341, 19.9686641], [85.5646412, 19.969037], [85.5648716, 19.9694544], [85.5650356, 19.9698126], [85.5651709, 19.970166], [85.5652108, 19.9704538], [85.5652516, 19.9707494], [85.5653584, 19.9710891], [85.5654568, 19.9713112], [85.5659114, 19.9717621], [85.5661249, 19.971931], [85.5662146, 19.9720582], [85.566256, 19.972156], [85.5662893, 19.9722348], [85.5663082, 19.9722939], [85.5663543, 19.9724385], [85.5659128, 19.9726517], [85.5656959, 19.9727696], [85.5656584, 19.9727897], [85.5655816, 19.9728342], [85.5654911, 19.9728019], [85.5653924, 19.9726159], [85.565332, 19.9724347], [85.5652111, 19.9720633], [85.56508, 19.9717642], [85.5650727, 19.9717272], [85.565048, 19.9716012], [85.5649734, 19.9713929], [85.5648741, 19.9712791], [85.5647089, 19.9710654], [85.5646189, 19.9709834], [85.5641144, 19.9712956], [85.5636823, 19.9715089], [85.5629722, 19.9718555], [85.5628616, 19.9719314], [85.5625288, 19.9712105], [85.5616432, 19.9714156], [85.5603817, 19.9719384], [85.5601853, 19.9720046], [85.560128, 19.9719951], [85.5599567, 19.9719214], [85.5594001, 19.9721788], [85.5587959, 19.9724134], [85.5583642, 19.9725996], [85.5581046, 19.9727917], [85.5574806, 19.9731074], [85.5569046, 19.9734008], [85.5564632, 19.973596], [85.5561031, 19.9737783], [85.5559927, 19.9738406], [85.5553182, 19.97393], [85.5549594, 19.9739859], [85.554974, 19.9744784], [85.5549966, 19.9746543], [85.555032, 19.9749306], [85.5552044, 19.9754111], [85.5554145, 19.9754218], [85.5560021, 19.9754402], [85.5563599, 19.9754836], [85.5562985, 19.9759483], [85.5563359, 19.9760255], [85.5565116, 19.976149], [85.5565195, 19.9763204], [85.556366, 19.9764049], [85.5560357, 19.9764655], [85.5558291, 19.9765904], [85.5557755, 19.9766983], [85.5557863, 19.9767434], [85.5558124, 19.9768524], [85.5558924, 19.9769841], [85.5561969, 19.9771356], [85.5565671, 19.9774007], [85.5566326, 19.97755], [85.5566335, 19.9779746], [85.5566398, 19.9780124], [85.5566607, 19.9781378], [85.5567507, 19.9782334], [85.5570796, 19.9783173], [85.557171, 19.9782504], [85.5573359, 19.9779942], [85.5573884, 19.97799], [85.5580657, 19.978646], [85.5588321, 19.9795571], [85.55903, 19.9797922], [85.559813, 19.9809053], [85.5599452, 19.9810826], [85.5600596, 19.9811107], [85.5602177, 19.9810532], [85.5609563, 19.980752], [85.5612397, 19.9805917], [85.5614711, 19.9803677], [85.561755, 19.9801623], [85.5620189, 19.9800243], [85.5621098, 19.9800206], [85.5622949, 19.9801531], [85.5624869, 19.9800732], [85.5628222, 19.9799629], [85.562819, 19.9797912], [85.5627821, 19.9796555], [85.5636705, 19.9791387], [85.5639399, 19.9789512], [85.5642757, 19.9787959], [85.5644284, 19.9788152], [85.5645465, 19.9789787], [85.5647272, 19.9790705], [85.5648709, 19.9790356], [85.5651207, 19.9788793], [85.5651238, 19.9785405], [85.5654548, 19.9783985], [85.565747, 19.9783015], [85.5660037, 19.9782384], [85.5661206, 19.9782097], [85.5663025, 19.978166], [85.56635, 19.9782115], [85.5664955, 19.9785017], [85.56673, 19.9789871], [85.566862, 19.9791778], [85.5668678, 19.9791834], [85.5670847, 19.9793919], [85.5675575, 19.9799333], [85.5683426, 19.9813715], [85.5683843, 19.9814481], [85.5686152, 19.9818709], [85.568599, 19.9820648], [85.5685353, 19.9822541], [85.5683863, 19.9823477], [85.5680992, 19.9823906], [85.5678837, 19.982434], [85.5677157, 19.9825275], [85.5676431, 19.9826355], [85.567642, 19.9827433], [85.567642, 19.9827438], [85.5676541, 19.9828009], [85.567665, 19.9828525], [85.5677299, 19.9830743], [85.5678752, 19.9833737], [85.5676629, 19.9836067], [85.567426, 19.983912], [85.5672514, 19.9842042], [85.5669507, 19.9846851], [85.5666461, 19.9850936], [85.5664632, 19.9852368], [85.5663187, 19.9853711], [85.5662075, 19.9854967], [85.5661017, 19.9855817], [85.5659865, 19.9856484], [85.5657661, 19.9857009], [85.5654552, 19.9857435], [85.5652206, 19.9857914], [85.5648516, 19.985915], [85.564531, 19.9859619], [85.5639951, 19.9860437], [85.5644207, 19.987059], [85.5645149, 19.9872179], [85.5646761, 19.9873412], [85.5653761, 19.9876225], [85.5657224, 19.9879008], [85.5658403, 19.9880688], [85.5659795, 19.9885173], [85.5665156, 19.9894747], [85.567023, 19.9904227], [85.5668983, 19.9904894], [85.5663708, 19.9907019], [85.565771, 19.9909591], [85.5652489, 19.9910993], [85.5646699, 19.9911986], [85.5635398, 19.991465], [85.56228, 19.9918074], [85.5623213, 19.991979], [85.562043, 19.992108], [85.5620848, 19.9922395], [85.5622565, 19.9928146], [85.5623672, 19.9931611], [85.5625212, 19.9936434], [85.5627581, 19.9944087], [85.5629175, 19.9949242], [85.5629344, 19.994979], [85.5629387, 19.9950288], [85.5628808, 19.9951051], [85.5627367, 19.9951807], [85.5625158, 19.9952964], [85.5621273, 19.9954469], [85.5619402, 19.9955447], [85.5619058, 19.9956485], [85.5619561, 19.995902], [85.5620093, 19.996246], [85.5620463, 19.9964852], [85.5622093, 19.9969565], [85.5623543, 19.9973011], [85.5624393, 19.9974146], [85.562587, 19.9974656], [85.562854, 19.9975309], [85.5629347, 19.9975903], [85.5629902, 19.9977847], [85.5629942, 19.9978037], [85.5630406, 19.9980204], [85.5631592, 19.9986491], [85.5632189, 19.9989206], [85.5632133, 19.9995211], [85.563225, 19.9998194], [85.5633286, 19.9999966], [85.563428, 20.0001013], [85.5636229, 20.0002023], [85.5640516, 20.0003595], [85.5641877, 20.0005163], [85.5641935, 20.0005229], [85.5644636, 20.0007735], [85.564544, 20.0008735], [85.5656692, 20.0012962], [85.5662156, 20.0015014], [85.566366, 20.0017783], [85.5661056, 20.0020426], [85.5656288, 20.0024499], [85.565628, 20.0030555], [85.56602, 20.0035779], [85.5668388, 20.003799], [85.5670211, 20.0038481], [85.5674042, 20.0037519], [85.5674755, 20.0033651], [85.5675249, 20.0030975], [85.5674552, 20.0012991], [85.5672009, 20.000877], [85.5671399, 20.0007545], [85.5669409, 20.0005678], [85.5678464, 20.0003086], [85.5682871, 20.0001856], [85.5682984, 20.0000005], [85.5682996, 19.9998718], [85.5683003, 19.9997927], [85.5682459, 19.9996716], [85.5681128, 19.9993756], [85.5679916, 19.9992958], [85.5678278, 19.9991881], [85.5675768, 19.9993014], [85.5672184, 19.9994632], [85.5667243, 19.9996851], [85.5666633, 19.9995671], [85.5666518, 19.9995422], [85.566482, 19.9991707], [85.5664663, 19.9991364], [85.5664869, 19.998992], [85.5666714, 19.9986548], [85.5666918, 19.9986274], [85.5668215, 19.9984527], [85.5670294, 19.9981744], [85.5671846, 19.9979638], [85.5672182, 19.9979183], [85.5673047, 19.9978558], [85.5674584, 19.9977859], [85.5675783, 19.9977315], [85.5678132, 19.9976295], [85.5679861, 19.997557], [85.56813, 19.9974965], [85.5682783, 19.9974706], [85.5684985, 19.9974318], [85.5687999, 19.99738], [85.5689912, 19.997368], [85.5692112, 19.9973472], [85.5693971, 19.9974074], [85.5694634, 19.9974621], [85.56962, 19.9975899], [85.5697194, 19.9976901], [85.5699037, 19.9979174], [85.5699503, 19.9980532], [85.5699958, 19.9981702], [85.5700578, 19.9983296], [85.5701415, 19.9985789], [85.5701926, 19.9987328], [85.5703006, 19.9989506], [85.5703803, 19.9991229], [85.5703864, 19.9991467], [85.5703988, 19.9991953], [85.5704076, 19.9992631], [85.5703826, 19.9993848], [85.5703101, 19.9994746], [85.5702403, 19.999508], [85.5701615, 19.9995457], [85.5699553, 19.9996208], [85.5699639, 19.9997293], [85.5700088, 19.9998383], [85.5700199, 19.9998653], [85.5700625, 19.9999198], [85.5701238, 20.0000062], [85.5701664, 20.0000562], [85.5702843, 20.0002289], [85.5702768, 20.0005224], [85.5702669, 20.0007228], [85.5702594, 20.0008746], [85.5702296, 20.0012318], [85.5702165, 20.0013891], [85.5705453, 20.0021022], [85.5710695, 20.0032391], [85.5712277, 20.0037192], [85.5716325, 20.0057], [85.5717585, 20.0063165], [85.5719155, 20.006932], [85.5716894, 20.0072112], [85.5715336, 20.0074033], [85.5711439, 20.0076983], [85.5707542, 20.0079932], [85.5699601, 20.0080862], [85.5690097, 20.0074869], [85.5684616, 20.0073197], [85.5679188, 20.0076663], [85.5673368, 20.0080379], [85.5672208, 20.008177], [85.5662321, 20.008648], [85.5651744, 20.0094584], [85.5632795, 20.0099423], [85.5628502, 20.010044], [85.5610505, 20.0104704], [85.5596331, 20.0111268], [85.5590171, 20.0116582], [85.5585016, 20.0121858], [85.5576947, 20.0129784], [85.5569754, 20.0134826], [85.5562583, 20.0139851], [85.5542848, 20.0154464], [85.5530311, 20.0160015], [85.5521951, 20.0160962], [85.5512019, 20.0164508], [85.5502903, 20.0171521], [85.5493787, 20.0178532], [85.548258, 20.0183715], [85.5460366, 20.0190896], [85.5439514, 20.0194895], [85.54357, 20.0195627], [85.5417445, 20.0201072], [85.5398848, 20.0208015], [85.5390976, 20.0210953], [85.5368868, 20.0220671], [85.5352397, 20.022859], [85.5333321, 20.0238512], [85.5323037, 20.0244269], [85.5316614, 20.0247864], [85.529296, 20.0260815], [85.5276447, 20.0267783], [85.5268395, 20.0268082], [85.526212, 20.0262594], [85.5258829, 20.0248101], [85.5250541, 20.0242691], [85.5242488, 20.0242989], [85.5234962, 20.0249249], [85.5232095, 20.0251635], [85.5223634, 20.0258303], [85.5197781, 20.0266885], [85.5187575, 20.0271266], [85.5179953, 20.0274536], [85.515931, 20.0279113], [85.5141114, 20.027788], [85.5117785, 20.0282556], [85.5110309, 20.0285961], [85.5093829, 20.029511], [85.5080872, 20.0316652], [85.5069435, 20.0331308], [85.5056466, 20.0338048], [85.5045997, 20.0346974], [85.5036894, 20.0359835], [85.5029267, 20.0364671], [85.5027492, 20.0364648], [85.501782, 20.0364524], [85.4999228, 20.0366349], [85.4983995, 20.0376589], [85.4964224, 20.0379026], [85.493342, 20.0376746], [85.4908562, 20.0381942]]]}}]}